PatientID,CenterID,Gender,Tobacco,Alcohol,Performance status,Surgery,Chemotherapy,Age,Weight,Outcome,PT_GTVp_original_SUV_10Percentile,PT_GTVp_original_SUV_90Percentile,PT_GTVp_original_SUV_Energy,PT_GTVp_original_SUV_Entropy,PT_GTVp_original_SUV_InterquartileRange,PT_GTVp_original_SUV_Kurtosis,PT_GTVp_original_SUV_MTV,PT_GTVp_original_SUV_Maximum,PT_GTVp_original_SUV_Mean,PT_GTVp_original_SUV_MeanAbsoluteDeviation,PT_GTVp_original_SUV_Median,PT_GTVp_original_SUV_Minimum,PT_GTVp_original_SUV_Range,PT_GTVp_original_SUV_RobustMeanAbsoluteDeviation,PT_GTVp_original_SUV_RootMeanSquared,PT_GTVp_original_SUV_SUVpeak,PT_GTVp_original_SUV_Skewness,PT_GTVp_original_SUV_TLG,PT_GTVp_original_SUV_TotalEnergy,PT_GTVp_original_SUV_Uniformity,PT_GTVp_original_SUV_Variance,PT_GTVp_original_glcm_Autocorrelation,PT_GTVp_original_glcm_ClusterProminence,PT_GTVp_original_glcm_ClusterShade,PT_GTVp_original_glcm_ClusterTendency,PT_GTVp_original_glcm_Contrast,PT_GTVp_original_glcm_Correlation,PT_GTVp_original_glcm_DifferenceAverage,PT_GTVp_original_glcm_DifferenceEntropy,PT_GTVp_original_glcm_DifferenceVariance,PT_GTVp_original_glcm_Id,PT_GTVp_original_glcm_Idm,PT_GTVp_original_glcm_Idmn,PT_GTVp_original_glcm_Idn,PT_GTVp_original_glcm_Imc1,PT_GTVp_original_glcm_Imc2,PT_GTVp_original_glcm_InverseVariance,PT_GTVp_original_glcm_JointAverage,PT_GTVp_original_glcm_JointEnergy,PT_GTVp_original_glcm_JointEntropy,PT_GTVp_original_glcm_MCC,PT_GTVp_original_glcm_MaximumProbability,PT_GTVp_original_glcm_SumAverage,PT_GTVp_original_glcm_SumEntropy,PT_GTVp_original_glcm_SumSquares,PT_GTVp_original_glrlm_GrayLevelNonUniformity,PT_GTVp_original_glrlm_GrayLevelNonUniformityNormalized,PT_GTVp_original_glrlm_GrayLevelVariance,PT_GTVp_original_glrlm_HighGrayLevelRunEmphasis,PT_GTVp_original_glrlm_LongRunEmphasis,PT_GTVp_original_glrlm_LongRunHighGrayLevelEmphasis,PT_GTVp_original_glrlm_LongRunLowGrayLevelEmphasis,PT_GTVp_original_glrlm_LowGrayLevelRunEmphasis,PT_GTVp_original_glrlm_RunEntropy,PT_GTVp_original_glrlm_RunLengthNonUniformity,PT_GTVp_original_glrlm_RunLengthNonUniformityNormalized,PT_GTVp_original_glrlm_RunPercentage,PT_GTVp_original_glrlm_RunVariance,PT_GTVp_original_glrlm_ShortRunEmphasis,PT_GTVp_original_glrlm_ShortRunHighGrayLevelEmphasis,PT_GTVp_original_glrlm_ShortRunLowGrayLevelEmphasis,PT_GTVp_original_glszm_GrayLevelNonUniformity,PT_GTVp_original_glszm_GrayLevelNonUniformityNormalized,PT_GTVp_original_glszm_GrayLevelVariance,PT_GTVp_original_glszm_HighGrayLevelZoneEmphasis,PT_GTVp_original_glszm_LargeAreaEmphasis,PT_GTVp_original_glszm_LargeAreaHighGrayLevelEmphasis,PT_GTVp_original_glszm_LargeAreaLowGrayLevelEmphasis,PT_GTVp_original_glszm_LowGrayLevelZoneEmphasis,PT_GTVp_original_glszm_SizeZoneNonUniformity,PT_GTVp_original_glszm_SizeZoneNonUniformityNormalized,PT_GTVp_original_glszm_SmallAreaEmphasis,PT_GTVp_original_glszm_SmallAreaHighGrayLevelEmphasis,PT_GTVp_original_glszm_SmallAreaLowGrayLevelEmphasis,PT_GTVp_original_glszm_ZoneEntropy,PT_GTVp_original_glszm_ZonePercentage,PT_GTVp_original_glszm_ZoneVariance,PT_GTVp_original_shape_Elongation,PT_GTVp_original_shape_Flatness,PT_GTVp_original_shape_LeastAxisLength,PT_GTVp_original_shape_MajorAxisLength,PT_GTVp_original_shape_Maximum2DDiameterColumn,PT_GTVp_original_shape_Maximum2DDiameterRow,PT_GTVp_original_shape_Maximum2DDiameterSlice,PT_GTVp_original_shape_Maximum3DDiameter,PT_GTVp_original_shape_MeshVolume,PT_GTVp_original_shape_MinorAxisLength,PT_GTVp_original_shape_Sphericity,PT_GTVp_original_shape_SurfaceArea,PT_GTVp_original_shape_SurfaceVolumeRatio,PT_GTVp_original_shape_VoxelVolume,CT_GTVp_original_intensity_10Percentile,CT_GTVp_original_intensity_90Percentile,CT_GTVp_original_intensity_Energy,CT_GTVp_original_intensity_Entropy,CT_GTVp_original_intensity_InterquartileRange,CT_GTVp_original_intensity_Kurtosis,CT_GTVp_original_intensity_Maximum,CT_GTVp_original_intensity_Mean,CT_GTVp_original_intensity_MeanAbsoluteDeviation,CT_GTVp_original_intensity_Median,CT_GTVp_original_intensity_Minimum,CT_GTVp_original_intensity_Range,CT_GTVp_original_intensity_RobustMeanAbsoluteDeviation,CT_GTVp_original_intensity_RootMeanSquared,CT_GTVp_original_intensity_Skewness,CT_GTVp_original_intensity_TotalEnergy,CT_GTVp_original_intensity_Uniformity,CT_GTVp_original_intensity_Variance,CT_GTVp_original_glcm_Autocorrelation,CT_GTVp_original_glcm_ClusterProminence,CT_GTVp_original_glcm_ClusterShade,CT_GTVp_original_glcm_ClusterTendency,CT_GTVp_original_glcm_Contrast,CT_GTVp_original_glcm_Correlation,CT_GTVp_original_glcm_DifferenceAverage,CT_GTVp_original_glcm_DifferenceEntropy,CT_GTVp_original_glcm_DifferenceVariance,CT_GTVp_original_glcm_Id,CT_GTVp_original_glcm_Idm,CT_GTVp_original_glcm_Idmn,CT_GTVp_original_glcm_Idn,CT_GTVp_original_glcm_Imc1,CT_GTVp_original_glcm_Imc2,CT_GTVp_original_glcm_InverseVariance,CT_GTVp_original_glcm_JointAverage,CT_GTVp_original_glcm_JointEnergy,CT_GTVp_original_glcm_JointEntropy,CT_GTVp_original_glcm_MCC,CT_GTVp_original_glcm_MaximumProbability,CT_GTVp_original_glcm_SumAverage,CT_GTVp_original_glcm_SumEntropy,CT_GTVp_original_glcm_SumSquares,CT_GTVp_original_glrlm_GrayLevelNonUniformity,CT_GTVp_original_glrlm_GrayLevelNonUniformityNormalized,CT_GTVp_original_glrlm_GrayLevelVariance,CT_GTVp_original_glrlm_HighGrayLevelRunEmphasis,CT_GTVp_original_glrlm_LongRunEmphasis,CT_GTVp_original_glrlm_LongRunHighGrayLevelEmphasis,CT_GTVp_original_glrlm_LongRunLowGrayLevelEmphasis,CT_GTVp_original_glrlm_LowGrayLevelRunEmphasis,CT_GTVp_original_glrlm_RunEntropy,CT_GTVp_original_glrlm_RunLengthNonUniformity,CT_GTVp_original_glrlm_RunLengthNonUniformityNormalized,CT_GTVp_original_glrlm_RunPercentage,CT_GTVp_original_glrlm_RunVariance,CT_GTVp_original_glrlm_ShortRunEmphasis,CT_GTVp_original_glrlm_ShortRunHighGrayLevelEmphasis,CT_GTVp_original_glrlm_ShortRunLowGrayLevelEmphasis,CT_GTVp_original_glszm_GrayLevelNonUniformity,CT_GTVp_original_glszm_GrayLevelNonUniformityNormalized,CT_GTVp_original_glszm_GrayLevelVariance,CT_GTVp_original_glszm_HighGrayLevelZoneEmphasis,CT_GTVp_original_glszm_LargeAreaEmphasis,CT_GTVp_original_glszm_LargeAreaHighGrayLevelEmphasis,CT_GTVp_original_glszm_LargeAreaLowGrayLevelEmphasis,CT_GTVp_original_glszm_LowGrayLevelZoneEmphasis,CT_GTVp_original_glszm_SizeZoneNonUniformity,CT_GTVp_original_glszm_SizeZoneNonUniformityNormalized,CT_GTVp_original_glszm_SmallAreaEmphasis,CT_GTVp_original_glszm_SmallAreaHighGrayLevelEmphasis,CT_GTVp_original_glszm_SmallAreaLowGrayLevelEmphasis,CT_GTVp_original_glszm_ZoneEntropy,CT_GTVp_original_glszm_ZonePercentage,CT_GTVp_original_glszm_ZoneVariance,CT_GTVp_original_shape_Elongation,CT_GTVp_original_shape_Flatness,CT_GTVp_original_shape_LeastAxisLength,CT_GTVp_original_shape_MajorAxisLength,CT_GTVp_original_shape_Maximum2DDiameterColumn,CT_GTVp_original_shape_Maximum2DDiameterRow,CT_GTVp_original_shape_Maximum2DDiameterSlice,CT_GTVp_original_shape_Maximum3DDiameter,CT_GTVp_original_shape_MeshVolume,CT_GTVp_original_shape_MinorAxisLength,CT_GTVp_original_shape_Sphericity,CT_GTVp_original_shape_SurfaceArea,CT_GTVp_original_shape_SurfaceVolumeRatio,CT_GTVp_original_shape_VoxelVolume
ID-001,Center-4,M,1.0,1.0,2.0,1.0,1,76,101,1,3.86398236146277,19.592997882076663,3727036.4497822886,4.31991592139179,3.874771151460593,1.79041,27876.17049486084,7.05464664333487,7.895797943796265,0.8359862036591617,7.981550056832037,3.0087188859854264,16.200674794499896,0.6036652953640071,5.675363654836271,5.997139361847054,0.2029645910947375,2087.32,6897077.650301416,0.0348829589684866,17.35117255249754,43.7843,312.508,5412.243963901504,14.697969452391334,49.75309127182925,0.913958834384598,5.774350729572905,2.498026914688153,18.76832932886653,0.4264866362666886,0.1911085829984091,0.992908821552998,0.9388162556210417,-0.3039379620031218,0.9601359824462344,0.2855848566890808,44.36845601708792,0.000347025,8.218237901108758,0.9546042660113286,0.00134553,84.7369220679923,6.127700474545184,330.9554051733005,57.681236408940165,0.0243630371194792,3.51945,345.68250282267786,1.9742897190701223,3779.403891252593,0.0405447315261522,0.0007081161702192,4.9898841956505855,6062.79411674744,0.8772564116647629,0.8042476577338173,0.3373634327336701,0.9278723690795172,2802.101332231977,0.0195765067896507,224.7833535825692,0.00977157,231.74913685060545,58.08089949479319,15428.62768047455,5366885.864733124,0.00123903,0.0241663007924707,804.4669055217151,0.2909809479696248,0.584683915488824,2.66496,0.0094950503865756,6.402111904372784,0.2993432209249994,50256.12592357135,0.85800446212664,0.6053122562020941,11.251439649820128,35.637206430318145,36.23113001628258,42.85538721365821,43.20288090846313,56.46222506845692,32698.32460726272,29.670835768463444,0.467147,7279.143935406144,0.3473352569931999,558.0,51.3066,81.13317452542981,41034082925.135895,1.603623776897464,30.65923241526206,34.023672986105964,66.3085,70.65095401438828,94.27894278379624,50.34204851502624,-510.1304425410306,1645.070982599483,18.77719119654616,1031.400424928226,4.10190972829063,19610633451.29057,0.4255055846933209,31243.50464167739,2871.809196452806,22796.60645158557,-1867.8365703737647,0.664828,11.669503552279457,0.393997949193322,0.8549401046945405,1.651966898968806,4.004555006141719,0.6840512233538724,0.4956389056291664,0.999872,0.96065630388415,-0.211369771950754,0.92645512235261,0.3682945242064327,33.430689664315445,0.0988800815905253,4.538724748166852,0.7169827917373122,0.1121160256070317,10.2048,2.9122570267187258,0.224451,514.9723482977037,0.2701888775474406,31.68555078683547,365.3973676244168,8.867101016654294,7802.947632817231,0.0602441336618279,0.0059923553895283,4.125268368611706,3677.927945873057,0.5804139555502803,0.5521794968574292,0.291681,0.7181027607532109,721.9499150759464,0.0063053657532067,3.90476,0.0994841215461681,228.1776828841003,1531.9723952177535,214.609,1122574013.4885252,0.225683,0.0187730526063789,1052.2875655205416,0.3707642867945029,0.5553376251166032,1138.6153153374316,0.009899967995964,6.806230694895628,0.1019254614958984,630096.8767225002,0.7895292987361273,0.5744365459253823,21.75698198892679,19.92314391014541,47.151476238882246,58.69394896468772,30.97968365675935,31.38955327437455,14115.609745633628,16.149980540215115,0.7530372368620984,10278.256621870967,0.2274447748524462,6997.94059313588
ID-034,Center-4,M,1.0,1.0,0.0,0.0,1,52,62,1,1.998069752259537,14.522784568930271,3390477.3507441,4.883338039806432,5.35343595696755,3.0348810660110628,1953.504413989307,26.925547689838496,16.434628028090668,2.947494261354874,13.98314112492637,3.428200967947088,9.386931983982638,1.351412291003115,10.071884185648525,3.726955142232876,-0.4249158423866628,324497.4149166192,4053878.6415186585,0.0274431013131532,4.567809136132087,43.7843,8399087.004169755,8998.803927732224,2407.2533185118805,17.817452349491752,0.9666828530879475,3.0769881713725784,3.3132972442251853,7.705469636888881,0.5433859955092739,0.4323021485573852,0.9961331906463824,0.9332740734050168,-0.2419592649240424,0.993989,0.3749438639049959,30.36221552208924,0.022988241499688,8.797312813189622,0.9162227197118472,0.0198168910903904,113.20943880185786,5.082947768912623,306.40059326295705,36.2218,0.0446012478126474,329.18469347725033,2429.92123043992,1.3103551925238883,1280.8471675613189,0.0158734746583847,0.000384061,6.291503509603886,277.587,0.915134886161382,0.7851092606572052,0.0859920653780751,0.9574832287044248,1652.018111585202,0.000379169,118.24468339041424,0.0708451577676119,475.5211807764674,1994.4714751946783,3.34623,6485.56,70.54860320884767,0.0478407810642912,4730.27975119113,0.261178552317773,0.3874926008191342,237.6219953872482,0.0114256773332157,5.54992497921366,0.3442069395358821,33527.917964909255,0.6293400016213511,0.5896251057561464,19.36598850649244,72.18755970642844,36.23159963124167,38.12220999711553,43.83154826933365,96.004031069247,48616.658111335775,31.334465571045424,0.6903573119506279,5062.13935816767,0.2770594207991562,558.0,-4.178292026186171,238.7808517078834,43998789420.11093,2.508038074027632,17.586958850860526,25.96736663304827,454.9643123774947,62.43216652833327,4.12072,48.80351978225099,-429.068270428637,1702.439685504345,2.31624,1080.125881355572,4.7327931754305,6148302559.64073,0.684836,17147.432840095666,3091.206252190731,699771.8468335409,-1844.7107902387984,109.95507160635458,0.212363,0.6019996135299154,1.1417052453820806,1.4228568487041138,4.989100918755781,0.7988878840993753,0.7273031281769664,0.999872,0.9662986763298258,-0.1165609703410745,0.8431381398356147,0.4263310359830939,47.75312521780263,0.1665225292009675,4.766290645655012,0.8467652096583065,0.3206850802214822,112.432,2.027635693111588,38.796144625849536,1583.7270437113557,0.1508748113738452,26.15920166533848,1655.0005765859785,3.942728984337705,4528.053434300154,0.2359131242791248,0.000499152,4.884020806972695,1664.7290235207083,0.3211007766786735,0.5622952805169164,1.1298629958171449,0.6956496702377004,93.00791648624504,0.0096395318324918,90.45734546726142,0.0310700876400185,3.11374,569.3783876876345,550011.9604606004,1208485484.464603,6621.438473746002,0.0300048947298712,754.4119494870254,0.3849876045895245,0.500272884822903,610.9535009256166,0.0304734216330315,7.210915815525831,0.0877511775580997,15405.324451118708,0.7441913672311466,0.466177892188887,25.26250792957972,31.76511247148576,34.910483284068285,25.34556354164076,54.53748472249743,37.47461179714879,9142.56577761442,26.1681574239728,0.5802481855467525,10554.258276719276,0.4896644207574773,663.8099532490924
ID-037,Center-4,M,1.0,1.0,1.0,0.0,1,71,77,1,5.959808348637168,14.657155341403117,8451082.725646608,6.2273926238233,5.081751131206982,1.79041,10278.761220314227,8.95514720095401,8.089286643881193,1.719446263049337,9.331279691007094,3.2021532045939924,7.39561623558096,2.2763030610682216,14.277939121431691,9.45712165978977,-0.2035860580759497,2087.32,8110.21,0.0445247151672255,17.969219776321843,43.7843,7247034.250553176,21108.6702067571,18.21556825367722,31.21165917030821,0.9550798557625284,4.026686573631754,1.572915132756153,17.5465041041806,0.5148748880109657,0.5849853098582205,0.9937746522452432,0.952210717154502,-0.3087782869032924,0.993989,0.1770142947719983,34.1408544388154,0.0081640868680377,7.784547980806844,0.977199,0.0163375656802159,12.838,6.481744442412828,460.8834584412182,543.8554538825293,0.0545387958527338,546.5309881245478,660.7182321075754,1.4619406017539789,116.083,0.025060053167461,0.0009659344454174,5.926861590670028,277.587,0.947064,0.8634734219081771,0.3807117983497067,0.945016447158662,1028.842832541378,0.0068893033363137,230.57132164052425,0.0421969291126798,29.946644646969467,1647.6922011031668,30069.970005489533,6669548.043890102,334.48013757254563,0.046522372321895,3122.69715218552,0.4920202806469166,0.3992598466179327,2086.5248037307424,0.0250747528290415,8.012025623940024,0.4052336763050658,19999.56620314862,0.5129495514344828,0.4845634316922859,20.990003680914786,60.16029971151772,53.72910640479135,46.06968085240591,36.672356519222205,34.24596887062166,13991.137378226296,16.48967267177369,0.5903005632296119,4430.096313340341,0.5648736424068754,88477.40637433465,10.117129301384788,189.7715937517765,37162885988.31142,3.2852677174034306,16.3884023417352,169.54682242238823,1096.062165807764,45.09252053934951,55.158984874586366,51.518755778477846,-298.08676897620325,1703.8326700134085,2.31624,1051.6690609314037,-3.7217725312133294,526132000.0,0.5699630571691945,15540.786976280391,1133.4544350292474,344983.8325576274,-14983.61631421666,0.664828,11.37441224881812,0.649235968847697,0.5403312783697861,0.69169,0.181279,0.6586076310907024,0.916126,0.999872,0.9704245563965536,-0.2848005740359594,0.890275288734941,0.3840349989387505,12.97788954024856,0.0736455283770145,2.272174520688476,0.8116386463869689,0.3101999256128516,54.01583360496991,2.247282196400345,0.224451,1190.5665814348183,0.2972807903221339,0.610339,647.3919737059412,10.251897537433305,1725.142780711321,0.2802996575368115,0.000499152,4.65602617862189,4533.943485364927,0.2276681879861421,0.84282,1.2180848652661014,0.6847252674553521,688.8225143994441,0.000389061,22.978045412030017,0.1331846014831706,3.11374,955.4966833191856,214.609,63095.6,3863.28525554324,0.016089829243134,1216.0186436023268,0.3514436997915842,0.5999800888047866,211.1529907587604,0.0131638991041863,6.384055712217419,0.0169748853970122,190.726,0.9463813129034678,0.5531943957569309,35.13566931524004,53.54837436520118,57.84454673667165,30.525274543275504,37.91280283987828,21.293352212688458,35432.16897484303,19.509500076314605,0.7586071692791605,7461.528559775123,0.6528052795590524,13226.020537360337
ID-049,Center-4,M,1.0,0.0,1.0,0.0,1,44,83,1,7.318499988267215,11.45848933540108,373340.9324517385,4.7388457276407365,8.404690395358337,2.0018400349154137,68031.18427292607,21.60368301468005,8.249352264044735,0.5185437534724955,2.71105,1.8154999506367613,20.39065699861765,0.20577,8.255031813032797,16.56802888073079,-0.1046105012193136,2087.32,3045401.965400012,0.0150257090619858,21.922658577299256,237.6169531430943,8650578.056032164,-6425.922064236347,470.2042851944062,16.568610643639737,0.97466,6.636779163847061,3.139735149812294,28.532549506546736,0.4104841857449371,0.5231768870004132,0.9939060051447342,0.940775317227531,-0.3204188937470092,0.9333456265018804,0.101875,23.009176721341447,0.0079515747703471,10.96930251619194,0.9245688742803744,0.0312268800035945,55.46673454476745,5.738437763230976,420.9317271016688,521.954314338983,0.0138714386264935,686.8196585883128,1739.1104692089516,1.632618537949644,2628.9118816859245,0.0269648054046259,0.0133844908462,5.073720358274049,277.587,0.8812450442537952,0.971112,0.1568704641208585,0.9463219472609136,2321.267944227294,0.0106504986134494,42.1802839075922,0.0575519361463824,481.2759047263016,28.4667,3.34623,6485.56,492.5168303619199,0.0531832954527309,88.87141298707934,0.3603980817505488,0.4465342691577748,303.2857273696664,0.016365954173912,7.0339968551651815,0.1009371692266352,1065.9881769417416,0.952734334730554,0.5653789133922916,24.55535385531551,54.23027505279612,48.89444693295157,37.287739520136704,46.35696829266617,63.83363485903896,545.25,52.43253377493736,0.7817479365945141,3258.730942292701,0.5142125910095011,558.0,24.25751282928574,116.37779642502224,7445095219.30719,1.7935499887489834,55.15635164591183,77.23946459981144,392.8648599412324,41.15796291459072,19.793233102018743,57.93111633221634,-551.2443793487498,1223.6075010316076,10.835126394938689,1044.4058714337043,-2.7529485188373526,47924580306.93219,0.6677985759990324,11071.212306642708,2965.0092803378657,653653.2570794956,-18790.605204194097,0.664828,17.61486739013679,0.6672557412790294,0.7587475272659097,1.3983536814493274,0.181279,0.6036192264112278,0.5250145431342924,0.9945631647498748,0.995225,-0.2502193848826997,0.949142,0.3785964445823921,54.59116093782585,0.0750604942912661,5.37061282300432,0.6390189244889255,0.3295840241642317,66.79615706261389,3.009152501624184,17.055950441297217,3598.6591278816104,0.1767593130518201,0.610339,460.9683764327906,4.447471080878295,10090.3825248786,0.00100254,0.0115522119085635,4.074270838399297,5815.960709713513,0.3839965529814606,0.6774479662517628,3.920079237670455,0.7780656448505878,813.0088772992563,0.0029043145018452,64.64999796045116,0.1580424165941814,3.11374,399.5675463445523,136488.07521151102,63095.6,5403.080158397341,0.0235493997317773,358.06601133215406,0.1978322500072233,0.7141198048953431,757.7338464550243,0.0139894941528846,6.39590702865704,0.0451013202903312,190.726,0.8028696874859198,0.6227365923013825,25.200932176769584,45.47781827484814,43.2732179596934,51.80492455045424,38.05557354737292,40.639060090452766,43129.1434157746,20.82703304758942,0.8206472670078023,458.685,0.3670731200918987,23463.363470684293
ID-065,Center-4,F,0.0,1.0,1.0,0.0,1,67,119,1,4.245857291282137,6.813730528784666,6408626.532755324,6.8484,0.476152,1.9315424361656588,25772.839617747377,24.49031252901092,11.96278381952851,1.1930727453986103,15.00487921719392,3.68203132794164,18.93543997936268,1.468248559837768,12.74472897263034,12.69874969124858,-0.1523241034262724,2087.32,1376118.370227404,0.0103905557060072,20.64708909433169,972.4649533956712,5158917.560121848,-554.9440997590273,801.6089826648561,0.897676,0.9649555926453066,2.938061474163612,2.683251744928172,0.393348,0.2488079148389879,0.2212475307557847,0.9963923975858744,0.9608029769115204,-0.3050386206224653,0.99176987274858,0.454007640605726,46.87825579313361,0.0172154808352432,11.2793447039513,0.9467921515358472,0.0188834043851875,73.60372129381298,6.619192159298891,360.0395687427577,286.3331078937585,0.0123511899361486,3.51945,728.1239189934894,1.2470489901993504,116.083,0.0158359777013504,0.000384061,5.755423558326368,11291.806557011629,0.7683806733890282,0.909356009441829,0.2106441141604063,0.9031891384326254,1364.8958548097885,0.0263884561404251,1.93333,0.0397530983224535,90.87488869469826,1643.9255329257985,3.34623,6485.56,23.99260069921361,0.0205643972943794,822.705149300844,0.3318015073977267,0.3933306270460701,1955.6842959884425,0.0265509993690806,8.795773234992495,0.2540919289184736,1.09326,0.5252940578823769,0.479054638156439,18.7283544567898,30.84498044280512,45.17521854340657,50.67491387262794,40.73942464415838,36.88379319986011,41503.44196595866,18.04230432836122,0.6954657287213346,5887.240969634448,0.1614256210526439,558.0,51.3066,144.95893389339983,46824677465.28554,2.2208173859304963,34.81867505084353,11.832324039716468,986.79850913835,45.751965428558826,71.53330130147461,25.78936169252658,-525.7247272918561,942.5913030161746,2.31624,1053.9908669948315,-2.593248899570793,83110674373.4524,0.4713208214930441,11724.45938924556,2095.360207836304,5.8552,14854.52423269175,0.664828,7.6023365715879665,0.6607296252333515,0.174711,1.3024406311860384,0.181279,0.634565297062992,0.7232657202038646,0.9975105821262652,0.9638008775965416,-0.1765552299025457,0.6902874638514717,0.3498665578497941,24.90448672777877,0.1782342662034788,5.404774888549218,0.7650889307037558,0.457152185646028,58.49957241940475,2.8317780910904027,0.224451,1483.454060778336,0.3729932639426271,30.673741367106864,1280.6330032498363,14.907734500123636,4964.798620036798,0.00100254,0.0154316954350252,4.202613641374565,1493.300836778325,0.5317586407041265,0.4525508508397728,3.5662277197267978,0.5072892675551671,637.7265154923019,0.000389061,39.71646914517196,0.1084646355357875,101.8039357590894,1065.7051472058029,682485.6481275674,63095.6,0.225683,0.0216033590940875,343.8352901572984,0.2961901050481824,0.6917028862691439,658.2920573778099,0.01724485313082,6.051951835540828,0.0413377199938078,124818.40889070347,0.6226356447223766,0.5813111672271473,33.95853854553036,75.00806757327403,13.4164,60.03213016250263,55.74853040932321,34.238394515042245,27753.49461078339,17.75974258099866,0.854322,6390.267572009245,0.3857516837069805,41427.18537079565
ID-067,Center-4,M,0.0,1.0,1.0,0.0,0,60,91,1,4.29975467182561,20.94960687119004,2177333.819431412,5.675957181755737,5.520815055622007,1.9645050627142029,55450.06544054839,5.563935248057609,13.679661192224344,2.924104148313241,11.361263545175436,2.779826566811296,19.23419806601499,0.20577,2.9362703133015087,13.1457337764544,1.0356250729503482,2087.32,151168.34560102364,0.0215069018697975,15.833148218000671,3267.384826122041,10097882.912751794,16684.299111582255,1351.469389192219,0.897676,0.97466,1.7932808485636855,4.068306977009415,22.06958898377902,0.5301275360062191,0.4229150015699656,0.9944489193497684,0.937019476806914,-0.3105818733537792,0.993989,0.2397815636151729,54.39924522324728,0.0101912307097306,9.811283201843557,0.9345842892373936,0.00134553,82.29618540648912,5.898669835801379,6.011659974268163,36.2218,0.0239168066377111,345.3984982698343,38.346,1.292626071786653,1507.1817746639315,0.0272156552121694,0.0018126919730134,6.204841081960677,3908.165333905814,0.905250060829998,0.9368136085744452,0.3548640501781394,0.9661995575559302,758.3528618334116,0.000379169,109.90933319001203,0.0257252255491437,495.7217848981908,28.4667,3.34623,9092752.59147529,0.00123903,0.0172263419761082,2.18182,0.2050091253323128,0.4262638829885344,1350.3654809047844,0.0136479299547922,7.149198485967615,0.666228,16829.216934104938,0.6401952085991325,0.3762427326334658,24.949354670204585,32.0817897895388,53.633849935405024,58.07933765714776,17.200615941006255,35.68188015536575,35227.30958882109,37.210609502240885,0.77958804261846,1538.5123981235752,0.2500646960029744,558.0,21.42978155769943,62.19569159098768,49393152990.17374,1.5671136604705365,28.39692819679654,3.83943,121.12606507967683,43.35589842412323,47.99659496822296,47.61778538610569,-417.591975630129,1055.028709537812,32.14172995995173,1060.9036459982233,-0.5559189059319429,30746332818.07727,0.2905406297123825,67.1971,1176.1303426239954,5.8552,15640.735223963184,52.62450125080262,1.4217914598513106,0.6279842493654407,0.552740519483071,1.2740249001040729,17.797378910550485,0.917477,0.397947,0.9968258176733727,0.9867014503187714,-0.0690055669841806,0.7404689312353272,0.4763545014694621,42.00926342891585,0.2420912946980595,5.160242554228868,0.7163632682772763,0.2465354879543081,17.933610951056803,2.13335224548611,37.20579761823683,49.2996,0.2834084379958253,36.76532357203516,944.9881547749192,6.777519484893862,4501.871716883892,0.00100254,0.009251135895215,5.254921002024688,106.226,0.479516009137652,0.4635494731596384,2.5441152747088824,0.6340748036410162,989.9167425866852,0.0129592274318215,106.35819564114216,0.0483754658061215,181.11282653290527,1914.1459853143424,409678.3233880047,63095.6,5223.171731349163,0.0463386162736948,5.90323,0.2665610164861917,0.582517522533022,6.83919,0.0141690672745898,6.962881738174448,0.0482475487410858,443483.0535018293,0.8808560942046064,0.5278367806346583,27.849780130811283,43.68184935109862,37.57451366410319,64.82785793706095,12.1655,28.718054736887755,548.583,27.71374965904692,0.5851606776394328,6197.609263652171,0.132051,20320.13056480514
ID-086,Center-4,M,0.0,1.0,0.0,0.0,0,55,93,1,3.9281624593095694,13.845040934006466,8110.21,5.131366714687481,4.966463536929739,1.959143284683877,558.0,9.121987861630991,11.716024582644556,2.476044617395897,10.89895572604046,2.5150048662552047,1.8071,1.4919372038980083,8.107760439746205,4.495984874147799,0.9572027930080702,117850.03879817948,447959.0393773385,0.0259351067146041,26.04606128299156,4455.047438205814,6574346.789546403,-14334.790121982063,535.6552571564837,12.268578597738044,0.9572180461858308,2.665690798299176,3.897542625693751,7.970777593396289,0.2651179166992186,0.3457325816162844,0.9931291049343128,0.9401740274518754,-0.2848146421870756,0.9781758764423952,0.168714126076358,23.92137458249428,0.0066866235540706,11.8075,0.9427332187177064,0.023456966853862,92.89515433108488,5.730727860509049,407.7845909532596,528.782230226155,0.0446144943719066,140.12737763485222,2731.5758479616416,2.245432639626242,2469.315328785517,0.000408215,0.0169175760667912,5.526034382624726,12087.047805501345,0.8447108546934501,0.971112,0.5313716524057985,0.931896458084709,241.46348813732536,0.0081034657646168,1.93333,0.0360259463230477,102.0933421600812,413.6966188904162,46605.51005188913,1464764.1969552382,374.5480562456085,0.0166811790641343,2303.014046460341,0.4505759851893216,0.4973569134935234,2.66496,0.0011394473545666,8.798376662005492,0.3200802895282059,15143.26855266709,0.7139645184406841,0.5496032988010927,21.390103686511715,34.62884014126982,41.50409642166805,37.94995251849838,41.18351650304732,37.23389638044871,33089.51574447599,19.94519528303324,0.5776820904970205,4290.954908082223,0.4655787097678795,12053.857020562997,51.3066,57.20395756093018,526132000.0,2.936351427972546,41.19976538945193,44.95173301094124,66.3085,38.785932621551474,54.28614141755875,38.38202065126141,-579.7333026106145,1110.4585388777791,24.79070679082725,1074.090830204798,-8.74599,526132000.0,0.4274921712450639,9048.921234616177,1318.6524383126552,97251.61852768112,7257.590149453592,14.716806267517413,12.0663106496628,0.6604480863697348,0.3885663813847718,0.69169,0.181279,0.7350156646581034,0.6501614239531166,0.9979159081150584,0.9804966665738007,-0.2542626248056281,0.5901710613523807,0.494728,16.88138072727095,0.2939887442462666,5.8204600570770895,0.8900327677617346,0.362567880485302,23.84398337025368,3.631446198608617,0.224451,3824.717601921856,0.2365109046258182,67.40308330814118,28.9544,5.120381795021711,10774.281354834477,0.2398949156950082,0.0161102085802571,3.79907616907888,106.226,0.497797105674312,0.3883379597505548,5.662025318837453,0.6142310881337592,17.3286,0.0082834984682003,88.95551946603007,0.0840285153594719,117.00274802129896,556.3193351068015,107270.03203897092,63095.6,2532.145243350752,0.0423230998940055,834.3968261598875,0.501694824474661,0.4934746950792111,6.83919,0.011376489937522,5.598924592033304,0.0578888425306437,562507.7732345932,0.4668126355288005,0.6368772497412298,12.873327916449504,53.886045255163815,64.64137953643142,51.10746970815657,48.22302651579031,48.18019170931111,70543.36165868942,23.053979640578017,0.7232624166223601,1271.183415313886,0.6398487233344254,18124.027922105808
ID-101,Center-4,M,1.0,0.0,0.0,0.0,1,59,99,1,5.791289413966423,19.43631348328571,6163172.028508718,6.8484,3.022795087939218,2.090408491724606,7867.290437338052,25.163208431603387,6.269685681501056,2.365352598633319,2.71105,3.229142352064072,13.14211038280045,0.20577,7.317103353241357,21.16893368279837,-0.2099412203196063,408263.6918467365,6568660.188467043,0.0494782649822443,5.506157612963124,1221.280343247492,3704798.135262525,8495.73443256148,1066.2652218288083,95.01966980688802,0.9078017109699832,1.7781239527455617,2.9915472528497062,1.1756573210012515,0.3682480197198799,0.3493954956540562,0.9959120650299434,0.9388251407055496,-0.2820401611267639,0.9413986925272744,0.2600771451604736,49.35684017575436,0.0005584183663445,9.246649692968887,0.9477166985562456,0.0154975048925636,86.46082812701343,7.78685,48.82313817195527,1141.1435399260129,0.048530740368932,51.47020016761783,2640.0529813454345,1.7679277361137422,596.7362921579906,0.0052985297011799,0.0126987405256693,6.449269967924054,10398.765957774463,0.8652878712980475,0.908891562377421,0.1661321971043846,0.979283,889.3056807118953,0.0186336847358794,131.48362397032628,0.0133014541064319,324.5156241218778,2421.979674851723,44516.85534409381,6485.56,208.99303344264752,0.0469765917238613,2.18182,0.2687680676589704,0.5965146228387417,2.66496,0.0054551322160862,6.450525287882542,0.0855260870162619,23456.100142871608,0.5949823623925053,0.5872451450660208,13.077184401842684,63.0603830763481,51.38752640027597,38.15114920030816,22.173018851472985,78.54870552953535,24242.52684500226,28.67597634356373,0.8073304694251957,463.203,0.4662339665311279,19102.06948353797,21.26626450264928,97.65704299537924,526132000.0,1.1450452046108106,20.384090359848965,3.83943,305.915226848348,42.29346982053375,21.5136522088434,40.02499039705609,-692.8781311528646,906.1775887965438,25.530388161628203,1041.355239245708,3.407004177784837,4679278749.569897,0.5472550754539702,67.1971,874.8971497910342,1497150.5480636316,11483.821411618062,189.2572502513432,14.525761550368394,0.4965030482309843,0.4360934993197973,1.5808955014643562,10.448599129190589,0.8052374705864331,0.7670181485070626,0.9969326948180214,0.9721810006641972,-0.1095432097860419,0.833053435011366,0.3732395229044172,30.43600478880168,0.0547676617453525,1.4753562959383617,0.8512673136588862,0.1708774538594141,64.82028343392194,4.5260926112029285,0.224451,6831.1888607500005,0.3131676142965143,0.610339,28.9544,12.505935791390003,9727.403021548398,0.0792598936187835,0.0123834545009575,4.485275348275539,12449.940514197157,0.268079538574372,0.6289817001536123,0.291681,0.5791927304316395,17.3286,0.0116700380771746,101.71234820665453,0.1025272570392302,3.11374,30.1957,410094.7960133285,1094119104.8260877,4670.857447099987,0.044028042148014,233.83928536314968,0.3737652908045915,0.5418856811983508,1521.002625548299,0.0411078009533358,6.809461397503056,0.00580198,190.726,0.8542444564932069,0.3896078088781043,26.889675198081072,47.402861453670006,29.24715964152188,53.95203571711802,43.12692271749939,48.96422749487431,33538.49007245157,30.46135534351873,0.7995832291875797,2659.1864576146622,0.1664576939231438,17427.026171953847
ID-1026,Center-4,M,1.0,1.0,2.0,0.0,1,65,64,0,4.178075327825853,13.402678258459456,8110.21,5.540355157594228,6.349987852282968,2.157015237380667,558.0,11.588920925893015,3.541251876278639,2.8054817603894224,13.731571544161383,3.2987935206770365,6.695922297420335,2.265591433546042,8.762086323487901,2.99426,0.1058261911360741,347153.33239410934,8110.21,0.0101139625929898,17.915420296024642,1080.2389771190344,911907.3988505772,4973.520014898413,1830.9150072516395,25.96323745922288,0.901719062491795,1.1823278317797117,2.407305511081726,31.71502978813525,0.3428131421571561,0.3498185772015674,0.9955740899848322,0.9373766409882924,-0.3537822176881059,0.9693842605574988,0.2327258048438549,52.63566573397869,0.0059012690785056,11.285491595692244,0.977199,0.00134553,34.7485505168882,6.042620225278077,459.9074451043571,36.2218,0.0247375561062768,307.185008712726,4289.880803195043,1.6590728182591172,4823.377383217847,0.0017668210045382,0.0167259460433801,5.805844922180478,19900.427741639724,0.947064,0.9500269023630458,0.5277138737351222,0.9221308056368318,377.329186221291,0.0190797382074843,1.93333,0.0205576609414498,420.5760426711992,28.4667,2860.7858249163223,4104529.219702745,239.80290733374315,0.044502311505869,2839.133911898753,0.1984828285198383,0.448153035352719,2.66496,0.0260468031876255,6.407161392220479,0.0250096963891788,841.8503636259948,0.7109035066104835,0.4786280428441695,34.48937827966075,25.43817081029844,32.67804550367885,35.95431270598479,24.738219992121785,63.82489431915768,26369.38112709883,36.81910868500386,0.6573320996801262,5059.258958456186,0.4252255375968002,37840.4169909465,-56.85400861487944,59.533181434946414,526132000.0,2.9253904676947045,29.88881648418088,21.23418915415944,247.7049062489486,67.15226606932409,4.12072,44.828756756594586,-524.2124411212741,1236.8283062377648,7.070092575602683,1045.5424163429689,-2.019545458158014,49531893466.52174,0.4063380169892436,22561.482045084595,2098.73384140129,502281.4367937991,-921.9996026583004,0.664828,13.2293870053599,0.6510560202108433,0.83460648165642,2.730563830748685,4.6542294643156,0.9157772729815826,0.6790195320868868,0.999872,0.985068043923344,-0.1266737932140212,0.5934634402086016,0.4107572145566955,49.03930158596101,0.429716392974073,6.182629554567499,0.6646337893425249,0.4602398995840589,84.31519139331608,3.345361911078646,25.835011898991795,789.4831804945479,0.2090686957211711,0.610339,230.6850109168675,14.498974865799052,3865.0862990802416,0.2047253914080966,0.000499152,5.160207623669348,106.226,0.4937074904756585,0.6457963993474234,4.780087010550068,0.7335687035218263,2089.552901013415,0.000389061,41.88131716985542,0.0718964386467554,38.2815628346097,997.3724531359184,990986.0765564156,1251850111.1525247,1082.2790477051813,0.0463177941755465,5.90323,0.1369750669347652,0.782106,360.6635877473454,0.0017789222468496,5.969557401325627,0.00580198,31177.16926884836,0.7179770905115208,0.4843074942049749,25.41356727826757,39.061703708452654,49.22106019796056,31.783595787906098,30.78223540871217,24.77375459542755,20453.14418598255,9.92882,0.6692828680473952,3394.5181722960856,0.3591663054526162,13132.683739762702
ID-1043,Center-4,M,1.0,1.0,1.0,0.0,1,53,59,0,3.241210121815209,12.227448325835493,8110.21,6.306711834809579,1.1827472379843151,2.46809648598361,14629.094871549169,20.12444717162001,16.99522117935628,2.3627985826133378,9.54761675347868,3.586643185186789,9.167953795123855,2.548531508804166,9.234356992263558,8.072124814639713,0.4311291517128305,237062.16413571045,5754550.215591087,0.0522353964247664,23.760693979276382,1317.2429520307908,312.508,-23691.1072235796,513.6982565562001,14.775838043106464,0.97466,3.293908224938728,2.986699713551151,20.24841327906284,0.2493995058920125,0.3197736079691211,0.9978482311461294,0.9530856317673652,-0.2698729519685887,0.9668085529235958,0.2457287957510236,64.90205784455648,0.0020175290108968,10.41665799199657,0.9344028012353992,0.0032807887657098,71.20512931355319,7.681993901908222,264.55762319460433,36.2218,0.0098347923085371,170.78517528582938,2776.8628498662656,1.5557550347433835,307.8492470837177,0.000408215,0.029177600928025,6.54809377399837,9140.416432739505,0.9304278252514168,0.8437058900059022,0.4991201433102333,0.93130769218015,26.058,0.005310927026818,42.71302295982364,0.00977157,223.5945050793799,847.7919832737944,18292.08278583917,4426062.418965826,0.00123903,0.000476227,893.162761061321,0.3518226095152539,0.5831984101506178,1122.285943829667,0.000418855,7.904152258196333,0.3662760245387521,45593.469269361565,0.6021143959794495,0.4539110956143646,19.520868088531515,38.57304503948893,55.792708166291625,33.13538314641601,47.42336370536551,45.16825564142121,20325.161340727493,38.576000751354535,0.627605661769141,9140.308221874217,0.3556573239278184,27253.91086216714,36.666348317709456,33.3375,44885232493.22229,2.13381578903338,24.86740797914206,66.82046768913594,358.17822309189575,51.31490958848944,47.44250815696577,39.33061922041677,-126.64445165440466,1750.6199174221963,4.998530063749344,1031.070068905691,-4.41028084763559,1498735524.6231766,0.4138354540619629,67.1971,906.1246012558128,591803.8511163436,-2170.3225283445854,29.77239126735532,14.74641916221114,0.4765624641467992,1.2811955408925275,2.1987914732551848,10.224135075586242,0.7062898948448295,0.8497171777934076,0.9990620379864852,0.9790521173780232,-0.1483402353703582,0.7092413803142882,0.3194730522093583,16.900364600202998,0.0454892212230907,4.14975087063981,0.8312373759642993,0.3827631923798743,53.77795343669552,2.5695635413173505,0.224451,3587.498510685449,0.2134758376345486,24.21562524466026,28.9544,6.24389758173735,5068.418345138853,0.00100254,0.0071700019699317,3.827180547756631,12462.279037667711,0.5095059921098195,0.411279832875516,2.363255904881168,0.7107342085342867,1645.5569507077516,0.0029834201125715,106.45578053419548,0.0738892911709158,3.11374,1621.9962871680905,660984.8364078221,408138170.8567505,4171.6545590655805,0.0366325935006921,5.90323,0.3497249850121401,0.7588388632888545,302.3095245825473,0.0100147732669485,5.992558210715538,0.0523015026886271,190.726,0.6826536003207886,0.4333132227461644,18.728067030915973,26.41517617404319,34.78534118254886,41.35312635090239,35.20312937594174,53.89079167040396,23834.28827464582,19.89417671405701,0.7718433296630458,3363.3371093154424,0.337178312649572,13030.450672370938
ID-1044,Center-4,M,1.0,0.0,1.0,0.0,1,67,100,0,7.046385996436188,13.96083305047333,8110.21,5.902821303466951,0.476152,1.79041,558.0,16.234456728837838,9.328946873222147,3.005899155318471,8.134642604976289,3.067767820478932,16.250859311337084,2.207389925230215,12.035837785302531,20.55635622019585,0.632119204601897,336147.91248469765,4308991.859064477,0.00914519,7.06005330277312,444.41187409799744,312.508,18717.87450065601,11.2113,30.123450965851948,0.9538040473612088,6.156055234195624,3.4227349552906743,12.638334343402503,0.4730616274001079,0.2856385560682576,0.9909104788677716,0.9558679890389816,-0.2431949241024293,0.9840704895961416,0.1354085197607323,25.17570765947992,0.0147838636683542,7.532386358124938,0.8952972631109005,0.0262324496160511,78.29467419167463,4.953420527733516,281.19585260638456,412.8281137127324,0.069171977373181,3.51945,2313.257092524481,1.09603,2388.121889850461,0.0123893490442186,0.0304524433775951,6.490849234018072,13150.673058362698,0.9452965187045668,0.9287337142195838,0.4396337945507449,0.979283,581.1305631865989,0.0113399115160598,155.64737622189767,0.0388380799155715,371.2167976781464,1827.996390988905,15882.370094716382,1931944.045236148,0.00123903,0.007325982324364,2.18182,0.2954487362682146,0.3806039532835576,770.9466823528292,0.0163851802038598,6.983356213051827,0.3561640184570963,2365.8620403683326,0.672797110530209,0.7116507819359111,10.012030460917046,41.11681162206483,83.0241,29.40671374754957,36.176532879811134,38.88331455472185,16148.47246363786,26.051889182722736,0.843337,2352.803154894548,0.5371715921680793,30402.84453258406,29.49609579427802,81.00116303588122,49610933309.880005,2.987716523230708,12.922524089879792,122.76934697263448,1365.5060928812954,1.3189695495180265,27.39996802616241,47.85137365347826,-847.45606613338,2008.0218134378708,17.026488287313338,1053.4366175217197,6.935703153622002,43066264515.45348,0.2795942518713168,19031.752811635542,55.71552087457418,5.8552,7003.970149957366,87.86674442806924,10.493727953033606,0.5175330959800497,1.1832280889918585,1.7145366235817694,0.181279,0.7859631132226892,0.7660420976621806,0.999872,0.9648110873681868,-0.2402257623022849,0.8500597912567965,0.3285527429637839,53.50192084595737,0.2593754453424863,5.331767932914778,0.7723149664217208,0.5498435005536254,10.2048,3.395484521667987,0.224451,5996.729506838217,0.2109497434400578,0.610339,1276.6692768686592,5.8112960817284325,6866.829355677233,0.212517404671663,0.0011701184633766,4.892358495063155,14295.774442746377,0.4783071516491821,0.4655320089506201,1.8978147866922428,0.555398899918524,806.1292472071387,0.0057828418679617,132.03454427523212,0.1672010683397589,141.23090241344713,631.2147712027595,131620.49398753187,63095.6,4046.9775006340888,0.00104556,5.90323,0.249814307218327,0.5946921018468495,145.41202990516564,0.000562722,5.787450420004873,0.1214519364687631,190.726,0.7567786870899269,0.4084070191153793,19.69135790492563,49.36211742421801,42.1202757829176,41.21845308650192,38.80442468057013,35.94153430808579,3579.3743203554136,41.49062308221063,0.561290424247149,458.685,0.4609004392939098,50141.56499040711
ID-1050,Center-4,M,1.0,1.0,1.0,0.0,1,67,62,0,2.8065542615892443,4.178891357908877,2565925.490619057,4.630752601568896,1.8432147856033247,2.1252634011663614,27844.58440956653,22.651711060261736,2.89068,1.243292938573004,11.660094712022296,2.7020800324705165,7.44051676999258,2.562599713460042,3.004373329384201,19.788270309684822,-0.7451962521252308,319476.7727055764,8110.21,0.0227491775074895,27.28921354279297,3445.795916214186,17391309.19473697,-3071.8247700394227,1358.925489638376,49.55109187325608,0.9713663542087764,3.7020020899861774,3.670886348587437,5.905442140433332,0.2458275146013624,0.2015423231872431,0.995742195128632,0.9431528341442542,-0.235993,0.9732189708190048,0.1897141068168866,42.8135452645619,0.0066700592961975,7.858925984710247,0.977199,0.00134553,66.64355563280253,6.515441821089119,240.45677186191432,36.2218,0.0602345872437407,292.66752815376714,1731.5122762026022,1.206983702264546,116.083,0.0205480798452844,0.0090021307946589,6.536148191428829,13250.333017075143,0.9082594816344456,0.8079544916375657,0.1742996844260528,0.890126047619255,1720.208405537425,0.0072532067938634,72.68920853572095,0.00977157,322.0411039467768,2744.946465915563,11997.162732793691,3029851.641679868,30.063042790124697,0.000476227,1310.397764000127,0.1282318242570816,0.5986002636326033,1724.2556443566325,0.0186074374660084,7.775241998953321,0.4150822562185807,1.09326,0.5906515839413211,0.4787344271192952,30.347973676563207,37.62875556166006,74.69534763479587,31.806282615887376,25.015241993209763,20.056877941694697,34158.21402956041,26.065077656476188,0.8242705691094858,2634.1657355682914,0.3267666226215863,52234.44018453981,46.071157017460735,33.3375,526132000.0,2.4506778452406826,22.842273094810352,115.8202078097269,66.3085,66.36442596139534,15.249987076280796,46.09407946295189,-267.0907088429768,2107.474933713537,7.49527906483974,1024.0413297239145,-1.382271000909192,40731163194.1071,0.6670529176846028,9877.6934326677,2303.604975033274,1259455.83438553,-7785.135363947245,294.4277405368444,0.212363,0.6842678007137998,0.7296560265392749,0.9902053320027868,0.181279,0.8836376520667208,0.7795638599529835,0.9966183481485656,0.9763721152594518,-0.1480657154281213,0.7858827975860109,0.2650717831927918,45.43195527379179,0.0571257907826438,5.131475240227188,0.8276130917286624,0.1739706489320251,61.12920552128403,2.5049922792374884,0.224451,2220.8492888480714,0.2262043619048854,13.43155701235242,392.3043158037983,11.80188809754352,631.3281302594382,0.00100254,0.000499152,3.9621041714475154,14176.318196285192,0.161937,0.50277126285865,6.73960319654464,0.882034,1213.7434947435172,0.0051721869976842,122.3246843112406,0.1412456616439511,281.7492216150872,899.3912403479136,214.609,907837116.4410834,4314.295576992016,0.0386056574007256,669.567998414781,0.2755137125418795,0.5460976508641221,852.8154072583065,0.0244614742151002,6.805171782743663,0.00580198,190.726,0.8129123525806325,0.6230061508224249,5.58834,13.860088781911331,40.1503003244907,42.90643778851825,26.67886040037228,49.65410978272884,41828.90060265103,12.03715811175064,0.6123034460042986,1299.2840918666989,0.3745496112457384,19719.761769011107
ID-1051,Center-4,M,1.0,1.0,1.0,0.0,1,56,65,0,7.933580374501413,15.018931842672918,1741442.1465698006,5.728644144462423,7.047062824526794,3.0748461077412284,21899.462844851143,11.1118100502126,7.45267409828896,0.295263,12.028911633531028,1.02709,12.467675956339674,0.6084370276998649,11.67324281749335,16.037644270386394,0.4992080421898132,103497.9079320141,8110.21,0.082774222252965,6.772316988424771,43.7843,14013690.809873534,-7345.383166060083,742.3423140137567,28.94040544843483,0.9655143824044364,2.549753564700243,3.987360875970034,9.718357767040406,0.247726864496906,0.1802939392147607,0.9941662117246256,0.9367509799002156,-0.2984989765849986,0.9599576173139958,0.3562096934505718,31.04317050047279,0.0262376535386973,7.204490675640553,0.9168559933978812,0.0321667186435849,53.67975726101176,7.10755018923454,3.02726,36.2218,0.0848691682632257,257.123958510848,1871.6523395823704,1.1672261027734845,2592.8787529903643,0.060198540116435,0.000384061,6.390118858256677,23669.439340756697,0.7185707862486205,0.8906906559650493,0.0809308426449047,0.979283,2860.2617530600046,0.0194728355662767,1.93333,0.00977157,247.64248059871176,480.4450652581735,27070.514357054974,6485.56,0.00123903,0.0197407131894367,1254.5689256143432,0.3231765912274674,0.5313431080975626,452.522416271619,0.0243396230264118,8.83279,0.2070855920033585,2999.837919973444,0.9688267829659402,0.6164216439604029,18.616208166059103,41.0975086401009,32.786402568061504,58.9333671424868,21.60664797652105,18.294732432033445,29133.71975802338,23.210387723779693,0.7346847990562245,3774.111302566296,0.4354998717793561,28643.391187610447,51.3066,120.70032094186324,34420450918.97429,1.6111876881665876,15.197139356900088,79.40386133698128,645.7592319700201,57.74717705326454,36.95308009403908,52.3969264370916,-32.3284,633.9718145492476,4.620141202702134,1065.2952786257608,2.8998255249964844,37412694046.03554,0.2568077930492132,767.9177327332991,2137.2096607325834,5.8552,1919.0004677125007,35.75887351057824,0.212363,0.5630317600944108,1.164362293422406,1.880528930130153,0.181279,0.724275042084736,0.8321038333831071,0.9943339574383768,0.9598938008539132,-0.2157795982420403,0.4149175098595891,0.3755062703988154,38.89936791101205,0.2638521246818472,1.8304429971610745,0.6444209093971449,0.158752542026186,57.49760710094647,3.5368938251242303,3.516672500398597,1051.9409269507528,0.2756856404703985,66.35430093025232,2078.1869364571908,1.74669,319.6531082354554,0.1074694285384287,0.0130916745873875,4.033745609620696,5352.50727437844,0.1693278827597151,0.3299877097625298,1.672251054294681,0.4795472661799296,803.9659006108093,0.0089623852911359,3.90476,0.1208885901278597,145.4243548415751,1184.073836792697,438249.9492970547,63095.6,6282.1015583592,0.00104556,5.90323,0.3556381509878575,0.4823782488167549,392.5622605238559,0.0108536412169128,6.36745791172342,0.0898586377594934,190.726,0.7359458274674874,0.5686378065228713,14.32310971876513,20.30897675513569,53.803559233134905,75.03274739508048,34.06837884009145,42.44387033083584,20303.191473474788,25.56111512225444,0.6504645831346505,4739.798932706857,0.2196634364341796,30351.23327650356
ID-1056,Center-4,M,1.0,0.0,0.0,0.0,1,67,59,0,10.517794863414302,14.005238816644772,6240909.806197846,5.390408099888374,6.031447023662071,2.509555623117264,558.0,17.622951866543765,12.21218569651841,1.143802992834499,13.262232384694489,1.02709,8.056026171957097,2.6520380995342743,9.954143032726876,13.432081817357515,-0.0737586548116864,361040.7756846047,4689248.469116772,0.00914519,8.2886170811148,264.290708865088,2324860.4254966653,6974.258443311281,11.2113,74.85800651879208,0.8522528554527409,4.068465112009132,3.3468107439553387,0.393348,0.2655983833526478,0.4760627545677229,0.997677301326254,0.9292546340913675,-0.2944026588406237,0.9698688053295448,0.2170121787308339,24.05546623187214,0.0080938065322574,10.572565190876649,0.925091022940946,0.0018621367829942,64.55371851555977,6.07612555224002,275.63355752053826,695.249947634855,0.0165208987895874,437.2307107768684,38.346,1.1054792997177716,2683.6302628827666,0.0291488189419996,0.018602990080049,5.561800537298795,277.587,0.7949154140893172,0.8679397882361669,0.3527222671212459,0.9143786241560818,1873.853259224449,0.0074726530479662,22.61978535860265,0.0375982468834746,248.719201061486,1934.3208664598449,3.34623,7085291.311776615,0.00123903,0.0068946207522483,1669.8026915322205,0.3063516421547707,0.5370246955011893,2035.7373341225405,0.0142254840532609,6.081323167597651,0.4285181873308328,1.09326,0.6750819605552792,0.6470562388789808,23.193204321430944,51.50108844920328,28.773141554095982,43.88384873313283,18.42315006380742,53.42863972120051,16331.160811474056,38.40971282253382,0.5881026907851232,4283.713806083043,0.3503352607428069,3891.031562738657,-52.0461013737273,56.10366278030133,39214244774.34636,3.797688346899264,29.51124657701986,30.42980113393428,978.6091961130466,39.81652317443202,33.36465311917627,28.093286438226457,-980.5165565492276,927.1230195340067,7.48312860922098,1035.0183987730895,-6.086917062144133,526132000.0,0.5214096733993444,8641.027645196848,159.65943290377334,1796736.5482476589,-4305.084844421454,180.4902338251156,15.808285284663867,0.607498599547944,0.5539200299943988,1.6457677272300033,8.545295855298779,0.5355202676779095,0.682599631049277,0.995015825708407,0.9812855903659652,-0.2254747002905961,0.7795661490060162,0.471232743716318,53.716317244864136,0.1773833800650388,4.301029849814852,0.7768276164194376,0.4242721403661683,10.2048,3.5366841639092623,0.224451,3486.082263517424,0.3523630999197795,44.95556908845791,1791.3772055958923,13.150326348327118,2603.143168676495,0.1170196556122985,0.0044615871238419,4.112878059246889,106.226,0.3115546665775927,0.5759871663044183,0.5075594333082777,0.882034,311.91307125695494,0.0016766782139824,78.7270557442425,0.0152311,127.1301295736062,805.2138771594746,214.609,424372380.53081536,842.0572675199481,0.0320638633646193,400.6860296755811,0.3511614740426608,0.7248525073613213,541.117664933943,0.0277027552144306,5.3086965645619575,0.00580198,190.726,0.7547967311529268,0.724584692889069,16.583352254549233,21.505187845100007,66.80907562630175,68.57935737595174,55.2700006973079,30.433223628410456,8155.4235519188,35.79875981920064,0.7118192648848818,4689.361950937207,0.4317625690116234,562.0
ID-106,Center-4,M,0.0,1.0,1.0,0.0,0,56,77,1,9.364930653229166,16.272087590404528,8110.21,5.673582322304858,5.226966935474621,2.490115567661412,44289.35122762311,17.991816840874627,4.171134980139242,2.309124804147079,6.164618289320968,1.8910818569570305,6.733606760019343,2.282391524019588,10.63902649195791,5.471640967435135,0.0147056817567935,234737.76010228123,8110.21,0.0543944532619971,17.211615030167447,2536.330779881834,15828651.67889838,20736.559389527967,972.7548547976626,40.61285584293026,0.9553223942545224,2.451003092095553,3.349862030782259,9.232366659138792,0.4837344870934781,0.2955809101345849,0.9942397293745544,0.9438303014849144,-0.3280981970875637,0.9741158133020884,0.1938515896606212,26.667751614848303,0.0019170865510529,6.830277704398467,0.9091673119357008,0.0187562421758536,101.05851965257646,5.751384798609234,104.8288369701328,559.9702000349886,0.0280065409019412,437.3201805916269,2039.5697331443305,1.373516345284616,934.7511230942418,0.0272621985458965,0.006230149199011,4.063400225586822,29570.16358252964,0.7687925144404528,0.971112,0.7093199751529016,0.900904075618796,1161.6118914559272,0.0040838720761893,415.74867766977786,0.099505787123738,6.42722,1368.9943969609328,10651.916161425905,1866807.800998493,90.80888040477208,0.032863510405832,2793.980731751668,0.2283665910142189,0.4219333591144673,240.9305799765617,0.000418855,8.255422437402558,0.334010377544457,1.09326,0.8651811903000932,0.7107779616373516,14.112070379880844,43.10518683101667,51.5789006533794,48.23717092393146,44.45142734636523,40.21863004361271,5583.147263383601,33.587563153354296,0.8098199588146442,2490.685858785135,0.3760666297076664,558.0,-21.911586284809545,121.89910872248429,2917434960.5787086,1.1816721366160123,47.95557186305122,4.792324077438977,1086.084846802316,45.06297037543768,20.33304267568501,62.26548264259755,-271.79485495651977,527.2006285941804,13.255253107291187,1023.4616134336392,-1.272124648400808,26095158635.14735,0.2866236847800613,12315.7517761128,1774.0875596362418,1060087.810646744,4024.386759188077,49.772528636113535,25.346219918664527,0.565886683184557,0.174711,0.9992783478524984,23.36432127245241,0.7729923374564457,0.4988369313275393,0.9982319168957206,0.9796359528933766,-0.1495402621818861,0.8184547813186135,0.3362136073376887,35.64704462202239,0.2050881240102172,5.429576665973434,0.7291866160817726,0.3959575574942585,85.3067452555755,3.725244868495957,48.96186860952643,2323.394506801525,0.1842964191889052,15.037423300596682,1167.9957815255364,8.546204757944537,17197.906404445443,0.1856541509973821,0.0005365583118823,4.46382069778323,4260.458981855976,0.3759658524502961,0.5483245748249386,1.914247765584136,0.7562717136544035,28.115352942441007,0.0071820566536349,35.89207500718959,0.0293764146055094,3.11374,901.4338647890456,214.609,63095.6,2974.240931299701,0.0317812857694135,897.4039433925243,0.1532564881742139,0.7503415877692519,156.61135929538457,0.0344248842583569,6.047254322688324,0.059331898892848,836088.4149290902,0.9696271768951285,0.5337231339839087,35.5487637868295,49.60180846101101,47.20201224884672,67.87305949814075,16.623908544279512,34.29713663389011,12725.706674806792,25.180666899880368,0.6505114522350226,458.685,0.2662161658490231,19755.90961226352
ID-1068,Center-4,M,1.0,1.0,1.0,0.0,1,52,66,0,3.835232049513401,30.4674,1141844.2015891343,5.842879088418978,0.8006475121881601,1.79041,43222.18383499422,19.10752851442536,2.89068,1.676846873746792,10.273119345915475,3.332298025609981,4.0321215236200185,2.3276583824667645,7.3662353870952435,10.435498948935606,0.1622177545739215,150244.38392113504,5652171.32942218,0.0263080607426128,15.673803119981738,821.3434289720335,16293448.128018264,27454.820725194924,2230.468602825168,61.46148285933021,0.8722840434481991,1.854197111408864,3.1640947759779747,4.345706922611777,0.3871802872764023,0.2875215377426086,0.998305,0.9321324984997672,-0.2914892360204693,0.9630807753898594,0.524750916538431,26.961924508069345,0.000347025,7.601766785749761,0.8967227493735783,0.0372181948442543,73.08609908747405,7.205314822189273,234.1301629244108,67.21540944352847,0.0329605284890419,240.41026720900737,2470.9735304066253,1.8191038020618648,799.9471086587986,0.0284427372593591,0.0106837790109092,5.4278957426082135,277.587,0.947064,0.9227317156224656,0.6633928068114568,0.9132679123562548,2103.6850729154016,0.0062408577979891,48.86011380253887,0.0418104081222522,337.6972574663573,1894.9803034775755,13545.328645337942,10222789.587379765,0.00123903,0.0235698347518155,2468.1052230360683,0.3351483139474309,0.7550839033910237,8.106060685717779,0.0143709248235359,7.859610672052659,0.3265317140540238,42280.55619313453,0.5016781633957531,0.2776221193515856,17.05154319217663,53.64989916304134,54.08329468614036,47.95628068582072,38.41605297350842,59.851013517333286,25131.11190841068,24.87501262133311,0.6430370223978091,463.203,0.3757159286367776,32998.51987122945,-40.99948440355094,99.28405326671135,32249504724.58465,0.8687763778250369,36.7941354654824,51.510259934836185,495.6984320219352,32.33082145976423,4.12072,26.53873810870937,-287.9145269526545,1246.4945614489368,26.45960942444809,1085.5139333310613,0.9530584619242876,40356221021.15727,0.3382310715110248,67.1971,1778.2372425828416,1725738.6574671497,-10946.80825470832,46.5795749067655,0.212363,0.4323806626362483,1.385107477849256,1.2912267835930302,16.216912766951673,0.7494856078590909,0.8583461667100515,0.9988831313705192,0.9931462355039844,-0.3100330275067934,0.561307506091857,0.2476321959882086,35.6527530754271,0.4023161730017303,3.986167522660689,0.7442524565217417,0.4915295193059889,112.432,2.852741653666932,0.224451,2840.807732458344,0.3062560645242346,0.610339,1301.3412951225412,23.99123736136832,15536.859118688555,0.172376200074929,0.0099181011960658,5.118340304205213,106.226,0.4820019416903446,0.7148359618923753,5.8542870204778685,0.6443602850656835,1323.430859892469,0.0004270864568545,3.90476,0.1469918849087346,3.11374,1399.2648388554826,214.609,422630976.60304594,4110.025632174666,0.0331654523575515,301.8165082481409,0.3514049752156122,0.4648421826748166,669.5991234586722,0.0299063100890044,5.937771691981826,0.063436212100213,316728.9256258729,0.9122721063439704,0.564666584414397,24.629580265187805,17.680388096210084,55.57134755803441,49.46558946465616,50.39362438122826,41.64185244031094,548.583,17.072361852770225,0.5834980374312413,458.685,0.3020600683415551,18748.8940025732
ID-1083,Center-4,M,1.0,0.0,1.0,0.0,0,64,84,0,1.89383,10.036558144820823,3730221.9212415726,5.160350207009965,6.177181744333304,2.80384913282026,38706.47400056823,12.611517370730972,7.947630284019196,2.95959489457728,7.376076164378292,2.943735507229841,14.576957756949144,1.5267454995067469,7.348222596574363,12.446771639342511,0.1404590070620407,388708.33792894287,3062337.015879178,0.0304261292991681,6.448291148009654,2659.4560965100063,7906315.822204875,-13762.133773340642,11.2113,32.7207180841783,0.97466,1.5864902017032427,3.7872411789994462,0.393348,0.310068410086733,0.3915867090146947,0.9956874184569684,0.945717418188,-0.2939750613605151,0.993989,0.4106344894391989,29.722735343020226,0.000347025,11.8075,0.9715282714193576,0.010571424900446,91.97468810097747,7.413101486723424,178.28041574598657,588.8361760107007,0.0511586921689159,3.51945,38.346,1.6584061493344897,3048.372180350857,0.0356758900145468,0.0052324130807958,5.186373784042436,2774.763991119777,0.7880294939065159,0.8038536755147039,0.4374088103230905,0.9212660815056318,1757.320573014113,0.0087423650522298,139.86388775321575,0.0814975010933503,6.42722,3238.4908309745897,3.34623,6110679.71241075,0.00123903,0.000476227,1988.066279364704,0.0739264888569847,0.7118089032649174,2.66496,0.0132873246761498,7.406969846409066,0.3024441755069347,25217.62193005783,0.6571350315612976,0.6765385020078112,15.694912195745465,36.97717672378644,29.388481085033263,49.93531606072133,40.21501934976218,45.911792242579175,26055.33359465742,32.88894958994279,0.6236235308111028,8250.598829425946,0.2530439391688775,4280.014466983377,4.0919725762647134,86.85813109200618,32201118356.88328,0.829978,5.42996,121.95019849975914,313.6354680102276,37.722855125251634,37.85800370595301,39.871642968399634,-696.7800327372573,1459.505317601644,18.233088310004817,1052.000835310777,-3.452638620933119,63434565508.94952,0.2750605949148386,13590.672341988156,1350.5086867709172,5.8552,4019.400855187964,267.2103198121801,5.411349377357542,0.5726464016443656,0.174711,1.583991626911304,9.18752136401976,0.6985697331411173,0.7331985117042044,0.9964465020264912,0.9783404842389124,-0.2503860622459817,0.7629199570883387,0.494728,24.099544993646283,0.1111480647818657,2.9275379302631985,0.5640741931903548,0.5248030918798071,45.6605688956155,4.39739078199662,0.224451,49.2996,0.24814495530834,78.65258985558089,2059.2790829162354,16.630300778445548,3559.377794783157,0.1103995000147116,0.000499152,3.610480720589051,106.226,0.4767232610239658,0.4471290804633279,3.158345425123544,0.729811077599614,1764.677965513933,0.0057335579948866,143.4947497171652,0.1662981856792842,3.11374,1398.4879654044692,589302.1389427074,325034048.8527703,0.225683,0.0398616326368114,5.90323,0.334669246107136,0.5676691860745009,106.41363445254314,0.0245712187749834,6.053923672094747,0.0963661507506468,487375.3692113799,0.6367492518005282,0.5290015035182958,27.393501531021258,45.837929290868814,24.74473478109167,31.970432871199723,24.247524926042423,52.1682171034517,52474.2377740238,31.19286050784497,0.6817596022195977,3760.6918976698425,0.435842783204801,15340.725171606602
ID-1086,Center-4,F,1.0,0.0,1.0,0.0,1,49,81,0,3.782020909771771,5.755302870735084,8110.21,6.827430825663887,0.476152,1.79041,26176.81265517009,14.265795836464443,10.507549133708592,2.474475083888431,7.245454947149945,4.693490272628794,1.8071,1.7322632827953854,16.344843183632104,6.1647735541415365,0.164001223858445,74045.66331584833,7374759.790226559,0.0659420455409321,21.067469634626235,2009.670929876297,1927328.293820465,31264.67211496899,130.4955349472952,0.897676,0.9650170127032934,3.937557199556066,4.016767257070692,14.772347471891193,0.4365407527838841,0.3301883415782232,0.9979403492839136,0.9403605606713042,-0.2939260690658444,0.9555868327928296,0.1661046424288345,41.79962351717887,0.007243178492547,11.10315669500782,0.9370108156744916,0.00134553,99.23369331688352,7.0798899799530375,237.9928054550433,364.02620386766137,0.0537243893665592,289.0347418938668,2500.4586072643906,1.5299306207132084,5062.36380377259,0.0055541153341569,0.0187458798945768,5.911798114235441,6692.063223790903,0.8546210768974676,0.8699856727285631,0.2793566960012943,0.8457687253701858,364.6196940949385,0.0112038521831404,125.50796499203418,0.0272159418201894,177.48073052334004,1993.5077802683545,3777.4312281448815,6485.56,0.00123903,0.027891315122085,1697.830203345621,0.2942047874193926,0.4928486630154104,2.66496,0.0075494139689959,6.882201022371186,0.4150401034663418,432.88067342715294,0.7759479368811051,0.4434087218083936,7.590506481826535,37.6986673937576,61.13265349728319,42.24180005730705,51.42744360093504,71.71091118574115,23493.69192016177,20.09358483153504,0.658724009264505,11308.569764438233,0.3981915341632995,19671.641576094986,38.47177139476476,33.3375,16678002824.348944,3.717013150389862,51.39275717145559,95.36470276088323,359.809958036033,58.46721017301944,35.831784201378134,42.43628492351564,-561.0933024263023,745.9277859367827,4.321314677845994,1048.795106285458,-4.154667459537718,8127695217.960241,0.243223626884454,3747.148526059329,1253.0148547361512,830732.8431972302,4475.4110447363455,43.66029239084162,4.225288112788556,0.5545142464365732,0.9719437051216154,2.727096842689877,0.181279,0.721211609089124,0.5448937676260937,0.9962112261696842,0.9813653616188954,-0.1480310431315885,0.6391309450520963,0.3619541816738279,48.15247224441967,0.1757953807979262,4.388770337928922,0.6632167608681392,0.5800394141252669,21.790359397547647,2.55470201245037,10.251470079422054,49.2996,0.1513616652895513,11.189964854032317,2951.669920677164,1.74669,8039.2745621697395,0.00100254,0.000499152,5.237124611642028,7117.737340632665,0.4780824976781351,0.4830022423746788,1.6508224088894647,0.7396313946266055,835.7107657684926,0.003111632029915,83.5426830297051,0.0539943139624154,152.04288213154965,789.5122079502303,793912.5240003671,440245260.0981878,344.79699946441406,0.0217201244537026,5.90323,0.366887831497674,0.5242474983313964,1282.6577847001772,0.0120723562577113,6.76635467433026,0.0216223744150791,775865.1469944823,0.6772308255067235,0.868571,20.469470592751414,38.545564364208445,63.32718496753503,41.958244567334376,51.93615293422673,28.966528399956594,19748.166465854363,18.626170515195973,0.6028333550387578,4864.324315516193,0.3721132076873904,19120.841080941773
ID-1095,Center-4,M,1.0,0.0,1.0,0.0,1,56,46,0,8.098162440643081,22.33553654206293,480363.7439126348,5.077545766264094,0.476152,3.182368073556831,39289.977726130826,13.081061113958508,4.591054630696406,3.1473557219454107,2.71105,1.886046530068007,1.8071,1.5229769512401587,12.347242391910878,20.545793337461657,0.2463798737410291,237472.6547281227,8110.21,0.045126748337427,21.328632902931407,2703.993485321218,7134000.492800578,6004.605804181509,643.2252039707369,84.38482161127412,0.905383170322682,2.8826798923673893,2.9989297541732163,17.187565465602965,0.5351286447415705,0.275809862092684,0.9947646630818822,0.9650362721583718,-0.3536965973378956,0.993989,0.241611575802955,21.17107271991858,0.000347025,7.147115052351476,0.9277411195476044,0.0206274476931574,100.9977620345196,5.83772018486035,243.62902205634705,502.7764446660624,0.0381434817663277,208.30606803306563,3448.421200804655,1.09603,1322.917271377411,0.000408215,0.005628862483249,5.654578609333048,14568.228546481509,0.7544120360842056,0.8865377490468122,0.6038894037226658,0.9387210664945468,521.8813440490525,0.000379169,45.46513575011101,0.0426317419961948,162.25495463350055,1944.230441348156,25530.84517956472,6485.56,0.00123903,0.0016498426899355,769.4181453929169,0.346805628803377,0.6092473757664623,412.1273063335159,0.000418855,8.233849548482677,0.1360768389082701,1.09326,0.6674795104796416,0.864829,24.980004324583376,53.16573273277248,35.42715693365326,41.365868844706384,42.63705681882493,56.38265746595346,17157.222103614524,20.723606448020675,0.607400980649954,10833.38250816578,0.4311278930303857,558.0,-21.400238794219987,33.3375,29964077514.882587,3.620891093813217,27.04226226294676,54.54785477476139,369.5088357825505,45.22246450071861,66.65737500333722,37.062334929774025,-412.7726529474554,423.4980441343733,17.049596222687235,1023.0683638302278,-8.74599,526132000.0,0.5420482734293824,17049.15957610956,691.4222151867532,5.8552,10685.088885058232,29.86611688690329,13.071842386438124,0.4823221314356045,1.2834657389412891,2.102097404955982,10.916043267805652,0.7090952821088348,0.5966255481406503,0.9961623440668502,0.9850136693727382,-0.1415926452805716,0.868661434576853,0.3015231151575459,37.04760817299896,0.1423614384537098,2.1642915644785314,0.7754046516244204,0.4035760543968233,105.671349446513,2.590156852772033,13.456008496006344,3196.7341895004,0.266361086104635,0.610339,1073.94415787032,20.51980071931571,4375.3203837948,0.00100254,0.002063665121255,5.075830698372633,11052.647535771375,0.5754422827643789,0.5260556570884326,1.993152747694955,0.5396645979151176,499.195108129303,0.0054699270579423,80.12336544993241,0.0979743308245441,3.11374,946.3722604070348,12542.395585364626,177423089.36323026,0.225683,0.00104556,5.90323,0.3876611707528264,0.6718876601673336,721.5942340287885,0.000562722,6.561709999852799,0.0323413360546742,457805.4428646116,0.7491717267633548,0.4204221023870835,24.90389395542215,48.13714635204564,43.08903453111609,54.15025305357168,19.231546420927312,43.57360180060329,6793.610826796197,42.78775355586428,0.838858090613016,6068.257483469823,0.3343196345169195,9314.795197144533
ID-1100,Center-4,M,1.0,0.0,1.0,0.0,1,50,39,0,6.541376217096024,20.34310997000338,6834577.588853162,6.8484,6.050845389353667,2.166903103339348,51380.46863684762,13.781241498147892,2.89068,0.3405117871616588,11.128433116580918,2.558667930007504,10.88952223148341,1.4594184136436164,11.022985180916478,21.32590353846249,1.040214109968089,236823.3670167949,3601813.254162694,0.0234637716590557,16.88468933224072,898.0166103615882,7422337.5730145695,22087.466077768368,11.2113,23.56672773750135,0.9732413285586096,0.682288,3.3861799739369074,4.390901193246717,0.3097338358094895,0.4645750378184718,0.991694820143012,0.9377414271482596,-0.2629966479497415,0.9840440407554164,0.101875,32.97373147307484,0.0013745906723784,11.316850065255249,0.9443347748873542,0.015165274156118,51.10900499189312,6.334025346631331,199.9726673979356,901.7118600657632,0.0455127332530368,336.1650721329325,2368.513609114181,2.207855578263941,116.083,0.0213892038578094,0.0086418988592591,6.060365290359589,1946.120554114236,0.7875659579468841,0.8555345730351092,0.1294992737317629,0.959447555791149,762.7167599162933,0.000379169,77.0834294421347,0.00977157,6.42722,2077.51574371882,19989.13218994923,3212658.006225699,0.00123903,0.0651891941638749,997.625154334476,0.1436006333218084,0.6295730849484444,2196.0448267763654,0.024105761370492,8.467748252155076,0.3557877677325773,5465.889604763117,0.7697405212287501,0.5673325607489008,19.418523848974843,37.453819415580014,47.419296942659926,41.630800135888165,23.21940903301548,15.63369765663338,545.25,31.12850740159732,0.766918084246004,11664.803600662794,0.3387244718090214,558.0,-14.819299951526585,33.3375,21587704623.316586,1.3835610874970212,14.291164559418196,74.85503096104958,66.3085,49.58305061318056,10.83363836463015,45.49471162062813,-596.2429247530509,1283.479403281001,19.811364132812336,1059.910379073185,2.316411386875968,15013838322.791052,0.4476096997380833,67.1971,108.51521157169748,2104181.64889685,-5637.639056452965,114.69110235464254,23.02841486663129,0.741133092541304,0.4191620770702822,1.7001829203967227,3.480601878611513,0.8333181926896417,0.8807131686109874,0.99060662864545,0.9637875898841852,-0.167585251104229,0.8413441714946235,0.3656396793106285,26.530812958404624,0.0728779086759962,3.1399593182495225,0.8714939403603805,0.1780831891707053,47.941704816666665,3.3929088052400886,49.12468427901054,5350.082023329362,0.2839660523513982,32.88559344180121,1545.265290680273,15.167119229203296,10428.801181214389,0.0161609387536806,0.014580958478533,4.26700258018369,106.226,0.5973356702975227,0.4980263951256847,0.291681,0.4493748233526594,2076.354937464375,0.0126265125958075,34.93741993929868,0.1539777229215556,6.156423126555655,1410.848180847605,900497.5575332093,239959357.026068,977.4664025988714,0.0167870140114688,31.88690146035379,0.3708415879953156,0.6806600036391756,788.5025713179484,0.0384903057136425,6.611817986223891,0.0740623524836856,104779.78881797288,0.7953621128648776,0.2532591270624697,24.98680410700521,69.79912307469456,48.35212107047549,24.40791352412261,40.07607179618185,49.53393189072026,7063.320031236244,31.841912924693933,0.8282843831010903,1352.4181951008543,0.2112627503820722,23101.93236543772
ID-1127,Center-4,M,1.0,1.0,2.0,0.0,0,44,73,0,4.162766763195142,9.081965689270184,1973698.3601400969,6.128512781734527,3.1700966625756224,2.7571792586744523,11127.178777649904,3.8637,7.130577307781281,1.5197125451723563,4.02885437889807,2.3632741821072525,17.21961356624384,0.20577,9.792840862802784,2.99426,0.206917508714505,574652.1740099391,244268.8394067887,0.0338034519231438,0.134882,164.1986759500258,2623508.226052414,8892.907381044946,1396.629496939515,4.219871053316226,0.97466,5.703731188663895,3.419389072155005,8.735917587323915,0.1974742780577737,0.4988914790561856,0.9956612425673296,0.9569893226205728,-0.3872285744099108,0.993989,0.1974501282816488,14.519436895831673,0.0200469078645021,4.45707,0.9618305192004196,0.0326643027992855,94.47183613157652,6.38514549386221,280.07311289477406,466.3006219982352,0.0491277704976425,468.3977393613764,1630.861383182927,1.6781222670288565,2028.2603530872627,0.000408215,0.0029017682516237,5.760219156158004,277.587,0.8898420425798673,0.8957610571174502,0.0353675,0.8972810031354606,26.058,0.0121928501289559,1.93333,0.00977157,196.15007818094355,2196.374991364106,3769.064284215075,20013279.286503207,0.00123903,0.000476227,213.45920478686665,0.0642722,0.6901853124033085,898.1977891288669,0.000418855,8.328125467209722,0.4797468889255142,1.09326,0.6176590092499528,0.6322206683032854,22.56356351689937,40.38692737539412,55.01554757369974,62.20233915220192,34.65419575146727,48.664547486670834,4395.5134282521685,10.70574385211036,0.8361606385462851,6217.756828981588,0.3703729819316633,558.0,4.5649073897259145,49.40346367315223,25336684990.801537,2.3874127465477533,37.01837907191975,93.94960066330374,661.9986670512186,15.219202854854874,4.12072,65.1334,-696.3755543357265,144.178,9.74980076847631,1049.9104040295542,-1.130376679191824,526132000.0,0.2283716004303268,5038.39369876015,1549.995745338424,5.8552,3714.430922290103,106.79361470894082,10.291705155346447,0.6806829786558184,1.8285636701944377,1.81444399701962,4.577273470265115,0.7078124286868762,0.5910773652874663,0.9983415630844332,0.9620098191645734,-0.2303545918450937,0.7094885889407772,0.4924612342888576,5.1024,0.2270569296199023,3.449451317115806,0.7151551295491505,0.390661619518804,91.38875273020344,2.8196035025702693,0.224451,2668.001221885181,0.2559589118029213,0.610339,1525.615099370905,17.262171504964712,9076.106056904644,0.0700198152183394,0.000499152,4.704586408810733,7072.65084179834,0.4629404811550886,0.714853826933504,5.568939656332404,0.8260671055682127,741.7817374128279,0.0069052323458739,44.30818041439856,0.1030248065521293,169.53570569250851,1197.7984202248797,538013.7141297,557356683.9983332,1915.0239804147843,0.0273560473102056,472.6490039979526,0.2363675847272753,0.6501889334002348,562.5503610911924,0.034292503325828,6.138250529780648,0.0364744339783598,190.726,0.8033541984244232,0.4701684626551063,21.060811031391395,40.894319462506814,28.786164458616447,35.84704215633943,30.91815350772383,47.08019230729977,34455.09433190775,34.80677636878427,0.6696119678544014,5356.5473969548775,0.2500629807749721,20041.044494291
ID-1128,Center-4,M,1.0,0.0,1.0,0.0,1,37,40,0,6.481430593415187,16.362336171971986,8110.21,4.243633672376695,4.844900471109977,2.494121920977823,11981.331461052358,25.758348105354205,6.036160498822049,3.646631661753473,18.31616724761221,2.126466894729239,13.19030153856246,0.4845524835671398,11.615630004468803,3.894075068989961,0.621353517447338,2087.32,8110.21,0.078502303051781,14.24089001066531,445.6832154851192,3504066.85361198,51938.10720383503,11.2113,47.10673060710016,0.8912407358165345,0.682288,3.566755323949592,4.16922290302317,0.2943206312452965,0.240011261739996,0.9927649829164436,0.953571451974356,-0.2694463029234614,0.993989,0.4059568092635561,79.1156373569495,0.0019994253110427,7.519319941587676,0.9565738634156198,0.0150552308086928,20.34177179204536,6.652410595496039,651.33785712782,674.1652299788361,0.0685705245248522,3.51945,38.346,1.3935820789933773,2262.038189947988,0.0610119603304325,0.004676519874657,5.489562930760654,12767.313794121394,0.7907850458717813,0.8943549255080722,0.195538504593528,0.979283,652.4734767211532,0.0127307471351246,124.88474803175072,0.0373633769856757,268.2910378677365,2255.017608963364,22104.39056843701,3723310.267228591,107.73268117683796,0.0059311943484454,2514.006730793819,0.2946541244237671,0.3045786164421346,1187.7406860608369,0.0218930111718531,7.667271483161871,0.2203045644946609,2232.069771701882,0.9337109175102934,0.6032734789741976,25.88684601354732,11.9315,44.99067271196075,36.04411064517833,26.770075446337778,35.428641761026,8217.743485204252,12.381828773473648,0.697788530347973,12245.21339328938,0.3336639575678122,28083.550207915105,-13.871119834398012,83.97699116556097,42561625819.18008,3.689052949405669,7.77762029683176,130.35713481719074,66.3085,35.7479684929167,61.49318441303832,34.83994937194006,-340.2796228867038,598.3849051243693,17.116061642815666,1030.5490559949244,-0.734758236292282,26880693437.18412,0.3813026353289684,67.1971,885.704585811589,5.8552,-7307.683629962219,224.2651090134307,26.95469298105112,0.5510276324996913,0.5941400100152657,1.4496388466695729,3.1546589092564488,0.7700772525181316,0.6841947345077967,0.9996247220855672,0.9666366815108886,-0.1174851838396983,0.7559881126091342,0.4013477498731442,31.765626769469627,0.2035240647458569,1.41363,0.920413,0.6142211695308469,10.2048,3.2252777200951046,0.224451,2951.5779473671223,0.2245526611504776,0.610339,28.9544,10.049688642151333,172.295,0.1649681585365929,0.0127761227701019,5.205332176080844,106.226,0.3069647427759076,0.5706935672955614,4.721325236128608,0.6923369899839955,17.3286,0.0059226908744582,151.8713288137458,0.108920019132811,218.6393984130848,1271.106023617171,484651.164513041,1016245997.5101624,0.225683,0.00104556,356.32975495955395,0.2115195383921901,0.4868749806808849,1114.1893048699349,0.021739674778637,4.970344307124329,0.0898440089792154,568812.6118012844,0.807572785845623,0.7388062621544178,10.198277906337337,69.03792252939375,67.29360228237135,36.93592016046116,32.46333898889424,60.85493546719703,548.583,12.888792881529694,0.7298173874520247,5970.649002417968,0.2362870104994182,21898.68070045867
ID-1139,Center-4,M,0.0,1.0,1.0,0.0,1,48,57,0,5.646810506080268,19.660898170088537,785830.9724647055,4.142908339057514,0.476152,2.811991739741769,4819.882346178594,24.208896994552504,9.706373015539317,3.253664409880356,10.593155845263608,4.119869142678559,14.841794139363737,1.330618210485909,16.38354944512963,6.56279151328079,0.213308354778196,285370.5927084228,5022126.228029306,0.0402942199008767,3.3695403171887013,1746.0513612852862,1634035.7010058714,11814.656039873147,1042.8603315740215,32.44406060517271,0.97466,4.086268374472671,2.5319398417241485,8.194594657522245,0.3763941295822933,0.1960596405123744,0.9965765915437146,0.9530262281554124,-0.2850341680118807,0.9831595950513627,0.275936184025028,26.77680134261024,0.0108722943229202,10.819249370672294,0.891337423715568,0.0180444547503708,72.87543695469859,6.683158443080248,318.76556294600783,523.5536709070177,0.0265151992124839,310.42840684658427,1020.0317456270172,1.1950421205396988,456.2272397585375,0.0041005631737711,0.0112855166270803,6.501465905689169,26548.36715043941,0.7289352061873462,0.8537780262851494,0.2311493802322752,0.9332663504092176,26.058,0.0134328648777102,133.28625935160767,0.0345130835593366,35.53362882238558,777.5645033047083,32043.71657469817,6485.56,173.68245962333086,0.0290072242386983,3993.542053961495,0.4047556132150784,0.3267414655232387,1077.385006427143,0.0144956764294321,8.030204841509404,0.2168177866734671,50345.78751089616,0.7052951768007689,0.4942048799176089,28.89471860295464,21.82589375774964,42.71228518678236,58.69354116611408,20.979016331035524,59.98121395151102,3924.380523706595,21.032360275159963,0.634115409641681,463.203,0.434538955823637,10762.290568590868,51.3066,96.6785124451364,6850642587.1106205,2.4166633159703004,50.802554305702415,95.53152767393776,403.691916845291,48.792710146042936,5.535593465536468,47.3762306584029,-44.35357394559608,1696.643070235738,10.399940612717232,1056.6208223326296,0.1619317640522518,76186644864.87125,0.305504697959991,9602.410475135366,399.45798407351856,637919.9692270969,-1680.6611361092607,46.16134977343063,9.413810515211663,0.4515191388324627,1.6630375928571146,1.8723200853405184,2.562115711957474,0.6282337261943209,0.8256107827614556,0.998243434842966,0.974702308124235,-0.1785267087459858,0.7766347642213675,0.3336017746147157,22.101432603074866,0.0125889,3.658499139621098,0.5643146514782473,0.331280723935033,68.9502489459203,1.6880639707653493,9.772869338331676,2877.1107588546183,0.1875249729027891,55.57757400340972,906.3100916304916,12.87437613546213,8750.279330471509,0.00100254,0.000499152,3.46934,2445.309386784538,0.5769400852546168,0.4148196524708401,11.021905191700196,0.5732113377964896,1360.6568109496989,0.0086686521265736,62.03735084188064,0.0152311,3.11374,859.1144690230436,1007261.2840788192,63095.6,4135.862612162022,0.0011804810948017,831.2633560865357,0.4726263128179238,0.5761033529032503,767.8804165912616,0.0296568015718981,6.11321972611695,0.00580198,188296.1658229999,0.67181155229324,0.5457790553088679,18.728062752612225,38.0785596689343,23.615745440914285,36.516382236693175,37.69508618787216,43.42775721658114,44077.79461494134,10.136261803312603,0.5845424895210941,4698.759487032725,0.4931193458786342,2725.7685896152934
ID-1142,Center-4,M,1.0,1.0,2.0,0.0,1,54,78,0,3.557899537216385,8.388216569382905,5096647.202312834,5.292626472635051,5.907219550201874,2.1074919472548124,57148.3571369795,15.294953599119363,7.857423718006833,2.463011827086687,12.41300379943241,4.365979066735062,11.905042181634162,2.1839427613946074,7.719667526072653,8.521413849240826,0.2165884411134599,269088.805806034,170518.66737950954,0.0224476919026976,15.449269459235332,43.7843,8432995.228690647,25444.454625286144,1083.0271307567568,48.05561594311175,0.9229009222510116,1.544821782347159,3.543809581538644,2.0352250925566624,0.3068939875227161,0.42851654573508,0.9916581314009664,0.9589712395606524,-0.3429240302815207,0.9892548663246076,0.2565442123414785,47.18606162263216,0.0014184622996151,10.919957883331094,0.9581822850801338,0.0030149182104006,64.65137535736176,6.055346027233191,3.02726,184.74481441291903,0.0446959196564988,437.1226299689856,2633.864474098308,1.09603,1775.7227956526888,0.000408215,0.0125717859589513,6.918305437709074,34817.6517356059,0.947064,0.9340942622064592,0.5328681827094071,0.9227669844951916,1635.5593328001032,0.000379169,22.67730243172508,0.0446974274603483,337.32818917750853,937.203457959538,20964.494282727013,7403655.390952623,77.38387637658278,0.016890530977036,319.47292169701745,0.341467763281541,0.4618185371946592,101.12268065788518,0.0259364973009096,6.185084184111892,0.6274406558281567,10745.239226082604,0.7907449890296686,0.5923970685008448,31.84627098456615,31.74945643022197,36.20054753802291,55.338519704017536,36.14055290374123,53.38763277637194,25740.575339606625,32.52667819632071,0.755736552674499,5863.237452125444,0.215667013207713,18630.42177037481,51.3066,33.3375,40834647555.98059,1.824049953294069,49.05997423792138,149.44303448099413,66.3085,67.27164484293351,54.62716077684563,45.57808536798654,-32.3284,1026.83209531418,16.84908514626624,1061.1726133673433,4.2029700486105055,24262455141.30695,0.3365457151665224,3552.7300226488624,2322.097376611991,5.8552,7559.386884821175,83.80904166434007,0.212363,0.4766949923950151,2.437385354916654,1.5325155102274146,7.187945769718517,0.9039070952680922,0.8214538597880967,0.998173939078174,0.977994160981846,-0.0847855118640286,0.5959160613828316,0.4488455185130597,16.26175881865364,0.1840444613303189,3.594908021971922,0.653982032107026,0.1536976952490806,10.2048,2.320708226242973,0.5063667334180022,1512.5182201812656,0.2608604458847803,0.610339,1473.1196110531746,6.658493056956456,1591.2156798183314,0.00100254,0.0094432483869458,4.269832468378717,6930.4952626207305,0.672972665420022,0.7946830687647914,5.524669981942162,0.5671574033549815,996.7560849674444,0.0119528691925018,3.90476,0.1693938789032971,117.9485846089675,1137.5400286775816,477104.5113742488,63095.6,2238.9895652449286,0.0506546516869297,354.73087056863653,0.3615898623480816,0.6370871402999209,114.45397263382586,0.0073411589986464,5.535848431599215,0.0353526876646192,353642.24569978466,0.9507681966621891,0.7763120137245577,28.69527721774609,43.783141399858096,45.28771912522555,37.70541199437993,29.57392429456363,21.59857937374988,51906.38337765993,17.96358717242709,0.5486866010825555,768.6910283696217,0.3524414420738292,31105.216129573284
ID-1149,Center-4,M,1.0,0.0,0.0,0.0,1,52,112,0,5.5278707867492045,16.530951694208103,8110.21,3.7710117436725774,0.476152,2.201382406621507,6939.457978292317,14.395459111494738,8.46469817035776,1.344128325018346,2.71105,3.5988927832313635,18.155521939594653,1.7373477795275338,11.099026174366037,17.403068489210124,0.267590748355812,388152.9010579591,8110.21,0.0392480890237084,13.435848419573176,43.7843,7870124.803875583,-3940.783091480133,1513.1164483365758,0.897676,0.9332195242686604,4.280177817145887,4.158127032139798,6.429018204931647,0.4744884690101784,0.3256765212106913,0.9907183064994068,0.9458386153291092,-0.2840509844992652,0.972339104579096,0.101875,35.54560179267322,0.000347025,9.807787586758566,0.9608066298903026,0.00861846318239,56.45000062309113,7.473474997871876,83.4725298929606,36.2218,0.0928593931995454,360.5452267287543,2180.1601722191804,1.09603,1704.3286059658772,0.0311203547305907,0.0102601013175718,5.913803204120186,13357.088862816376,0.7521932780577628,0.9324371270720044,0.2372761374196784,0.9349930953777162,26.058,0.0058645005299457,45.175497812099685,0.0276073484296782,53.20479772847942,2830.612467079965,630.9633389139167,3343229.335835331,435.8078998354408,0.0501663463360902,1705.3508826651089,0.1587652871384524,0.5156879883030594,900.2882296459032,0.02153933094716,7.144948574277569,0.213128647898828,1.09326,0.6550548128801063,0.8147959448987597,27.753068099735465,23.79813452646307,51.16872037587444,43.13793355823659,26.499828456372768,63.54624531829177,34667.843971823524,37.83932280380078,0.7056322668777165,8336.759103073393,0.662655802247458,35196.20900568768,-12.01074459028402,33.3375,45464186488.56302,3.397419739220311,20.095396918711646,56.94276125668203,802.1484717215338,19.948624391633807,4.12072,60.616876194518895,-32.3284,144.178,17.23483043580264,1044.2268384058175,0.2716930133377709,27308417473.30641,0.2378621821001711,28235.419326643227,1236.382901883408,5.8552,5946.466839996332,200.27345931332303,1.3963690696041136,0.6720916487980678,0.6903528801572283,1.4600900106468144,2.1413373093871617,0.8018514321601197,0.7026328186936269,0.9984679855865491,0.973913770291434,-0.2069671476611309,0.7236847367202285,0.4114184714201731,11.703908542916402,0.2409467618977347,5.713706815656681,0.662530771468508,0.5742551456931734,55.866020286717735,1.9549083576057933,6.60676271645346,1621.3366894498326,0.3885052149382289,0.610339,498.5252907525737,14.170558014995947,6233.370274029932,0.00100254,0.0039859374673299,4.0462072595418,2097.9318365637155,0.307812357597565,0.2768870957894904,12.674400230822652,0.765357352790865,17.3286,0.0053981264117423,45.20897279197667,0.0152311,159.7640011829167,280.7216676640637,214.609,495607321.0766444,2784.81494819466,0.00104556,883.6456442040574,0.1973227905240878,0.706493490923523,664.4194753004947,0.0259246122145924,6.6738631263309935,0.0213503402351702,190.726,0.4396149450417398,0.5471591471474758,27.05418562625468,55.321877111100186,46.97390285164626,50.27991083189174,34.04263374141788,44.19135223423886,9251.758556416657,41.827185808539646,0.694457979472935,458.685,0.441240594209797,66562.37910870896
ID-1152,Center-4,M,1.0,1.0,2.0,0.0,1,55,82,0,5.874251115428586,13.999937694984537,8110.21,5.457806176701426,2.7330154468184253,2.875764012173736,2683.17354579578,9.8181378693563,4.344052876158844,3.7025938944970966,4.200419465249687,4.015631124266096,14.573845366587562,0.4491150347913762,9.763025287552487,15.402301802068331,0.3886618619375822,331452.9750733489,4784988.431906035,0.00914519,13.675686329002476,3260.178204560255,1021852.6042297174,-14658.967589766306,105.14146830085672,14.179124443866264,0.9505230419200158,2.442404632850055,4.001067585617929,14.28593997015338,0.3969420121803643,0.373848350761236,0.9926664515272288,0.9440409834316678,-0.3027438393519607,0.9585324770311632,0.3523158242192024,6.41898,0.000347025,7.628172157940402,0.9260704403363408,0.0082957982794247,48.714615203365085,4.56494597948774,210.56781610443304,1081.920949248869,0.0391490202747676,3.51945,1350.90623133805,1.5546055329017638,559.092511395783,0.000408215,0.000384061,4.759413408033579,19746.90572780133,0.7701694436496425,0.8556896736916252,0.6234457117444079,0.8692223843271888,1020.67772166427,0.0043272568397937,1.93333,0.0584692273465535,6.42722,1185.2893117487165,7093.593292057357,5565840.664749046,644.7338256263755,0.0603775250082502,4072.277035602987,0.2452241553923344,0.6861544351661406,558.5931181844367,0.000418855,7.873890331179451,0.2272044986770645,13730.24653862998,0.7087140093818886,0.7063414697229425,14.925689838067033,31.475567707728526,38.52425251950277,68.15087622311671,27.71182248747403,32.53236058832394,22998.96753968522,20.58336719481634,0.6798351301187002,857.3712612888285,0.5185611397473276,20630.9696420486,51.3066,67.33115272900451,19578941352.471085,1.678999645672421,25.343159599008548,101.5098946143859,171.5298873634842,56.51429544858429,43.89069732568583,47.72822003451811,-788.1449974090649,144.178,9.739485507474038,1031.3034901117398,-1.7449547057068298,526132000.0,0.2781611948330449,30692.68240729785,425.6504897514699,1444815.1852307576,-10918.809610586171,0.664828,7.194939342985163,0.4845937253444213,1.4243869405102758,1.6320288382018646,6.433522182882326,0.5555279088923517,0.722484905464041,0.9978745269834064,0.9945495782316156,-0.1867860123099287,0.7267076961234185,0.3332212465850615,56.2161,0.1728377737721268,4.198058064130425,0.6057729045375573,0.3762638547799981,88.17816110910752,3.980968314011679,0.224451,931.8740178527196,0.3074312384817512,6.311113365688554,2241.716938203339,4.886969583937395,172.295,0.2176082110477458,0.0119669685882416,4.600490219965822,1361.1960766441816,0.4002517126702858,0.4759546447860588,1.570028746103442,0.8444669092835246,1848.1992078094245,0.0005702347685088,9.159758217572914,0.1720182089515916,11.930229326521715,30.1957,214.609,200395867.57674408,6206.605101127662,0.0072019548803393,5.90323,0.2371122660946783,0.3115904002974154,230.81165151244,0.0319027020648732,5.933280480527835,0.0869726053879755,193093.553994742,0.680521576132303,0.6373884311115104,14.905283676201444,49.67038516648967,52.04315528075889,62.39723218915914,25.35644128134137,59.3936197227934,548.583,19.389218668663123,0.693663069613501,2955.0248226291847,0.3232481964482732,13309.23310956133
ID-1161,Center-4,M,1.0,1.0,1.0,0.0,1,55,57,0,5.908922356755521,20.197663976306487,4488976.2428662665,4.83318387012489,2.835519483394623,3.5754243986188063,39293.821151633005,19.755147049406613,3.479395306590669,1.7278220440965355,5.196463742417979,3.426238239540038,10.677720222073004,0.8774798739725501,15.49444969186188,11.331976644180951,0.1089914281670677,2087.32,3813475.962350472,0.0167158750829006,5.828736311280721,1259.1720917953514,312.508,22449.85881988816,422.4766287960479,61.83941839599351,0.9210436449931426,2.83328107154575,3.177067972966921,15.741244770429008,0.2038005171959083,0.2984438938629984,0.9946012548221208,0.9289274619075274,-0.235993,0.9636340678355638,0.2558791433291152,32.68629690867547,0.0082978258414287,11.8075,0.9428446558757824,0.00134553,77.9391564055575,5.964984088836395,158.67638739911206,610.8970719013063,0.00917615,295.0969160909262,1617.4122757120222,1.7805085045180904,1849.9493652727097,0.0795288395204741,0.0216468840577627,4.50662706451558,29160.00802305225,0.8794935138675952,0.9397408368993716,0.4638228554099191,0.9410962247105708,2482.430142404688,0.0048177981580961,132.973339707921,0.0598170894659993,236.42915310113648,2092.590307515929,3.34623,6416385.610349048,356.7649917672366,0.000476227,561.1305164803507,0.215467388886594,0.4927876716383274,2.66496,0.000418855,8.108721552312018,0.3059744854081629,3498.882761549105,0.7076385347685459,0.72252064602593,14.03492696863963,30.204985156686472,55.091731654593005,15.001872325622529,24.13041345004629,56.68596683733972,16064.13850215118,17.588880619436516,0.6793318537244328,7935.77066059294,0.4729118237652139,2672.6113018857686,12.44318730331344,51.11385006857498,7260428881.135811,2.789440032625985,39.5511005440273,34.627037437115334,406.8685394446747,52.23900460605798,59.43032436060084,44.99273207852005,-32.3284,489.86478184851,29.52244376171496,1047.4097525200668,-0.7264817960106076,526132000.0,0.1572029429884221,15974.10733465198,3175.76,5.8552,12485.896558957644,84.65835424940772,22.91207287461281,0.8385964791703321,0.174711,1.8540813611219256,18.411441957858965,0.6190328377668874,0.4765405680666223,0.999872,0.976554133740638,-0.2266245679300197,0.8486682867525275,0.4587392934046437,20.900744949877406,0.1709524860887825,4.033390342884655,0.8417552522378211,0.1788541482800913,31.547549766767364,3.035970417225807,0.224451,49.2996,0.2966635957770399,84.28966409941,118.28175895681812,13.390308904973743,5959.845374960709,0.0917339391425226,0.0080542419206302,4.48041419253364,106.226,0.3903982523599217,0.5343336186533825,0.291681,0.6711600121260901,1102.7793383502603,0.000389061,3.90476,0.0875270703677186,104.00050925220737,1726.430269481012,514023.4928377116,63095.6,0.225683,0.0108278304807481,249.85698262054217,0.3566257998126405,0.4292233630558149,1334.4000946306855,0.000562722,5.059762056706786,0.0771331706183574,933807.2395405256,0.7201275699233963,0.7124841693988363,29.10102242151835,11.4044,30.88576425257508,32.78397920494436,29.512605077940187,31.360461325623653,50409.424737207366,23.32523118483828,0.8059415726792015,2475.696601430051,0.5818039282794036,76941.25727744077
ID-1165,Center-4,M,0.0,1.0,1.0,0.0,1,52,51,0,2.6781243312554475,18.758955501951945,4846311.608769619,4.354366957802455,3.703110854378512,2.374110963230774,15200.260065398854,25.132255180806684,10.378030335307123,3.8944347131512016,14.55262580241748,3.4436797189329926,8.927665025753601,1.976075502287295,5.54006838803674,19.42286718090748,0.9556651554140446,2087.32,200148.82471912625,0.045613424995382,10.248809928069274,43.7843,938617.7631805976,1182.229474439251,2348.301414182971,0.897676,0.9106323129271272,4.352735402262245,3.7492898228470097,0.393348,0.180761,0.3049601180180071,0.9944031878411062,0.9295102651677608,-0.3752277112015168,0.9737792413620222,0.3627334559341935,21.429537785996462,0.000347025,7.484369377437924,0.9105268720985648,0.0256521425674072,21.739847967575816,6.397023116072476,36.20799646963367,36.2218,0.0650872824181134,324.7291853353248,347.00165565338955,1.780586605131127,2193.3732327635907,0.0353623896990124,0.0282346467207726,5.076828972130744,277.587,0.8393723043838615,0.9164288572612956,0.1742044584710077,0.9360573566333524,1337.2761136788715,0.000379169,335.7491305974027,0.0445350283624789,208.508467246282,1047.4218361206697,21231.40837897774,1660103.5673465184,369.9383180965481,0.096608863884355,2835.268664607771,0.1861588069810762,0.5031418457688873,7.753249492567505,0.000418855,8.635834807640393,0.3618988943496012,36523.41812220784,0.7937750865853364,0.4613414792828169,18.30447359151984,52.15492345787796,30.114963050185512,42.75693565144624,29.254014464737985,67.6079678098291,32723.87255663219,31.38701576186044,0.4987897551443472,4740.812854324431,0.4039874553208782,13549.719583737871,37.2710536489356,67.29588210212734,526132000.0,2.2244700180543644,9.279875961283636,45.82171187735675,854.9240613193687,93.15567805142608,64.3304490180772,52.14853404259698,-1055.39,1573.0740278532992,9.224506632959775,1063.9105163335416,-3.5821852102494955,23166674676.5218,0.5424219810207439,906.2469819980852,3175.76,1269077.168840131,-958.1062413818628,0.664828,4.842381529631248,0.6026381856738257,0.6210314805889037,0.7443833802027547,0.181279,0.7090504147595802,0.6571178468817217,0.9993943076664962,0.9743664439510424,-0.2019349863423258,0.7350998250283881,0.3197053612320116,52.289814448469954,0.4506725112241594,3.755098788433978,0.8412477905989748,0.6538004470295936,40.57962346515748,3.0808490339533803,0.224451,4358.885721500374,0.2540072917895766,6.263308276301773,1067.6909238959113,14.876429458536656,6207.146962952469,0.0828532870892819,0.017900337575524,3.964162335719167,9276.493748419416,0.3752145217939759,0.3890104342444297,2.24370414007024,0.5899107184863055,289.3896308168073,0.0011153382882895,60.63119907146268,0.1357037816336718,3.11374,1005.0479408659904,520074.4844239556,472370090.3875283,594.2301424529512,0.0263021119440078,1170.8464875991986,0.3298723029273122,0.6625673885699456,712.6183018445988,0.0105989597561234,5.205388357723576,0.0511947411545348,376659.98632327537,0.7535413846711101,0.868571,6.604440732537132,47.24707112496241,63.142798962588216,13.0384,26.68784566425065,51.06441314200724,15033.602029219302,31.29961099049539,0.7693246655741658,4217.976320672902,0.5169382325447772,28598.23674496602
ID-1170,Center-4,M,1.0,0.0,0.0,0.0,1,46,67,0,4.135811019308111,12.67536170607702,8110.21,5.522959779428226,4.749445870425699,3.0797589183322405,37708.4088586244,17.742150609065636,9.282904104091363,1.3796813584345355,9.228931307483467,2.6215786286133484,18.666478327807283,2.49083401800546,13.467227686812624,13.273913450091174,0.9745044372223832,26837.48391830352,4170691.229156134,0.0306020470842918,22.163157833520025,2132.792327364204,4765650.81545764,-15646.911835973302,11.2113,0.897676,0.950046093432204,8.98976571792396,4.4432,28.830083129517483,0.6147049440505196,0.2469295170749182,0.9898650250359587,0.9231417770348848,-0.3170690608693516,0.964841393482308,0.2242750519308615,20.985174598339608,0.000347025,10.212627197748946,0.9057740793472292,0.0317207620238054,12.838,5.898705391616339,228.65828001144408,834.1814354400135,0.0258468826338898,271.5805623364989,3150.189308908541,1.3387672399780244,3910.597870802501,0.000408215,0.026793780852699,5.000222767602698,15364.497613899412,0.9165846280160632,0.7457824206017836,0.166746241843501,0.9652172725454152,1231.4282191364896,0.0134594320305208,64.20424939822394,0.00977157,425.7288956152048,984.6150260707624,59305.14983570407,1531807.9957001084,0.00123903,0.0293293281182564,1631.3692345059612,0.3306177011222996,0.7309356118432462,839.2723799414167,0.0171729456640886,6.726160742568474,0.1308496197632897,6906.622178160228,0.9175168647694522,0.523471501899531,11.23527981756516,41.881859859083605,45.40321079387723,49.87995934537427,45.57191921953706,50.69566701779196,3651.457750855572,36.40272189519627,0.5717296328454652,4169.893169580231,0.2438500233679018,770.0830245284469,51.3066,52.83480460690706,20062611311.013515,1.917705626567535,75.7369893571024,26.660296790685138,387.0659440707641,48.85456485830048,10.344336209852532,57.08664533954576,-401.6203975539822,1562.739939599947,17.433953646593217,1055.3297404217735,-4.361362352298274,40746942451.77325,0.4477029910835977,20969.80917889931,31.716534913852243,5.8552,3715.5983516435736,62.78437038012136,0.212363,0.6626968675737694,1.3644223614768776,0.7833586737861293,8.940208935481893,0.6008460865006947,0.7590559924981185,0.9938827004043516,0.995225,-0.1203351231495113,0.53798108462137,0.4282983055860321,15.30612012091678,0.0125889,6.600184177699375,0.7014588089260207,0.3490565148017977,40.52637529693271,2.7209052192645493,30.19096440265021,7314.249126677554,0.2740417300389159,0.610339,28.9544,22.49567826626205,4276.1269404352815,0.0383786422323163,0.0154302459076402,3.855956843484444,4448.655720701936,0.5213920493201865,0.5211081736985789,4.8636626817989,0.7140064450006336,229.08923389711416,0.0054777786025857,68.9144716950702,0.1194535050650669,3.11374,299.5477401496576,132481.2309723212,63095.6,0.225683,0.0226493542793339,783.9253561692977,0.112883,0.6562589092508643,406.7949930896578,0.0146017461419318,5.900083094866075,0.1286341423374745,190822.02559052227,0.8984768861622248,0.4671121946307032,16.556644220417937,19.857590439868627,28.94762677820757,25.98701976394976,55.28539999352011,29.53711517063117,32220.174527381103,34.47062712546714,0.716459485806945,2774.9234038030777,0.4957946454340857,12326.110076528596
ID-1171,Center-4,M,1.0,0.0,1.0,0.0,1,59,54,0,7.551986354596564,11.845886894643987,8110.21,5.059387887052459,5.545632865026789,1.9834705997028883,64756.33776120319,15.589425832304808,11.388016207664926,1.5178203842974067,11.964455635166226,1.4287936202717202,10.231704435028329,3.2727730903472607,7.286106009405453,19.994252999865225,0.231203007150553,474523.57334478473,1251866.3008366353,0.0349829446354206,8.260448470955396,442.3953421566072,129028.95026455435,-10423.721351420854,11.2113,25.09310679830925,0.9406153788327296,5.307973276821108,2.905695240105288,25.66367256562122,0.335437756599344,0.2366087348364098,0.9935740230650314,0.9447068042347032,-0.3655776958991021,0.9743448586695688,0.3269515686936087,33.84749729876183,0.0194634568361791,5.2407400563264535,0.9396573457732,0.0118703646396165,43.39957692520403,7.159450194710304,3.02726,36.2218,0.043627441414367,238.814451851506,2350.2789863164035,1.603697781730942,2731.4588684951204,0.0436108404084797,0.000384061,5.804706194941241,22604.73995122493,0.9440111478182014,0.8890101010504788,0.4920039928194223,0.8867356448058803,26.058,0.0016731595037923,17.516130738379488,0.0235985945211055,330.3557746266065,1909.5772215058712,3.34623,2459800.2236932484,470.0872323163904,0.0426567292749862,374.368196004466,0.247774365677892,0.4804662786982119,2.66496,0.0093213482310933,8.43302745335947,0.0236056200357236,10145.652126210152,0.7120274897488273,0.5917718749697638,18.41212402386728,43.097816782627845,34.251976173545394,68.40538846716973,41.08741117906848,24.48660230463016,25101.08386588412,27.39486225107234,0.7690750843191985,463.203,0.1551416199699048,558.0,32.70730804478964,78.6513318338493,10666700618.95968,3.2447866836990653,38.39750308665306,3.83943,729.4166995019739,41.94732545542109,30.60922412310033,39.40821804991191,-319.95216526364294,622.7197663471904,13.2412657828129,1069.2435276494034,-3.068940287148581,10271468555.584171,0.6004184028123423,67.1971,1670.324796203114,5.8552,574.6616793037704,42.96657530738531,0.212363,0.6643467741995978,1.2254706219611695,2.071195839094815,3.492662965995577,0.7751375541465875,0.6262151682686619,0.9960917947397402,0.995225,-0.245041092841227,0.6863458973545156,0.494728,20.11170807895516,0.1377057893565917,5.126527397464312,0.7097841628753756,0.160265024641966,44.306313593732185,2.53075431100743,0.224451,49.2996,0.1849636750092,31.63843644962644,499.1484407430617,8.868599412585255,7556.8993300511775,0.0410234442567798,0.0084013972224842,3.911476495454301,106.226,0.5041326444903261,0.5554780904154931,0.291681,0.7474668712573023,1034.5559105432017,0.0044762279101904,33.97882915132778,0.0958910322176535,104.82973347529986,2201.9105018292853,408292.9761816629,63095.6,0.225683,0.0049410210596881,882.717749170251,0.4013756552747624,0.5548097864223274,6.83919,0.0321637216548334,5.956480536811716,0.0299285131313442,494622.1373065647,0.6547976043571543,0.6985611754480727,18.44794400502427,42.99711178181664,53.77712803478395,50.144897770262986,39.15720375676542,27.447803228903105,548.583,37.16753764053773,0.5792584502553936,4916.90750745168,0.1514633590307124,31150.966958734207
ID-1174,Center-4,M,1.0,0.0,1.0,0.0,1,45,56,0,7.447620864904181,18.04574791898893,2203777.321680694,5.14628023896387,1.008189088438865,3.8103900584257646,9806.542158635984,15.75392338525215,2.89068,1.3069581442870493,10.58876463141044,2.9950691916701864,14.39791237026455,0.823812704546986,7.971342400441688,13.246519468404696,0.3546261923935256,2087.32,2661236.337333224,0.0581735480401204,16.530417451380018,3300.2964156828093,6181144.552673751,20563.817593601707,1152.904298377162,40.02974117604927,0.9518142798402138,2.5421493190524,2.9355095019756647,8.955384537187546,0.3771183264703869,0.2654532350220819,0.998305,0.9524698027378844,-0.2912328050739023,0.984686034698686,0.2815690536064466,12.35122285883981,0.0085915321093829,8.265229100951705,0.977199,0.0506304254580917,90.48127150445156,6.867788522527779,43.73494586733101,95.56232596143349,0.0233813437055863,205.46166253997052,1615.6421141063768,1.6132981574473366,1575.1203862936986,0.0567961661343627,0.0151013688140401,6.226142504100154,26120.68107959995,0.7908125471531201,0.9129101920447495,0.2507352388321596,0.9206351826812834,26.058,0.0140635339870928,180.7807550839472,0.0535775315836991,8.169490580098465,1347.279102408801,24496.944746126133,6485.56,290.431376586564,0.049232406692118,4740.270860962856,0.3427757194182187,0.548484238627985,114.16538731828676,0.000418855,8.83279,0.0367365952922562,2829.570513824682,0.6578544822402109,0.6376629880396051,13.546654323613993,34.58042859684414,35.92320773010313,32.93953522482319,24.680162764697904,63.40773428891361,545.25,11.367285163189605,0.7828670565569388,3932.5301877758498,0.3019359771322203,58876.80575262573,51.3066,134.56506561076196,6361095097.254328,3.4049836293913707,33.79331380926527,81.5860924400846,267.8014187901556,49.06100571331284,45.09278974437231,41.29789693684727,-988.9471157563636,1033.2292146069472,18.31569790531136,1052.8805259097055,-3.955842012520397,23544627618.61563,0.4987474433280163,67.1971,522.9204836494388,1180345.944603759,-9492.485949316184,131.46825442545898,9.141224619037333,0.6878267677917858,1.4539846255360351,2.735145509851652,3.059895292544439,0.7047093785621461,0.7309904026090965,0.9966231109593714,0.972446030247785,-0.1478524721761798,0.7575761921153351,0.3744804789898129,5.1024,0.3692116157767414,5.877111674307666,0.8364917026825027,0.5968411166891545,48.77561500771815,2.849865568304633,42.01571398828813,4529.725545169942,0.2759554252813805,52.3936001469531,108.2174532185009,6.678260800536874,172.295,0.0563667886849949,0.0204963746631438,3.615414421612984,18726.6869561162,0.4518182839992482,0.5888752451141062,1.813898950485068,0.7702377018693765,90.82110434517418,0.0030565773394334,19.04930045410669,0.1586745053387718,110.70721389112704,1657.49591428463,467457.1137569235,1215860476.846063,0.225683,0.0687509880860665,5.90323,0.3095151162205368,0.4731436047941659,1224.76321574928,0.0108310635016873,6.756992876071767,0.0592179955030523,836922.9466039,0.981698,0.4026166360746836,13.145622339339273,43.27317118121101,39.5732113255719,23.16865078176145,48.17380040298671,83.67118511810733,2769.926810179037,25.0981661252281,0.7441440051857812,4119.461163283592,0.3281952055774161,31150.28188069412
ID-1176,Center-4,M,1.0,0.0,1.0,0.0,1,54,79,0,6.461751674506891,7.306719562723402,8110.21,4.253010480815326,2.936874334697497,2.3106209565866616,41842.611271173024,12.61977308850202,10.600412405428491,2.247075137322434,5.492320337883786,2.4867385395934622,11.430988551689673,1.6845943046484764,5.7127162046932725,6.759772770599827,0.0528503972194293,379291.5358598917,3873792.266358591,0.0283033882434831,12.449896577309993,776.7482367220618,9638745.65707044,22503.85688109791,522.2924740960005,55.58269919415346,0.8805693464042338,1.569268422282897,1.840002992342447,7.648908408325528,0.3029039487273276,0.2887223886698032,0.9939538799236332,0.952602560755816,-0.2784445119757446,0.9621228036863856,0.2780617088813548,7.067141238719846,0.002200985554758,6.58417326397745,0.9359571946435448,0.01935940296015,108.20312488383368,5.211920851861891,3.02726,403.0447262532888,0.050840769985065,363.8761000451213,2833.456308810747,2.2585180246853023,2362.9364937209025,0.000408215,0.0295319917666675,6.315175020957391,30336.67004433061,0.8592123849964928,0.9169916404280084,0.3109512261352663,0.9489200399234228,1285.182631330417,0.0036940002055977,1.93333,0.0691164108716797,238.77082463798064,1684.419875088635,3.34623,6485.56,0.00123903,0.0220942741883331,3900.5557395140113,0.1135623408977693,0.3827007418610919,2.66496,0.0136150468664918,7.151992263014636,0.237289151755648,22496.66004094415,0.7418813306479827,0.6341685188471051,5.50212,42.13908979849849,52.17615072401005,41.85492155206933,48.49365078703421,59.21083186576915,48965.85127547551,26.520513189802728,0.5283041306901809,5326.175836358162,0.3112536463259968,25206.1097191322,33.781992795560924,124.4609414124382,15990911548.64046,2.178517090912934,54.75708168448657,26.643416233510173,66.3085,29.483140752908703,30.266548521543765,44.64702269424251,-32.3284,1727.865080949428,23.245084445273264,1030.7473966989023,-3.918758881946117,21283412207.44469,0.3607934677153753,11003.55023761344,2994.7619590249474,269709.40814100055,9358.226284941597,305.07330581775244,14.485809059070892,0.7153982346083542,0.2711196911368235,1.458498532697001,5.58189230951783,0.7461080622243375,0.916126,0.9963455120051192,0.9677049678491508,-0.1709666476288396,0.7603131810185967,0.494728,20.14916762619041,0.1039314404866318,3.0679965874884463,0.7004734154305012,0.3210675948095655,30.49415852321372,1.62871980121229,0.2513465021327232,5326.719522693664,0.241647845083258,10.302842016080016,459.4658915293174,9.875322198464524,8277.78976557121,0.0428411324389454,0.0183771079897559,4.289735812854181,10107.425593434506,0.3981875588997012,0.7038491085550762,2.0490252701248366,0.7583462442928541,17.3286,0.004124728002353,82.88527640518993,0.0198329534418875,119.65379058584222,935.2891264290804,71919.50083108144,363776730.7446141,2108.071639877734,0.030035584484029,5.90323,0.3060417913514646,0.5128672622190484,567.9559457893206,0.000562722,5.64024131399372,0.1008025271347933,608842.2510672371,0.981698,0.4442940035269841,22.77147581022817,36.329202707662944,35.513681342994026,40.090354533429775,48.954998716751625,46.23433653522044,38897.90872161228,29.498441105159507,0.6248453678353915,2015.0743682543275,0.3218515298045815,33729.28050945395
ID-1181,Center-4,M,1.0,0.0,1.0,0.0,1,65,64,0,6.574358359703256,7.46209401963606,12696133.885550676,5.663315081449746,2.2479852419604263,2.7017006508722776,36454.781575109366,7.312528711776244,8.268257847628865,2.302649753686312,5.104568822124273,1.9182217877422565,10.401577381693167,2.5832156980836016,11.482719842960371,12.416605862273926,0.532985990015515,75969.75202274458,1632533.5794386878,0.0291558417699114,13.649033637913742,132.26093133233104,2859294.727696292,4561.273592343952,11.2113,15.022732326505334,0.9389590841029752,5.642387854076535,1.6604293062974054,9.51079236873308,0.5304551861067293,0.097145,0.9921714146968996,0.9458003359228144,-0.2803267492475735,0.959180211519539,0.1942772175717443,6.41898,0.000347025,11.145312565061465,0.9354318015411298,0.0033917780252132,51.36886762433427,5.60938936964022,81.93849832511553,941.1178431547188,0.00917615,135.04169298887007,1925.754941839381,1.09603,500.8479586815493,0.0815001508080051,0.0406086006409788,6.1767605153512966,11051.972808621094,0.9195115486769668,0.93981534519572,0.1423657916105975,0.9343882395433192,2195.491004705116,0.0109887612371598,119.62080110917034,0.0750715331801187,248.13497602064265,562.2780726385861,27717.13838813505,1972392.87867333,311.88316732574174,0.000476227,2871.1373762501,0.2319582447700899,0.4106173423638564,794.8767277111067,0.0064879925319884,7.911918962515248,0.5402109486390508,1.09326,0.8154586835244062,0.6372586298773323,9.147419665339685,46.44816760641852,34.22658131211639,43.428979103108816,25.556322157481297,58.27419894398536,545.25,49.82419173995127,0.6407854092905731,1994.250098922761,0.3412178813045888,34651.11392942,43.023593778676535,142.03833655003373,16666110974.110212,2.550855245042244,36.24504675888893,39.46440354890601,263.24568432550154,42.91605617402235,4.12072,65.1334,-464.4249704316201,1330.7504515508708,22.71416400134173,1038.9445161906926,-1.2604679849413374,60650718979.99896,0.3327531129395397,67.1971,1967.132095448815,5.8552,3762.232118559863,154.69024037041436,3.142329224602522,0.5464785671801836,0.174711,2.1744297316706755,1.5106218022164812,0.8286670507644954,0.6809685458343135,0.995547674918089,0.9845775383996024,-0.0756294092693987,0.6719405147892722,0.3303586143587268,28.830781741365243,0.0472518282370492,3.921735673363321,0.7265772814359333,0.282287872812426,90.84412338956052,2.8395207364365795,31.547768347795905,49.2996,0.2309848118311336,4.507975019737561,672.1782240951629,3.5932096899074697,1697.937248141393,0.00100254,0.0085687879186063,4.840985787038764,106.226,0.717921001534134,0.7461184087563698,4.329889815725145,0.5419483767465805,446.8821819268583,0.000389061,3.90476,0.143008939576841,127.30457803952916,30.1957,1049598.192377398,63095.6,0.225683,0.00104556,468.21897510890017,0.3878986004553681,0.6376830944856077,21.421126264168315,0.0529465671651514,6.007449001506967,0.00580198,190.726,0.7024674155058973,0.868571,19.70452776526976,19.02180069389488,45.89431453273578,36.49873485219901,22.891331455741,51.34058129932309,548.583,15.764940825293992,0.750873346010274,1166.4670531882934,0.3923932507016806,562.0
ID-1183,Center-4,M,1.0,1.0,1.0,0.0,1,48,96,0,7.747081640825764,9.948099887420137,2638004.1515420047,5.674980011567255,5.549454398236865,4.1849894527966685,12277.256307088715,11.621987072286908,15.116238234772196,3.3361294775814105,8.530855389726876,1.1967745998425592,9.943239997403442,1.4096266857231508,7.781246024981211,16.742716043183037,0.5135811155473609,40525.64236763389,8110.21,0.0776461284719074,9.104414118213,1642.7547027433332,312.508,35175.0079295007,11.2113,34.938666041635656,0.97466,4.817356262720354,3.162357037003108,16.246533844331665,0.4103497795091017,0.097145,0.9963013204496556,0.9310522535795326,-0.284902207301537,0.993989,0.201199628740664,22.24735921914488,0.0012533104046853,10.829410443688218,0.9543074931828835,0.0176151835509588,12.838,6.5514426554468255,247.3161016105286,265.486111187133,0.0334998193539939,550.865296163877,1511.757426858553,1.4235091815828012,2011.903296210998,0.017676502884835,0.0071695804841118,4.92518472506161,277.587,0.947064,0.967374396493444,0.7072630157578372,0.9054455697050604,1238.8110086425722,0.0032302613788465,252.7872752447121,0.0626917989883566,379.6809778284064,828.7394552700242,1220.4699766324345,5729562.521770278,244.3193724880748,0.000476227,2823.7240096074256,0.120449293412865,0.364485814246412,2.66496,0.015416361108839,8.733358188223201,0.0618795268656993,18354.91713347397,0.7238242837396998,0.7983168001934203,23.924976269710715,55.27039363321346,68.56059175730262,60.90110916209213,45.56330983948192,44.155044072167605,545.25,40.611967331485495,0.467147,2106.251594936756,0.13282,3407.1671367981744,-61.97167656109835,221.7349847946198,21094803146.443787,2.163274108933737,41.63525713225148,48.516815938186845,740.4232325001107,19.48335645901517,65.65496869982586,57.14452718313967,-121.01524915852836,144.178,15.509246209094568,1046.0590409315812,-2.769285727118162,18923245856.073334,0.3306300506543466,7001.573671977958,1030.8341135174337,271187.8318823663,7396.322508017101,61.48437570601105,31.35169864837974,0.5532186603552408,0.8268673977930313,1.334898180628208,0.181279,0.7671222504659049,0.8297182262924149,0.9936037954813282,0.995225,-0.2253979654721769,0.6775120317185603,0.4481668819087482,43.73982941496465,0.1161158726368376,3.7759072168667056,0.7509255312521841,0.571049339211067,88.57033197297994,2.43351889757043,27.25327110004819,3254.336969899756,0.2132838757609461,5.921617316571725,2200.220244000928,10.224360714584789,4583.893443960531,0.00100254,0.0092766822863395,3.823988822190813,8728.817824764566,0.3940258992836435,0.5356979381975061,2.201260507967421,0.6084305041362172,1107.4465571208098,0.0041210221725417,40.76359514087008,0.1577167759247347,101.97450491707988,1789.6619238494611,582514.3529432919,221299684.0475672,0.225683,0.03371605360528,5.90323,0.2375352244275449,0.5809840439856764,573.1247487895415,0.0342243661269577,6.625055142711943,0.0157436012107453,4673.057897931969,0.726439874102695,0.3285390996039505,11.48562054974258,58.64423033758378,24.796914634013284,29.74595292554276,53.20998574535943,42.381931897824224,41644.179340721086,36.66313813852325,0.6979633102863937,458.685,0.3196813701433229,24188.120373374444
ID-1186,Center-4,M,1.0,0.0,1.0,0.0,1,40,38,0,5.405656332652238,10.358460032766889,2091300.0796264163,6.211616737813846,4.497624461207866,2.296872454192207,29992.723522682005,17.480754270358993,6.754712563542963,0.295263,8.898565522532593,2.054387711653136,18.41845914409257,1.1321846885200344,5.7668763185866485,10.23019417329768,0.6187250390065943,456991.7061056072,3352162.521898549,0.0718251792135171,17.052989961950505,715.2783483570886,153197.42699087865,34388.83093780663,535.6600758484651,0.897676,0.8623192693358791,4.540621854105658,2.4962858655555227,4.727617151854661,0.4449232677074755,0.2639259580569231,0.9934436976870996,0.9509313108319069,-0.3034444172030178,0.9933534288498788,0.1496145318072214,34.44825920320292,0.0034840746145788,8.283714394532861,0.9392729180655828,0.0291941889625367,82.16942506258265,6.568934352054185,336.43566461013563,36.2218,0.0898573566302983,347.48235052623704,2172.8749212771863,2.127204120780944,3579.3807977837064,0.000408215,0.0240687549789776,6.100195134008127,277.587,0.9428007682901192,0.9179659221964414,0.1072794073737237,0.8681931651527846,1641.4202086502542,0.0143387720469349,1.93333,0.0421542731907055,368.6890345352368,845.1333564840571,3.34623,6485.56,93.94730330826276,0.0104478891347981,2.18182,0.1844153601743236,0.4689243096701281,942.623087682124,0.0161795180479399,7.086611722066493,0.5686904566399452,24315.322401797905,0.620313958700722,0.766558252474676,20.134046905078808,75.20942132660714,45.28622209538807,70.52025474505713,23.48597767988921,59.53730600169897,14817.04679962839,19.81849654509077,0.6317020346428961,463.203,0.6378292939856924,21559.19346643389,51.3066,33.3375,9945927790.424303,1.9022548489673343,5.42996,61.8523251893322,356.3348980298775,53.5187105675463,25.625356652484,49.31867554450933,-78.52777453971376,144.178,7.402293024828514,1033.2308176186632,-1.964249061966792,31558315499.69353,0.0808784,18844.368821227232,552.5905863574726,5.8552,3592.1502872312294,61.2757646521268,11.503768202308509,0.671896269391398,0.7785927534540306,1.192966944201802,7.45066401259013,0.7817458988831215,0.6379105937039452,0.9975768926432144,0.9936180368183862,-0.1085157552397996,0.8838079107208973,0.2362842473716377,22.72280863853684,0.3851381401125198,2.926289404123799,0.57276493318669,0.4226587753832476,82.762364960284,3.823876294708636,15.013104865356848,49.2996,0.2717521061522033,32.939864811885535,28.9544,1.74669,6472.728853375682,0.2566234963098978,0.0222690341340487,4.231848534745,106.226,0.6243022527258385,0.6459219786675615,2.325445131620182,0.8395611793284914,469.0986224596867,0.0087923603127447,82.6973173844506,0.1531472522949437,52.77917166314272,1967.5892677868835,513972.38828576775,63095.6,1031.9305218987308,0.0367056999682587,64.41544712171412,0.2970377766866584,0.4662219843472759,448.3535034289524,0.0129291694164258,5.258927127540409,0.0209230454786828,190.726,0.694866181716918,0.6144312397088147,20.4516454074358,18.604390453984475,53.97097920944024,13.982779892895367,39.49964725593824,55.44592618839764,33807.44718919328,31.765502150209432,0.7748870354555785,5935.19611176217,0.4481402529976424,38106.21820369779
ID-1187,Center-4,M,1.0,0.0,1.0,0.0,1,66,90,0,2.725807705382973,16.943643582192937,249211.34137572383,5.335656158286605,5.763934756327419,2.0348247317451222,34428.06062598824,19.62121942773953,13.576793420900657,3.8540868575415055,12.530005376140643,3.5698190903939606,3.4794507613411274,2.3644101996144222,9.425090427138445,14.307934166220235,-0.0574064705372527,2087.32,8110.21,0.0649326596173344,7.839550918038572,1178.3625776708132,312.508,53654.40420326912,1431.9570149161748,24.111335803787124,0.8924303332347369,3.1627757092091056,1.685157338048222,19.817623406297187,0.4201910995170614,0.2517216537558763,0.9945917368161972,0.9472755793303896,-0.3481018522574564,0.949923808597816,0.2986643766827308,16.97927460361995,0.000347025,5.368367892130676,0.977199,0.0117899221144302,103.49354781340728,5.982265819206837,3.02726,870.9932357592729,0.112499698555252,321.6627379537605,1359.7619658232609,1.09603,949.7132470589216,0.0180936966441189,0.0124649048197971,5.323167158469098,10391.052937013506,0.7997009089526957,0.971112,0.2227612326709903,0.9381899364769553,574.1956515569362,0.0219669919911674,95.8467082042076,0.0543010753942948,530.9129358283449,2091.018591201264,3.34623,10440367.868415251,391.79576706647896,0.000476227,827.4732747758853,0.2627404121671304,0.4735457757927493,1342.472306547411,0.0218481932688423,7.855850989455119,0.3080597784862259,28615.78642322433,0.4368327479191642,0.603272258161242,9.692445806572712,47.08442503769828,35.81909008894706,72.3667829185258,42.78366167866509,64.55284397246844,545.25,26.03314885918377,0.6540430813656584,8656.788053378756,0.5462849655723786,29816.19314576978,12.295412973769707,77.57620016494407,49514993928.92973,1.2254226126979026,15.513052984633124,59.16300672553896,719.7256362329488,16.764956136825063,48.36803578870938,42.60267017701007,-296.6790716744474,1099.3168028259709,16.383437177377562,1079.569453037023,-5.736197237195205,2298473767.7587776,0.4401632950525135,67.1971,1536.6704151746,5.8552,-8625.749614279892,0.664828,6.009830861817994,0.7401718758444114,1.1909377271389383,1.3189018428514656,3.4098407963401782,0.7920790779176226,0.8782445603902159,0.999872,0.9783289865703924,-0.1394138719200493,0.6882717922862807,0.3897299865899453,5.1024,0.0125889,3.9819699685891257,0.743049336876733,0.0386862,17.821536412970417,3.031179436003568,45.04650863990355,7163.1445793864,0.2286948760119495,18.6882968772005,1415.942957739783,26.75342542963656,14273.435621780804,0.2379162265766045,0.0176558794328837,4.364488406395831,8141.844443905752,0.6035510255074945,0.5827067769558955,0.291681,0.6876607085909121,1362.904215853885,0.000389061,86.43971956428976,0.1631715631441005,59.65190727683836,729.2438468304533,430515.8982981619,63095.6,356.84537068478016,0.0191721607279707,44.5910306843899,0.1488896272988558,0.5443074543396136,604.2601178593973,0.0221013094310908,6.675194461257784,0.1070735599168525,116328.17781527343,0.7169733189666013,0.3813440753789527,5.610707259899099,43.59871590920192,43.40137337183011,13.0384,34.23054913023153,53.9643774437223,548.583,36.1877963961792,0.7977852143128176,4085.458337276463,0.4435953543442634,38414.00397866484
ID-1198,Center-4,F,1.0,1.0,0.0,0.0,1,57,70,0,4.511861678119719,14.305133340058712,8110.21,5.21991588752408,6.066458589655087,4.1258176423919215,13614.05160475804,17.653922255407206,9.249575425880462,2.3667339773533427,7.956415694222702,3.117959026812557,6.964338369052952,1.3661098058227197,11.564994900873778,7.967958277308149,0.5791496761907414,2087.32,3760261.366210561,0.00914519,15.89781086932501,1624.2727926054686,2378620.9316313267,21213.740079820825,582.2201697320451,28.85684727516705,0.97466,2.574892064955264,2.287556017584686,24.41278832271602,0.4330168824034447,0.0983008435995717,0.9927034479864136,0.9445112403985132,-0.3233696489242567,0.993989,0.2207583349582185,31.202981540889656,0.000347025,10.57651404992621,0.8867332505294603,0.0477175411521802,45.87762043837388,7.74453452178848,262.0685758704245,1059.375208494821,0.0636633259355597,148.1967790695846,1280.03211294151,1.321000693487999,158.20313416317796,0.0130572249996298,0.0069503548382733,6.85416121674488,35574.47164121776,0.947064,0.9280721059689806,0.2650864164617212,0.8203808707839844,1634.4873014652358,0.0087946288518791,18.89352298657232,0.1128719020812691,236.75555431915748,28.4667,6072.040753651495,6485.56,167.7441161721059,0.0082356185365599,1667.180251044245,0.1633684374835768,0.5267702775441895,2.66496,0.000418855,7.922789414730241,0.3041645899499997,1.09326,0.5478199210076764,0.5384287005906669,25.14468273153599,20.89874002584356,15.45084513151406,29.09434544679576,46.90188997163673,71.19890207902924,545.25,46.6607508535377,0.7221222277592666,965.1876279913772,0.3521191867431171,21239.81505463524,21.574296793787187,150.72703740364508,22051106162.22823,2.4394357149847803,24.575424268005392,52.990549228459656,284.09767041693874,63.15881640091146,31.36184495922635,44.578147080823975,-443.984347154903,144.178,16.098239484721482,1005.7942509194496,-4.449016928903372,526132000.0,0.392064959853262,67.1971,3175.76,1418622.3795833066,6590.555478714967,68.77777457296546,4.661683547005667,0.7949611337557737,1.025039149912769,1.5687728715833964,8.215598851565336,0.8357538581049423,0.397947,0.9973129276053148,0.957856455828058,-0.1359638550948842,0.8221054811345021,0.494728,19.4467244789382,0.0125889,1.41363,0.781735556272984,0.4930976981650932,58.15279459812376,2.597934328516873,0.224451,1545.1619122922334,0.2566341985660211,44.48692150416992,882.2071248391562,1.74669,172.295,0.2395382520616577,0.0155576803791705,4.3505877122661625,8027.905234276531,0.3100176880013883,0.77629626362623,0.291681,0.6680757133884767,322.8756245441514,0.0145062411318082,61.6142019756019,0.0833409367361744,113.46542113307392,59.85004718011204,127414.28908325016,509498348.8348657,2389.210749536177,0.00104556,751.218995778645,0.441797029717894,0.712463900065856,499.04772819829685,0.001376011916113,4.143641300687984,0.024320225166402,290402.19040136173,0.6413972383897636,0.214725,5.58834,36.230950880877714,21.58606473993589,51.73998244670932,48.77349278612197,47.42910926534873,548.583,40.09398613749345,0.7727813037034684,6208.1955088417,0.4569940936520216,7741.260772583272
ID-1201,Center-4,M,1.0,1.0,1.0,0.0,0,70,72,0,2.498025545610155,13.062815188263302,4982121.03309383,6.55002693330397,7.438057593315997,3.21610600734365,22917.105095007784,10.352521409276106,9.409583049140249,1.238253267004478,6.392220457961864,4.74294997967916,17.391850397234737,1.479299582617636,13.410628919708614,9.69075300270558,0.7643402434182603,26688.09650502024,4500821.543255139,0.0466530755293967,20.26747977304297,43.7843,10008942.821101155,18209.011736551627,1919.9863929334776,41.3584918979095,0.8965155708875379,4.245696372101511,3.0024501194445885,6.068268661747377,0.4987885412311493,0.1640578411249424,0.9960186715049828,0.9700706248480708,-0.3399083252129465,0.973997614843406,0.2023463527089594,45.81903508922887,0.0115209541286191,9.573035164742612,0.8990026828774935,0.0324314591645866,67.78742170275748,5.125167234160192,210.7815910443124,36.2218,0.02344914426873,534.1917903482819,38.346,2.878861516735459,3097.3407465106434,0.033720014414438,0.0150071368546224,5.079981594967683,277.587,0.9222954858102512,0.9596360207125624,0.0353675,0.906278225440026,1235.9956538450454,0.000379169,15.43698501210561,0.0387606580803061,88.24273707254984,2450.206267289467,3.34623,7325310.954735086,0.00123903,0.000476227,3376.352039411967,0.1358701649120171,0.4846980200609191,1889.0877679642288,0.000418855,7.583331981079073,0.1978749591178124,8924.849695638732,0.7367258759484153,0.6807728500547924,16.381362288295197,38.89004640818874,45.07268006036917,36.08341760745675,35.36448237165894,33.48592330481347,2908.219295902865,24.074999657601257,0.571458798803943,4968.259775112027,0.4743392992879175,7103.38552600219,-20.61573921747908,33.3375,7807378754.624176,2.494732696051767,14.663887270922082,3.83943,66.3085,45.3084797260599,21.746367129749924,38.29904771439407,-608.6035611602969,144.178,18.91122645622979,1047.9387665553636,-2.258192656432096,63145448863.49197,0.3286704247151007,67.1971,1712.2015836617284,1395867.5547281893,-3240.8106274695447,0.664828,13.244848468459946,0.4291727806299008,0.8453717698979226,2.367068394506036,8.956905230914387,0.6074499383080371,0.7384751354614022,0.9994271228985108,0.9670762880906352,-0.2091614301034851,0.7347010402758909,0.4424877177650259,56.2161,0.0352703344366363,6.318415459024942,0.5310742659092813,0.6286254208291916,10.2048,3.0595466333478964,0.224451,6174.521680307194,0.2598483901863444,0.610339,1508.6462822179876,3.5331272021369,5810.757785209078,0.4545221872237307,0.0118551983420332,5.13740579044135,106.226,0.4805190845242765,0.4262735011473101,0.7018613978738529,0.7243723488337352,304.1761107357478,0.0072935229313748,3.90476,0.0784592338199339,74.03443334147002,562.2909975992285,932072.905962164,63095.6,6479.965982378407,0.0119403797987255,538.8819476682064,0.2934338707081261,0.6125372983408977,1253.0198919561572,0.000562722,6.416809429429179,0.00580198,838052.2795634543,0.7323064476739091,0.7401207490623626,19.52719466215052,49.09986706755825,20.25761500713604,33.89887477920622,48.62071585025674,52.68000896450546,548.583,16.3144549658258,0.5402367915656471,6798.91381081439,0.618786092913493,37310.67218352834
ID-1208,Center-4,M,1.0,1.0,1.0,0.0,1,53,93,0,4.733919926301431,11.066065397687534,6205553.011550022,5.561993977194249,0.6087513071488654,3.425162225327425,9966.257995996157,3.8637,6.31235878300062,1.2413600169658163,5.999860923507024,1.4476708551417314,14.366066682267329,1.3598396289118606,11.664050664068949,10.233036726138712,0.1365710195470235,401504.701544435,8110.21,0.0611419990603625,17.349403955073086,43.7843,4695130.394194883,59255.57036157599,960.4657331617068,52.18990825911968,0.8473601963802516,5.19423576739071,3.83784041346633,14.798517489161696,0.2592734240670749,0.2852020555462694,0.9967939217724164,0.9284879764051096,-0.2592372473885586,0.9784601973724256,0.2496083008690595,47.832937081956814,0.0147647004719436,10.262442547289348,0.9665355680377716,0.0346948189925468,45.93183783297045,6.382930689119757,188.57578036171623,36.2218,0.00917615,633.4741975852355,673.9092817423107,2.1960478289888123,134.1136379807917,0.0060457128066856,0.017245036516973,7.10604,18011.020385752465,0.8286472788055059,0.9206002355533596,0.218313242348728,0.8869055582852655,1626.8648911831676,0.0018515060996607,22.31588124382955,0.00977157,490.87127915857127,762.5326419531375,21102.23576194953,3341050.661922317,88.97807961555611,0.000476227,2.18182,0.1758042046161189,0.563223735113255,1178.526461183665,0.000418855,7.92206144869721,0.1996042956423693,1.09326,0.757663634039732,0.864829,31.564208577965083,49.44581282055651,46.88420391511526,43.2655427506231,57.12907114713402,59.983286098884406,545.25,18.17842412614305,0.6805343471624425,5363.3236054118925,0.13282,20925.33542074656,-32.797483976164536,115.05173062130947,526132000.0,3.5487390049294394,32.84352049651584,80.6265866972802,556.3846835903155,66.3468581266409,4.12072,46.09227545541419,-306.37634339311063,144.178,5.678063612059043,1054.0879233488924,0.2922187080307111,10289588879.724705,0.4342204625113928,28813.542710104262,1726.685385967602,236660.6340772689,2514.1076116338154,94.29898188031376,0.212363,0.8108039094924695,0.3875228934714155,1.6058354293883776,14.289629294748131,0.6926851292183276,0.916126,0.9985348572897867,0.9646008957867932,-0.2395892593701437,0.5112733567603973,0.3751386563958073,33.24711411682111,0.0659231685826047,3.5850018800531243,0.6621836362657589,0.5732818810488662,71.23028419925996,1.21574,0.224451,1729.7106888086132,0.3177166819019512,24.95869179830829,938.5453020605856,4.792659178962788,13215.077905699083,0.0188638079583574,0.0176613445793699,3.923943782058136,106.226,0.665955416956398,0.4862142358498112,6.6341626703854,0.6732694055656125,17.3286,0.0077798090514663,53.194383350569616,0.1707460841435572,7.104210328359155,1222.5421896519774,434236.9217662437,231646498.2913035,3071.4206177065744,0.0051277268133444,106.018160418628,0.2566284961876868,0.494577565717058,1098.5923875515364,0.000562722,6.306546358071631,0.0121635077700555,190.726,0.8939186097176504,0.3820414522586976,27.733448821821177,54.077278838956175,53.40748694653265,55.42474806546244,63.84002559878332,54.57820898557993,19478.22373102501,32.58721590222356,0.6252170406523785,3078.473287039617,0.331254156754227,562.0
ID-1215,Center-4,M,1.0,0.0,1.0,0.0,1,72,74,0,5.19625178790589,16.029660262354874,6031277.59292281,4.537414333751178,5.649386235191275,2.698498702141009,31800.83085624472,18.12236141939824,4.633028451640155,1.982850543921629,2.71105,4.197713172485119,4.900140192433785,0.824168924446032,12.627809488725948,2.99426,0.228166300690094,85435.57437362788,2763198.335614334,0.0647528061087545,0.134882,1802.705995990668,5424892.043193338,164.46609732291245,1155.800104099837,28.318724157632047,0.9390248406832892,7.249542733221602,2.1173699784417868,15.024802347321412,0.4265964532614532,0.4161754706769919,0.9929553875991431,0.943680271661808,-0.3134396139031397,0.993989,0.1853574617464686,16.038678894885834,0.0049928599990887,10.299357508656058,0.936124847779936,0.035749782612806,37.15267607154576,7.78685,132.58562172099843,699.3628167620725,0.00917615,447.750690228626,731.8919634404882,1.9732634576238488,997.7125078310106,0.0206724036300138,0.0136578138417097,3.93065,22058.72555534901,0.7682843967175392,0.8061755883732777,0.2870371649677664,0.9124865831601254,2159.6790351662053,0.007088747322185,108.0399356425184,0.025317919727533,369.5535706491525,2578.0227499415328,3.34623,6485.56,10.55200225860029,0.0399556780508626,1298.8875305435486,0.4108785577663996,0.5744445819870789,1480.0798927853664,0.0308258304713119,6.951261432508021,0.0924351730760774,1.09326,0.6178266044480126,0.5762422602663297,29.30976900871094,25.13028016674222,20.34500874306178,31.866086729635896,32.10239855646836,85.84438532665443,41158.37012982268,26.242751940609097,0.7011024714129829,5195.643512238968,0.5734026718259287,54370.78790336282,-23.03307311203084,33.3375,526132000.0,3.487103016517184,5.42996,3.83943,66.3085,13.4303423918022,7.282912383598805,53.455225447261775,-926.251246014035,1107.197114105766,18.918563888019943,1042.5050261418849,-1.251931285261435,526132000.0,0.3674518996790946,34047.66627399476,1592.101961257088,5.8552,-10216.46624179513,148.950336996812,0.212363,0.7965838470921448,2.9487535449979747,2.107700622661043,13.977746298356395,0.7727991392991737,0.7405124064242842,0.9979252697173142,0.9810298246294444,-0.1825888001271372,0.6127672263910625,0.494728,22.684978699731275,0.2159746003548155,3.8790827131589207,0.8428519745703487,0.4092826873702611,36.67008427207577,4.07408390434428,0.224451,4014.808530047994,0.3132816190246533,0.610339,1752.211366185974,3.5251121548831383,2572.822881789963,0.0376661082213343,0.025738566097662,3.869140631424835,9216.809200974403,0.3507367425131653,0.4806288344642066,2.571850881225589,0.6852237302465767,935.6819208115068,0.0142311215617935,6.89331214689082,0.053719425387787,4.581970332708895,1401.9982152647135,515931.3712235855,300788668.26469743,0.225683,0.0327583006236304,5.90323,0.2110908528405181,0.5142280680521277,948.7541834424088,0.030749762287779,6.518933246461603,0.00580198,107285.3576258072,0.7065465101634304,0.6242704627248341,34.48504060566246,11.4044,50.40455243017466,45.440712007447104,56.82883044179941,39.315132681176166,15926.61926661805,35.53089492675343,0.6189170157220784,5596.063103626218,0.4382524752391596,562.0
ID-1219,Center-4,M,1.0,1.0,0.0,0.0,1,54,77,0,6.273608533039425,17.205064407172163,5949233.562153837,5.773307256654662,4.316205237040439,2.728665587531736,10384.487862252285,23.486304102657908,5.585844356373143,2.183425986743101,5.0738286485416655,1.4420851085009132,12.196746937656483,2.635320947604815,13.295254803362932,7.686576149148726,0.4081868105764998,496502.4925030871,131346.4502121593,0.0441782313590499,13.8850061664883,1284.1889702238573,9707163.682684874,47166.78645814183,492.45596563500027,31.866992161608,0.9716606538385628,3.2745066057185106,4.2145425952505375,4.675272496337696,0.3597800003603592,0.1095809644348161,0.9953716496620044,0.9493748976262838,-0.320693717969247,0.94587000433938,0.2810538418042676,63.18809652272634,0.0046589240662936,11.292323938944335,0.9029083255619949,0.0194081168999834,80.18533981373716,6.036343942040231,3.02726,813.6650520284576,0.0867773755653613,3.51945,1981.77521149184,1.3585465079225192,679.1756172097885,0.0014494619480517,0.000384061,5.808243124148167,25895.96463218169,0.8830887074672449,0.8657831357573001,0.1731271234863385,0.9325506598565768,2547.0387131060625,0.0136028906452517,113.692577589375,0.00977157,6.42722,1103.8573434705545,2016.6622495176848,7611447.831067741,237.890152994044,0.0335574940777654,2.18182,0.3216245358496811,0.4787796585773895,983.9002114416184,0.0130669169248415,7.985705808391211,0.2546338799243679,35211.62402946718,0.7180743685184419,0.6177741614919745,14.448407885938506,46.12117160751261,60.10212289040738,62.5027078627132,31.139486877483165,54.50413667606058,5598.836130673322,43.54821807289547,0.7368607351954879,8212.933753927637,0.3048663973012959,49402.27772417932,22.975969237240346,92.25831091794797,40507539402.9906,1.9733762230595755,25.55787578414126,65.63805748445533,318.7323406977096,35.80402533930124,13.5693767508728,60.9863625946773,-794.7987690590986,1694.7004847104265,18.33326629040961,1054.716037684307,-1.2677842550912213,48009867076.80943,0.3607540709912712,27351.160530497986,248.32523416412323,5.8552,6995.198876077427,0.664828,0.8623168423979068,0.6557662073308108,0.174711,1.4590507825544992,9.67613335236812,0.6741067553260837,0.7863402949267341,0.99872280274603,0.9740584376930996,-0.1683583723842598,0.7501441568614041,0.3466483240284544,18.84825074480664,0.1885867508576174,3.971993348103832,0.6914994593039734,0.3881598702508092,76.04301752746315,3.43143072387587,27.759057042206766,2848.651225384418,0.2740940740370248,2.175550259438983,848.4313666681876,4.667345736542932,5550.689871313083,0.1731272675630088,0.000499152,3.46934,10966.726934706185,0.3038212833494477,0.3659375363194954,1.2616579187862005,0.6420511342612618,162.65693418146228,0.0152026370278908,3.90476,0.1119262830040487,4.103692936861595,30.1957,636729.093796291,630981404.4441183,2378.0010547181864,0.0310004444884587,462.0376272693549,0.4135393251375418,0.6342452479890949,1484.7883744694302,0.0392418348067302,6.056304990168378,0.0307369988211625,166009.89129601838,0.6963845832945185,0.7010880749403482,11.092836561806642,71.84969937915116,25.08651048099295,13.0384,36.91662315377241,68.58566637410517,38168.01852951254,34.95216205294312,0.673295989847289,4396.361549568721,0.2136028113238677,562.0
ID-1224,Center-4,M,1.0,1.0,1.0,0.0,1,55,88,0,4.380190471300775,19.81842070693276,4187820.519284608,5.143753844070839,6.131582130860996,2.747611177500237,4777.651144674815,22.984689649898755,2.89068,3.357884474544847,7.951234551675677,4.4399991829195935,15.248003226242371,1.2039612517152307,4.434243812559617,9.868102378731082,0.5448787362328461,580185.5428711191,770821.707024288,0.0135885687195499,8.296870618848173,926.9450966093297,2311553.825592072,48456.18257156585,509.2855363385928,47.25210820502944,0.9628429773255096,4.391775036961492,3.4670324980102825,19.512400944538832,0.4166962449494328,0.1038304302862086,0.9893044893345824,0.9506411828313952,-0.3003943374648297,0.9820752914513724,0.2564407608561113,44.97430116173109,0.0188053842260672,7.541221296436171,0.9095946400902633,0.00134553,78.34664212343228,7.341945614629902,340.3414422798012,173.64710818963417,0.081492462284186,680.756220307231,1154.162122690434,1.1535128148661034,4225.286072247141,0.0998781028736292,0.0115204951829035,6.569277457340517,21071.315030857,0.947064,0.921577189482146,0.0386835694734999,0.8600546070946449,1391.116912876863,0.000379169,49.76971700666322,0.00977157,6.42722,2103.318052822523,3.34623,6485.56,10.168524164681088,0.0354889186532426,2769.347282375428,0.4837481344346584,0.7423378102032281,2159.263901782635,0.0030265792478173,7.380955172989866,0.4899836009437913,1.09326,0.970114,0.364929626414073,22.09453351963857,61.79843402980367,38.88594191123041,55.60029482808725,31.325706188338224,43.79331919622542,34264.51087002909,35.412047151823494,0.7925614209253048,5837.8396679038015,0.2337328480477072,558.0,22.50359016327204,33.3375,49624226909.50566,1.6362325812667522,12.662640449734385,48.218135867957805,785.7488950340477,36.88859442557983,4.12072,33.377241823203974,-664.9936733029296,955.7287547019638,12.973097731160882,1045.8831617876945,-1.8691661052551307,1976725986.6844864,0.2453117504758546,67.1971,1929.226557799189,621169.9596178102,7394.004702592441,168.7001178827934,17.771820547956295,0.6891012078931634,1.9774087118903223,2.1206289252042643,3.791700140335925,0.6960551807731955,0.5446869160688113,0.999872,0.9603863822077808,-0.3012532705590937,0.8700059976228272,0.2942998104442181,18.224798415498483,0.2057865998838496,3.912043857067432,0.8891757836736096,0.5002834600094229,15.138346776584443,2.4890798486411447,50.72197629988104,3454.3764029134727,0.3109852418045825,35.07207949181953,2254.0417969654336,17.143517775443726,3307.9766468297,0.00100254,0.0104812187698405,4.150289713573184,106.226,0.743155,0.4289955262308532,8.094732387672849,0.4846638003462428,1752.2591592608103,0.0101856481173987,76.23165320316586,0.1453624977903007,20.15130444054486,549.2035861537979,214.609,98519853.73333612,2726.276774869093,0.0294931044505347,624.338511071796,0.3204397050256712,0.3184294496178908,744.3708700758874,0.000562722,5.447956853561704,0.0886844499167554,147836.4036493468,0.6768356425848321,0.7071544054163733,16.529065899288284,29.46142093914841,36.8085397047517,42.65227840034029,45.390525351098006,45.119183394121535,26068.2719068108,57.337616793811954,0.7252448461940082,5079.001171595362,0.442116914277768,19120.436563302017
ID-1229,Center-4,M,1.0,1.0,1.0,0.0,1,60,74,0,8.776046951713754,20.65893096502021,2686339.741986804,5.696018829719801,2.610245235324585,2.8561906487552187,23271.365379414885,12.725364857700756,7.588398831536447,3.0751431095872825,10.498426861193783,2.9516282537518297,11.916214855624956,0.20577,9.450974302034773,9.010258743316752,0.9078311558505416,297600.98453471105,4102039.0833020494,0.00914519,8.911967163903734,2800.717372650723,312.508,44869.40904730023,1385.034574774544,24.603932075913857,0.9005771551228441,4.09471113382823,1.7145619819491127,0.393348,0.4854258574400209,0.1802548642465648,0.9932791000688092,0.9352725753585176,-0.2614052266461018,0.993989,0.261294011316064,42.63365619263635,0.0059678870992013,7.975929158780787,0.9595380932762804,0.00134553,31.41909303510697,5.35437860867499,139.52975032848576,470.8529055595873,0.0785505712008389,328.31941010911214,1566.1672262877878,1.4392917892372008,2572.682956972409,0.0346590091742827,0.000384061,6.033627016761182,3435.473156984556,0.947064,0.8918179918860409,0.0371491634086366,0.93310744584386,1489.2080067194593,0.0204503348472273,23.234377083419872,0.0229309740406065,126.83075214328969,1763.2936759544189,3.34623,6485.56,159.08703270225132,0.0268504085433332,441.5797710580257,0.3560027206705488,0.4956633903896431,439.1947244963246,0.0189297042822058,6.510260435102696,0.3574385040515084,29930.251946295342,0.7037424288814256,0.48375150810536,27.923152353817112,45.8590527655246,37.746946948236015,28.32076471810588,26.677210162247768,40.75720910684693,47911.59533096619,17.90923101739934,0.7029208567635996,7366.556520770724,0.3329574705594395,51193.886826315946,-14.935967284824354,71.8839485458688,44513190571.01622,2.310355450124348,5.42996,84.57826653107298,842.9246003518246,46.37588524596998,54.84063970666463,65.1334,-322.5498512786358,1412.9045361624856,13.119473513943406,1034.3301349964718,-2.351388199138205,45023926670.24742,0.382302567833692,11884.588163932813,436.80654760041057,1481594.72667745,-11820.919775125456,0.664828,7.348659477330748,0.510521378377802,1.5810089516284618,1.355064132318881,0.181279,0.8972597623767126,0.667270979323801,0.9978139030596715,0.9722846934678768,-0.185906071660095,0.4926565640196667,0.2795893600889557,23.720282252878583,0.1836667553506598,5.9007128018349375,0.6995653514718831,0.6690271832447,66.69073759662976,2.42225414405383,59.85820434823828,2319.6486190693427,0.2517469985719073,0.610339,445.7705479975878,13.87133019177093,10126.14571145362,0.0802942903782986,0.000499152,3.801172516426728,13914.883836494091,0.3488231024428561,0.4516269975641896,5.215741798946178,0.629984704590604,1003.133683333438,0.0116664365508178,62.58429670211288,0.0857482545890837,182.70049457809688,2243.966647876122,704341.0462166788,793512969.3896904,700.999444057956,0.0309610020069472,619.3105238979426,0.3743443384070051,0.3836379099294016,7.735351006277192,0.0327013223171932,5.609834775154218,0.0108818530348503,121276.44205563034,0.981698,0.600244474859424,19.047172312188977,63.294407491465,49.323470540033256,29.68603801186401,33.05195617391004,50.24246906904892,27993.040187416977,32.81907766010004,0.667668588939837,1415.128801190419,0.3670067013895948,60738.59180019524
ID-1237,Center-4,M,1.0,1.0,1.0,0.0,1,63,67,0,5.90837569251778,9.717316823651878,5490882.096075635,5.205603083345423,1.250524285329674,2.78854289165738,30625.128855416675,16.688726814944022,12.5591856259953,2.174942069677111,8.00992667423058,3.1295871075249053,13.491292799469782,2.2706054788749443,8.282381950436587,18.75770726952489,0.9894276288193604,367546.3228211142,6316996.102238776,0.0895284368831711,14.410342014934416,658.5423844252755,8048085.773787304,41029.04603759413,1808.9038738047564,23.73036854444544,0.9240121378798422,4.034042989975439,3.834332572198016,26.66259744269389,0.4610211558405431,0.2630184134670805,0.994182127113252,0.951534993040196,-0.2786019172964113,0.9737570940659768,0.2761220895968683,18.286622965777283,0.0148843721224416,7.496885055622943,0.9074816040654888,0.00134553,54.74585133650827,6.511130667017979,267.132108994401,160.22718489696115,0.0823681880975932,114.04344697760396,1332.4356661819315,1.1949803169582192,956.1455371879584,0.000408215,0.000384061,4.745096765452102,24705.660620187147,0.7809661471169014,0.8543412699098585,0.0353675,0.956355282987759,637.8893083672473,0.0091887102758141,1.93333,0.0183663073729243,280.07394919034505,2633.730599491001,3.34623,6485.56,118.05191693135566,0.000476227,1739.5930761926174,0.3013252241814088,0.5469699186232194,515.5567884641968,0.0169830270138541,8.148252817798758,0.2122562896270192,1.09326,0.8226589781459528,0.6927459661918619,24.08833511384088,50.20954538784298,49.62910486287205,40.696647984966646,37.98710481479461,22.148196357149413,9023.008359018237,18.73300741845073,0.6648552776906664,1530.3214060973455,0.5428192727608555,30093.2354653589,31.5393724353506,33.3375,526132000.0,2.303230074036194,5.42996,3.83943,66.3085,28.23101723020835,70.57258006777668,60.64425431413103,-503.026845083085,1538.542484305703,21.95432732282888,1080.0631194902044,2.469373111233497,2053893847.104508,0.4362315835702568,2048.10197601957,922.877992361222,5.8552,-7461.050115428916,40.70566796922831,5.632452100298227,0.6790509287910015,1.1526328840442177,1.8498430725279584,7.533476402468864,0.6146564692149158,0.7478880682191897,0.9968599119100908,0.995225,-0.269252290268622,0.6648080211909091,0.4001092359549921,11.370711925124342,0.2553121294035615,3.579123934846681,0.5537471721763938,0.5654141674889506,53.56993327770663,3.771130494527612,21.579052036126185,1820.576252779788,0.2544620040643419,16.973855487550022,361.401658818062,7.828639346179335,10079.922201757934,0.00100254,0.010512363573345,4.39721196556311,9971.637375517625,0.685671987125171,0.4378916064249595,4.670867387734178,0.7400771169859401,652.0087746128594,0.0076058670773884,47.61087711744459,0.1514312994675517,126.01009229016869,2258.82228247324,550834.2095717972,419073001.6343296,2967.826356597754,0.0225454217808813,313.3811028027249,0.1396114756133436,0.6155875019538034,382.68554097421486,0.0106368376683685,5.354139685187361,0.00580198,190.726,0.6484221506958199,0.5696539562284284,26.20215093024835,35.40700013697899,45.37667327631871,64.20672928064374,46.977637487205286,38.46125342216634,9101.910701781955,29.83083148176814,0.6336796801249978,8149.736700798152,0.5288877677446341,562.0
ID-1244,Center-4,M,1.0,0.0,1.0,0.0,1,51,58,0,6.195281313890651,8.936000115634997,3677544.859649574,6.011548660755736,5.146173649540053,3.128197385395784,49886.89078139079,11.275534138999056,9.28321607210074,1.378434979121388,9.066556961684384,2.2250576567173,10.625420920856412,1.9132943498641684,5.684256296253915,11.902590748372896,0.0196833704416199,529770.8632732561,1463601.1843514014,0.0212432212003709,23.764871512144648,1966.2281319923463,4404719.960972227,-3783.098171262642,1682.4825931938262,19.39742471916696,0.9521064068109828,2.865329352869681,4.213027625604265,0.393348,0.4134022982018414,0.161292960422331,0.9928571516975616,0.9431557831833846,-0.2657288785864939,0.9335053268280192,0.306816988471152,38.0533459194604,0.000347025,6.645706682792505,0.93505073924392,0.00134553,60.60530594893433,5.389448314112806,139.34432616850728,142.2367056956378,0.028496137379118,385.5918917214212,2142.5538063687504,1.1952756744874014,2392.340715794144,0.0065598101899539,0.000384061,6.387265379782932,20673.39397626438,0.947064,0.8146829697099034,0.2880866981509435,0.9489963034277544,26.058,0.0191166494728706,9.554461518507424,0.0453635336034892,274.0495324765517,28.4667,3.34623,6485.56,0.00123903,0.000476227,2396.460486673697,0.370309896637002,0.6522653744506517,2.66496,0.0155153620939477,6.935480890218168,0.051775541356456,6719.88807563058,0.6363230837942374,0.5240853946871021,14.948204473003855,31.244129948841667,47.80384658355497,46.80842898698118,20.51022561272677,25.241781850255528,545.25,13.829429893489186,0.6934890323775952,5047.731570272113,0.4857019502209297,28732.67685885942,37.28351657229867,72.30618703064722,43723417402.67917,1.6694746853790845,10.413369716797096,77.2073779474704,304.1777330295204,53.05283576888653,49.285938445852935,57.997335342402216,-1013.5183055312284,582.2190502233376,15.579545034794666,1016.0417974914412,-2.601641737867568,526132000.0,0.3510966506963519,5353.22457667458,983.8671630652716,5.8552,13957.272764746249,0.664828,19.92106882569997,0.6249056033104664,1.4565728319512137,1.456918281640657,18.08677601883571,0.8153817212498137,0.6669837576049537,0.9950173852608012,0.9736342921771504,-0.2786311932958006,0.7405729139977528,0.4038684562621338,25.11926805742944,0.227478465214238,6.789849339841175,0.7422756640829025,0.086441761387183,10.2048,4.0928413366189815,12.09537395088858,4799.980089057951,0.2427303932733261,13.654103418973868,3204.87,15.73477128047399,8907.813491111632,0.255593026968975,0.0216127959833097,3.820791552135858,106.226,0.4561699567629814,0.5110482771051884,2.661257571887389,0.471909925211203,140.65051311024675,0.0012702498268372,31.19856099508604,0.2473354516777506,70.40564248517022,159.87328063343784,679034.7636136592,27194691.05771896,2692.5495869668266,0.00104556,5.90323,0.2981729253520529,0.6941108417998757,828.344126557913,0.000562722,5.659540140628277,0.00580198,60099.78668432568,0.7048123873263379,0.5450063444937715,7.805408566799693,43.248812029147054,34.0380898078982,55.17620092691978,49.57550467475208,13.9284,48955.093985690975,35.54136202799794,0.7395547825404281,4999.872770787469,0.4251078574723836,7512.395538427368
ID-1253,Center-4,M,1.0,1.0,1.0,0.0,1,43,70,0,3.248867649244499,8.497240294464888,4741035.159977169,5.038866062697418,2.177790045617862,2.6288782912212683,558.0,29.9142880203004,5.97724916942365,2.8601022912466543,5.36449124301102,2.025923021406948,19.02126979757611,2.806574217285886,12.282268770825391,3.334692724302005,0.5961587936098189,2087.32,8110.21,0.0260633181458705,0.134882,2047.5059085117548,1105332.718495651,13698.062231014374,684.6126660725002,38.97993287391232,0.8845734275999207,5.520591054101161,2.970128195152949,0.393348,0.3405551109520198,0.3347934584223929,0.998305,0.9507849687274784,-0.2702108846215518,0.9804193409887936,0.4874067130902792,45.20458940128746,0.000347025,9.945934834992864,0.942340726543492,0.00134553,82.6924205304813,7.025625724436132,246.6982430383398,407.27089179872746,0.0400600936456681,251.72292546537307,2054.6957248294457,1.218103075761787,116.083,0.0844184803444456,0.000384061,4.585660158690879,25568.17986125241,0.8076951399838538,0.8035378628316654,0.0666406251648289,0.979283,570.1709154729022,0.000379169,1.93333,0.0471730105817825,172.05310193245882,1641.506370657405,3.34623,10491574.414210536,210.3598965172209,0.0395934217246716,2.18182,0.2941609235134047,0.4701232939886479,1068.1608275593849,0.0060102296971985,7.787018071632275,0.2002314624512037,1.09326,0.7618333732815011,0.519112668858566,7.062276980250791,38.459234086678734,64.1823367843442,18.24555635917212,17.399200362641984,57.7049529515057,33445.466564841765,10.1665,0.5729547691361375,4478.236822119912,0.4482447280930973,6069.818342817838,-2.3182075981845047,33.3375,4259175514.058403,1.0548389437598924,16.29612356278641,15.95881812105273,513.9361856471868,22.653628795611382,18.174129969422783,44.38228281477151,-353.29948827950244,960.4369847790466,7.5876180991420465,1079.6413676186723,-5.090836686908647,526132000.0,0.4293977906388991,18311.036190315983,26.3153,2901605.1241584,5517.257222598563,0.664828,0.7366287641280804,0.898971,0.6304339849092284,2.230149090741885,2.821177792506707,0.716381274846025,0.5716741766555602,0.9972999344524264,0.995225,-0.3411619127362666,0.8260075020992794,0.4406199998196385,5.1024,0.2767828816830077,4.07307903943545,0.6557794781671722,0.2627925194618343,10.2048,2.960714192728376,0.224451,6070.505094094155,0.1604169873554166,0.610339,1594.7873868958316,7.597498750666836,1854.306176320412,0.0804927113231664,0.000499152,4.186242998844751,9183.380857370874,0.2451454792638162,0.5432271009664463,5.9420248823284165,0.6113285777436455,17.3286,0.0008465991742077,89.2116346325657,0.0384757884807129,3.11374,701.1058112879703,214.609,63095.6,0.225683,0.0185243937050503,791.6808818905093,0.2330763083889802,0.5087714174291871,1692.5458076997115,0.002202951056181,6.911587959355648,0.00580198,257023.10894711904,0.6455968584296672,0.3530584406414564,25.95093717420397,14.324166200696917,48.54072884430866,65.16805169234105,29.98797611934041,27.42101285414837,548.583,42.06464242876891,0.6942087073195187,5391.078911805742,0.4885572536206429,33149.94222037377
ID-127,Center-4,M,0.0,1.0,1.0,0.0,1,46,63,1,6.922862892205401,12.70636103886309,2137921.7475317684,4.775960900361524,5.06811585692349,2.5267379191610484,558.0,12.892244483659624,6.43731997152505,0.295263,7.461919891093943,1.977058688279836,11.995644416530098,1.0543726192405154,12.973351247467072,11.901317677655657,0.3076229167577614,63724.07328076476,1764940.9676481346,0.024507625090431,0.134882,2182.5481651492523,2930659.1270398074,32214.44624078916,1673.1639991004054,76.35501297635352,0.97466,5.507556454406547,4.4432,8.04158549262981,0.4069764854778187,0.3574960340391057,0.9929022914728164,0.9621716483920616,-0.3039974375515615,0.9843427705667088,0.402020127423666,19.51836315380072,0.0112700015211651,10.625190826458104,0.958261987856726,0.00134553,59.201530972558885,6.9850267655796,251.11824270907505,36.2218,0.0407493274674598,171.79259379861503,2526.828739210668,1.859337586989164,835.4825348188663,0.0566498291070131,0.000384061,6.276287006060143,47002.37854153694,0.8006088313951245,0.971112,0.2763516172789956,0.944405517784767,101.77902462654671,0.0011062777429014,1.93333,0.0377088276259805,502.1565872901968,258.8600071358314,20632.6058886102,15100602.521229647,289.7578506566738,0.0612151934078805,2278.4360787612723,0.3345332748419173,0.5223272360277456,2.66496,0.0059433223907016,6.915259926860603,0.3685422945572436,6281.588366711151,0.6267298365456946,0.7041198360208403,33.40085034849677,35.92079516666121,34.76848655924974,13.6015,36.88217582779686,65.95674864062602,10176.777946147937,34.09420337754565,0.6039955676994909,1889.258838455736,0.5946731491378714,8081.272404025747,6.348119025024985,78.59341260113803,526132000.0,1.3331504996481032,31.19153697347012,114.96674414692444,417.1968046124397,78.8190056883594,4.12072,38.14684345252677,-32.3284,367.1150006189222,14.139393704720897,1052.4584811322468,-5.476078011847209,526132000.0,0.0808784,7067.739741779442,1101.001092539606,5.8552,3853.6575261530015,0.664828,0.212363,0.5737139691977504,0.174711,1.3803466029601754,0.181279,0.7722222698679913,0.8557817883420631,0.9928297835803584,0.9809017904434189,-0.1302529107299662,0.8061789912107358,0.4321430431479701,19.53652949336972,0.2967991012941643,3.942297731906204,0.674341652952898,0.3703979762306846,61.67956867399706,3.41048711631044,41.88118700047563,6236.860584180146,0.3653419202158661,0.610339,168.79018648357646,10.661010537502492,4256.959690860475,0.0058978640000971,0.0160399062387412,4.556268093873281,1007.2532912867072,0.6347463771621138,0.733956929720601,0.291681,0.8493991368046858,1055.0467954720611,0.000389061,124.60323134117374,0.0778502897365092,41.54321061875488,750.2606806192184,431900.4853769968,857531874.7635146,4267.855690154177,0.00104556,192.29331318395512,0.24485522623816,0.6120605333096073,6.83919,0.0281651602177971,7.281754969478825,0.1158955881339771,190.726,0.834831704139019,0.5375022946971859,25.392441630140304,53.13673403890735,38.64451739196765,47.8380576637632,47.096452590840016,81.28720646013807,42978.48253426336,21.069640404989464,0.5672282163874907,6821.84057355633,0.4091123808796482,37387.279592371735
ID-1275,Center-4,M,1.0,0.0,0.0,0.0,1,64,89,0,9.168335288496252,11.048576567893916,786444.4146726382,5.788073480599494,2.627581997719479,2.4863905590870514,3477.0320787504243,21.487817828068486,12.524575991125433,2.1728699267919005,7.593228786361836,3.7916535360254615,17.059232192300506,2.261184352867675,2.92476,10.985873484310574,0.0187565984805923,81343.07576531543,456415.6288771586,0.0234404476680074,5.474182287790473,1308.4596372646108,183479.98927381297,23129.140055424494,1834.9140226636096,63.12178131114908,0.9071290931843542,3.786275947198609,3.46860836576708,15.896665570845611,0.1872393108447655,0.2277341089906081,0.9968780620861128,0.9544354684730152,-0.2641984555012901,0.9488599843215504,0.4755523537993494,57.19782410323796,0.0152080895435928,9.357236079669844,0.9270059733951362,0.0050674264376799,99.103572694967,6.930171290345204,299.0791865703972,839.7031088547305,0.0577812901518771,228.0765051538707,536.446282065564,2.4570009226859004,2659.639444926116,0.0410755939239913,0.000384061,4.610944821042823,8711.287851592893,0.9080086929724024,0.8918498725335078,0.0663135787314363,0.9473076033478992,1904.2814197403109,0.0005277920996862,326.5101586154624,0.00977157,520.4997802671336,1317.7782878250312,3.34623,1186211.3682029964,537.6649238593253,0.0022832175936543,2.18182,0.2603455530845859,0.5604054201608113,805.4245764610274,0.0196304923988453,7.193944034890693,0.2510406568930862,18022.57157539664,0.7816937280981286,0.5129224183212205,37.9221233161266,54.35343699889303,42.75409294455832,23.153834045703853,38.71182472903505,75.09944786969993,25296.442565510803,20.86500613346361,0.7058116937667641,3740.483655110788,0.3833104855873449,61591.97566406347,40.31428036308023,74.96262765693736,15192327054.365185,3.121863621046379,55.5508341913317,18.688230402124866,66.3085,44.35506396279603,24.84065647070944,52.89508911487107,-675.1262078655219,567.4096380986736,23.77138490396752,1043.0678082814134,-6.525615511352911,526132000.0,0.3608769349100021,2458.0967816717603,26.3153,5.8552,-4431.222555677807,159.24944651612392,9.500111638717904,0.6589889671464646,0.5165012929197439,1.8115956668932407,0.181279,0.5562372191542888,0.916126,0.999872,0.9781190555077426,-0.3107992905969058,0.7923641076673192,0.4842022326068371,26.199180545330883,0.2871709471816515,3.638802633978962,0.7702579023337024,0.2234120638933027,23.8536116255056,2.5817503027309487,0.224451,49.2996,0.3043262855233982,42.727744891854,1584.762043956693,19.85756727153415,7729.038854030703,0.1202223655252248,0.023420036871019,4.497387293469322,14900.605623353113,0.4248273265482566,0.5606073803513372,0.291681,0.4299215108213547,523.1759072639347,0.000389061,81.91006165737988,0.0152311,3.11374,439.092153063603,907958.925887838,63095.6,0.225683,0.0223559743374631,522.5768294127641,0.2567559094955065,0.6621861098057934,820.2545307429646,0.024925388931975,6.52591345265526,0.0919033086661649,588850.6156326999,0.8892167647452491,0.6112039443077159,25.282720188641942,63.761398999271535,30.107590605621944,66.51673741104656,12.1655,22.370940241292445,15215.346079411587,35.27745157051602,0.7855008407521599,10354.581286999895,0.3334430985432968,43920.4865913369
ID-1276,Center-4,M,1.0,1.0,1.0,0.0,1,57,73,0,5.000000445593817,3.46337,2680060.999456324,5.117782597240486,3.3972572912236854,2.8110048646091985,558.0,23.03899813607202,13.019908493935326,3.474997307031009,11.078785778930891,3.172053937649074,11.238431587676198,1.8146655083659664,4.719566036829649,16.172943453683246,-0.0769777774753414,2087.32,3694218.04972507,0.0217386410961229,8.277158406019927,2003.110756754857,3224231.103035616,-15418.117874948432,1591.4502709561164,28.107460250332192,0.9261762312876852,4.842301185908009,3.8812826990193785,0.7750597148170737,0.4037751010362094,0.2697423900016623,0.9970310618234148,0.9432167190346228,-0.3129869321128644,0.993989,0.5121294832726274,11.220311213255997,0.000347025,10.186807700204149,0.8761837082402097,0.0037679991159895,64.53101600395831,6.871508006119512,123.54592857177788,696.9339720883847,0.00917615,106.45274197364996,692.330025330362,1.8314540040556584,657.9222026695552,0.000408215,0.0054500170005993,4.965861987468377,506.9677252281115,0.947064,0.971112,0.2846782926212134,0.9360668602572448,2807.144399299934,0.000379169,148.33492518919527,0.00977157,349.77429554765865,207.1938940897092,1220.6743760894549,4846687.233439013,0.00123903,0.0334501011186704,725.5618263741045,0.3426716331386145,0.5872609179819505,2.66496,0.0046493237217017,6.853009439561768,0.1662307811471984,36901.58969659117,0.6187688877413898,0.5584560548558691,25.43955602493039,46.962104592497695,36.53000368054641,31.56364798274584,36.41196093605731,22.52040596998655,545.25,29.35538727304698,0.6636986712019375,10308.491074855609,0.2702081090473907,558.0,51.3066,51.26866790233655,21386907566.71009,3.706897217227584,32.26149524722508,8.637516182817478,523.7871457394972,24.645758988851767,25.27845993116353,46.64674410288304,-486.405426475388,771.6795571394455,14.94887223012517,1066.653770979392,-2.1372270017665955,526132000.0,0.3870804836332052,13608.911370047845,790.0238194115042,5.8552,-9738.716364648257,88.655557433632,1.1309924911781888,0.6245630877132364,2.0799546343804893,1.7485606117665171,0.181279,0.7206387871342376,0.6999453661266081,0.9942960716486576,0.9756985315556074,-0.1548189851347402,0.5741369856401246,0.3647853946777598,17.56751050585936,0.2838077761311089,3.237526495498759,0.7093883858528605,0.4732232509702556,54.10473303660607,3.0653147170913275,18.159342695132903,4016.916519610661,0.2804801455722948,66.80909367957427,974.8960520042727,3.979575510776185,7912.576347616719,0.0970800787086795,0.0097737967483131,4.351086001217352,10663.859314575457,0.4725380469868985,0.5898049632836866,0.291681,0.7138971573496957,2357.8705642695195,0.0096837391026742,34.63312461287878,0.1527781778716289,49.77495796490717,1496.6088750547444,737007.7586744184,1196716328.554253,2055.500285932261,0.0251217278049273,112.62596563777012,0.2911454783633957,0.6617907295848023,137.2235546762219,0.0192730322720641,5.567680557673828,0.00580198,190.726,0.5802145392643555,0.5552572438412184,31.197344631853845,21.38265416836884,39.4439332248088,38.50191069374877,32.07526525604272,13.9284,17888.58990505683,21.61874141590368,0.5951773578845718,3407.941273758661,0.6012051556496669,8589.977167990026
ID-1280,Center-4,M,1.0,1.0,0.0,0.0,0,55,68,0,1.89383,9.330033375177774,8110.21,6.8484,2.630140192604934,2.8398858565163163,24844.64845187684,19.13950007982206,8.403468949381644,2.917592577159295,4.7410549565837385,4.310325062869362,12.16093684844134,0.4053252101093209,5.328057904432439,21.957520200039784,0.4496624551715344,241901.74618594453,7948446.744452458,0.0493879573607238,4.138085741232345,2299.0493850193325,4969176.451152888,7694.035686113044,11.2113,0.897676,0.9184492575802176,1.473052414467085,2.063958812202033,15.31000927245332,0.4719616990559069,0.518324391958851,0.9884702280268276,0.9339166124543404,-0.3018589626655861,0.993989,0.3110567448180247,34.20422745382827,0.0219639334579849,8.966610369935662,0.9047316126458737,0.0415126365506753,74.60026411233686,5.842923074733702,298.6488503766629,145.82079056892536,0.0672627237821231,275.1795156284638,38.346,1.977153336892458,1449.7846849135994,0.0078982250650317,0.000384061,4.647216217667912,277.587,0.7315005044021815,0.9112855234619632,0.2424746476484882,0.9735310980151622,394.3044417526153,0.0065145313750793,82.6294557548259,0.017562779785972,458.9718482945191,737.4891180430559,3.34623,1301805.5441603526,0.00123903,0.000476227,1917.197011316936,0.1174030764275385,0.4015841552741533,665.8089934395181,0.0071886604483588,6.6620473275141645,0.4256214726965523,1.09326,0.9645081584135496,0.3243077985036792,8.52067350134169,46.19271961854688,59.803579787576304,42.27763293650078,32.30302514551851,29.753865803471225,41837.09440898171,28.795775762430843,0.843337,2369.6270883600164,0.13282,19713.21440640246,26.36175394546944,52.23562749869984,66947747569.69034,1.858855624518701,39.25021916363649,35.912421762959696,495.0164743854343,50.27527919322299,32.92844336327805,36.9199313542681,-1029.9191492481175,635.0205854912285,3.2880519826651824,1037.0665052194167,-2.249740003714483,50196204715.15654,0.0808784,67.1971,1492.3226794583318,5.8552,8402.245912978839,37.79464833476534,0.212363,0.5382861506080209,0.8760698144816195,1.62711358589467,0.181279,0.664798424530454,0.7267931724554522,0.997865230668044,0.974071283633264,-0.1927435405753322,0.7664009048661579,0.4048431150436679,18.8873770444889,0.3462807455150375,4.126775168768824,0.8504442517979007,0.1144346237800375,91.87067250030236,2.629781194911351,0.224451,49.2996,0.3296390092675539,56.35062150938523,2919.184574287141,17.883666997649318,1195.6773898761385,0.0532969097144927,0.0047681442200608,4.326412346996979,106.226,0.2809718778333691,0.4223454665085374,1.0370427724762732,0.7254229486184651,475.3040072748365,0.0077605782398041,174.6798222859255,0.0743742140056677,81.0248815722751,1678.686888248669,580726.5856089572,404110786.6894506,3642.294579064326,0.0131119542139537,5.90323,0.3034363409189942,0.5475431103238422,878.3022605146883,0.0070712628199808,4.687119651623301,0.0703687985580785,309746.69601740973,0.8165907768848164,0.8147421040302544,18.559674354997497,58.37185212781145,52.14013925978633,41.33188274311109,35.15051949539588,64.51885029929771,20757.90871339858,31.329699098530085,0.7626711040491588,5969.295636812862,0.3019734851510863,54971.62898379642
ID-1281,Center-4,M,1.0,1.0,0.0,0.0,0,52,127,0,6.412238509853335,12.581498366096028,2705989.0417369828,5.172600227183827,4.470313526555723,1.79041,27989.48912302369,6.584804561420871,9.76921586621121,0.5971683185715847,6.300119891892266,2.17092739100546,9.845908873973093,1.4177616916990137,6.87419003652497,9.205017410069772,0.4361688910382426,130431.96129253808,8110.21,0.0444354240765442,2.906727832817364,178.6758376204603,312.508,-5488.004470832389,1570.8012772874515,0.897676,0.9061824702604592,2.6360225489279454,3.851332557932874,11.309139019121163,0.3269535932726291,0.3627888997649982,0.9900527269096682,0.9513446549859816,-0.2686537091804182,0.9744106369171984,0.4262842120111281,18.13343963276996,0.0180626905487938,8.789066795807976,0.9021012375890844,0.00134553,17.282710100974544,5.982235257089261,3.02726,36.2218,0.0451050224494218,435.901724676468,816.8006226866261,1.1241906989188573,2286.6913690519573,0.0036141392026375,0.0080921940217103,6.302610091574727,8842.33232032232,0.8616294227334985,0.8594262705607572,0.0792665057387182,0.979283,405.016766048761,0.0215657102594923,206.39154714316533,0.042628395135067,6.42722,28.4667,13791.306212486432,1099421.1753854211,68.39958066787462,0.0103863614302135,1999.083152341015,0.4494650437220192,0.5180480972447826,1497.5611409313303,0.0120797444268273,8.83279,0.4618995827419424,12687.31527812122,0.8283172395302575,0.216809,23.452839844800668,48.131081305446926,70.52943617251988,33.35875125775672,50.54371032777065,30.92020105190168,47982.94729530221,20.96386133685243,0.5943463639223855,5345.067412108591,0.2405677154778491,558.0,51.3066,33.3375,16177886448.77598,2.7243241466223527,36.49475642081192,3.83943,478.0916599215786,40.352760461162326,20.541057090296903,42.98342794774851,-221.66509929758087,533.0666565479831,7.573848158564163,1029.3260991608197,3.827631789792994,18423683835.164764,0.2718533677339999,14487.402824185208,1059.5366736410638,2202893.222084503,11976.67353855776,76.07708858899464,16.64292014225316,0.4747091632204445,0.9420503025437434,1.997012638920401,16.954374341166766,0.5927548313180455,0.875283014530798,0.9987158366523998,0.9799166315873882,-0.0591107332748812,0.8540155680354952,0.2174769381773715,24.41112380876981,0.2838178255926124,5.908181036046195,0.877782555692459,0.4250415587133078,10.2048,2.872666064469996,32.815076386233265,1449.3413959427994,0.2323104224942879,0.610339,171.69999905964795,3.016106792805541,4976.8555665164695,0.1972588891813546,0.0095581117082703,4.48606005280855,4249.50789247292,0.4831717083893245,0.4761875386302969,5.602316116836335,0.8265759163353292,676.254476950157,0.0069070016363883,69.32643522444383,0.09586955272296,153.24601306301977,335.21154049420306,8822.366795558097,1088912600.9714382,6573.777959601684,0.00104556,424.1483782561328,0.2538610786556078,0.5065920033951544,205.18370622761603,0.0205242585521258,7.67214,0.0666892479165177,539046.4682667935,0.6292567741877515,0.7734146902510656,26.1107481722842,18.883713540114776,47.77229857555729,37.58510179682499,34.20096243089152,36.39547121778172,16130.37977237412,25.33528343596433,0.6316898819392402,8044.818568805207,0.132051,562.0
ID-1285,Center-4,M,1.0,0.0,1.0,0.0,0,59,63,0,5.315999430182308,3.46337,3682799.709260936,5.381885849338064,2.9968388980016645,1.79041,15603.151393739505,18.042970854963496,10.829666494188944,0.295263,12.35375569115036,3.206278502353177,14.105593532537243,0.4640801565344062,10.438673973223112,13.551327685462011,0.4816230144011296,463685.5183821457,4165496.0130850016,0.0470960986953112,5.998375365971526,3994.4256913287386,464042.3184745306,20617.57850690604,2059.5998828184674,15.798173659814012,0.97466,5.521583865507509,3.286888469227103,7.605323229994329,0.2489264840874355,0.4501272735402237,0.9948942051188144,0.9539148796942614,-0.235993,0.9741202006029346,0.3101110126444062,38.88801956902925,0.000347025,11.429815832657887,0.9381653597867609,0.00134553,89.23674631900319,7.642992453302786,47.49734294003862,463.2587790025302,0.0379194696147101,261.5610610970047,4380.6734333501845,1.7576884047703365,2095.6890807219265,0.025701048724903,0.0065261435011438,6.480773275989543,15459.780992751776,0.7334821330762205,0.8135285600324128,0.3945663687257142,0.8904214086440279,1524.6638431814315,0.0017012338595109,1.93333,0.0617997785143131,493.57377381074855,1600.491327901834,62438.299587344576,6485.56,160.60878640605594,0.0087022384834872,4195.098255787937,0.4250687431142516,0.5865444920346491,537.2588749149451,0.000418855,6.8359857807023,0.326199702277882,40900.52793062618,0.7517477960195242,0.3700703449690837,16.12836309534361,47.29185920711146,26.410546446932905,21.531949500876543,58.48797323529524,24.96656948051325,16713.4961068635,31.60502360012944,0.7227606879057068,1639.0651376096466,0.3431479692622882,13370.725103876584,24.613553705392167,71.40142654431442,26673593172.43457,3.764989514744306,12.496292313606206,83.67998461084171,421.5534240599886,25.76464604766738,34.1787722524838,37.47668435126795,-563.2369564797621,555.8287671293141,22.09779634340612,1028.8453011710094,-3.073363376576137,46861391303.90909,0.4171109237952819,3161.6829427091234,402.9931666969954,5.8552,-893.8000051210465,0.664828,0.9472371880267828,0.5945573485188493,0.2089527564113395,0.69169,3.1412620060375045,0.6047469494547125,0.7827780129795848,0.9975135783128504,0.9769568688938112,-0.171783016320188,0.527880667959671,0.2703581694396382,13.792330007417098,0.1323142961796191,4.835268846582687,0.7211691055084943,0.049273067702104,63.38460473276636,1.483194592228799,51.57764765867144,867.2620848015283,0.1984458317511604,53.59157819642612,983.208804553713,1.74669,7579.714417824365,0.1505682902740898,0.000499152,4.451073565630297,14160.634315031246,0.5103276523148031,0.4193963435000848,0.291681,0.6129884779426131,1010.5553904802288,0.0087454112188317,33.77087957387321,0.0152311,117.26310238746062,431.0321454311975,366022.5477928937,145963958.2221065,2112.417674461697,0.0594962769699814,679.9665014468318,0.3567333089909634,0.633423698754599,1714.6236060139904,0.0222440543329473,5.574503169763482,0.0646749988239004,745222.4400872184,0.5960629094967935,0.485755928204216,20.11534433960473,54.69581440742216,52.5966738478751,27.58864730378757,26.22625103851585,46.10458055694115,10500.56805871295,19.00337343938428,0.6838889905385345,458.685,0.4325476338754324,43631.02501035591
ID-1297,Center-4,M,1.0,0.0,1.0,0.0,0,55,96,0,2.2110881864651573,17.64485023028372,8316351.108403224,5.267556238851439,6.865262016197805,3.858757570900381,30015.68013942181,15.645242046426093,8.647470110413094,2.017385253271551,2.71105,1.73738479762194,15.62465228267694,1.1647300025925182,7.566337360095487,10.501628668709824,0.0986599839623762,262612.1178530512,8110.21,0.0127585313969037,12.458542427533056,311.89031087091377,5919548.350425354,-4822.452124115951,1245.1061090329845,43.84270796006052,0.951510305937195,6.042335822203079,3.1394007630953844,7.5211940349610655,0.4124078910121225,0.2772744998524115,0.994236216739834,0.9340620097708262,-0.2956911319653353,0.9883205112397212,0.2567256793834966,10.09749036719692,0.0189828145291102,10.195275411347408,0.90035819344888,0.0120670353645528,106.7072201281527,5.095539898885138,135.39653718653886,934.0714471014176,0.00917615,247.06342438424605,1296.63247117258,1.3197656690226964,3583.0895518510665,0.0162066605881949,0.000384061,4.8437192515371175,21429.12853738504,0.8441205361735326,0.8139987484757649,0.1636220482718592,0.9111820973528468,1767.544564109524,0.0043177844063804,94.28588979313982,0.00977157,282.9874921655155,1318.8031445096976,17571.718741816934,2118973.288403034,532.8730119091856,0.0162830666196433,5033.919879949044,0.2918410331227145,0.3855220972390142,691.6337139034849,0.0024305934434505,7.991138745556235,0.17771125884997,13238.678770006689,0.8782925269320725,0.4485003556980916,36.66876524155567,33.57770144165033,19.02197972996559,42.77299508344301,15.116269521887086,17.809343517540892,545.25,27.977967499400336,0.6124172548269194,2012.2171156100767,0.3219154319237708,1665.063654655145,-0.1552912437315852,97.56375900165158,37526242490.92439,2.5590284397106395,43.524349578300885,71.35812801862943,66.3085,49.27143966566197,20.387458202638,40.90535993308164,-805.1508402254952,434.5687892492345,28.93581498654329,1050.6052313880482,-2.6072083271135256,25934233842.335804,0.4219772337885878,7183.504329430614,26.3153,5.8552,-2488.418566339928,9.63961475910332,13.615655015045284,0.6765882820577246,0.851440477806344,2.5857850892887853,5.152548280523069,0.821056341942671,0.7499874232229974,0.9972242524455583,0.9727642350442272,-0.1413076536930798,0.6558122219422676,0.4314826859181251,16.057492637414672,0.2035795367987056,3.79608745447818,0.8928267676763826,0.2260399497084599,60.50041560330156,3.4756179164624026,11.49772719724045,326.9884081132752,0.3179519628599741,0.610339,1289.5974799848216,10.17876911799617,938.7063771024208,0.1353860048528901,0.0121836332918731,4.373048609337106,7141.739067726888,0.3246672251004815,0.5439492827553941,0.291681,0.4695586206015354,1486.43798579758,0.0090649862991679,37.86525861688558,0.0296723620729312,131.68462673244443,1509.532184654975,730078.6623387587,54775325.74579075,0.225683,0.00104556,5.90323,0.4342516595987556,0.5396420433726453,241.57702273752125,0.000562722,6.923894687788551,0.1347651691917653,594513.7793409475,0.6188561255297633,0.4983809817777315,23.89385754549685,21.325264582690377,42.667003258294606,47.36880491876437,20.96698343584977,48.52733997698653,548.583,32.146785307377364,0.7787737184143124,458.685,0.6809605288091829,2828.7181419230083
ID-1300,Center-4,M,1.0,1.0,1.0,0.0,1,52,56,0,2.058753109494853,14.531806909150232,8110.21,5.140032676632457,0.4890932744917281,2.699752925753324,44135.05886905479,17.9901216890942,5.651777588471967,2.552298068539601,9.929347485038557,3.89350668839104,24.387641887011966,1.2472417870604466,11.068696883269178,10.84351668179116,0.0472064498959124,237519.3597474664,3081382.9127152087,0.00914519,4.704103444204701,1062.8015194790908,11474656.327891126,-7937.835647520229,11.2113,19.30463939722058,0.8915690465129609,3.8403006358224254,4.4432,12.487629569568265,0.5458135416401098,0.369609238983564,0.9945668849608892,0.970106,-0.235993,0.993989,0.3444769512366296,35.24937143836069,0.000347025,9.597400380253909,0.9626770056992076,0.0314818999099138,108.18936754433942,4.978894829792238,356.1460836030344,374.937069418493,0.00917615,205.8619789424561,1557.0845014962026,1.1522648966269589,3676.408463767409,0.0791266368752298,0.0192646052286105,4.554244431290702,9266.930126459987,0.947064,0.8789400678813027,0.2567219226151995,0.9364038492413358,1991.785015124141,0.0182157771460267,160.87986488518715,0.0406061686683543,343.47963555988235,2698.366844798752,6671.0458753230405,10567106.85131389,159.67378819542236,0.0504154389837478,1328.9061157732897,0.1315402799172677,0.3849964118531336,675.7468416731143,0.0274304505609569,7.580993510236572,0.1755292263916044,12071.245822627652,0.6150532318393966,0.5378774590955893,17.493909198201447,46.82810743298123,61.183597807809406,60.09234618930282,32.35276967610677,61.41094973213288,17838.978916764147,26.77932254374824,0.6180001763759768,2041.732364726437,0.2831125698186548,558.0,30.13170635678404,134.55013082767684,31036271741.725903,1.9289025758139235,27.806206701764705,9.346504526589158,77.53028201354175,24.137639263388188,12.087847472247528,54.6203210434883,-598.1883772397002,144.178,2.31624,1014.236355855218,-5.074751142575482,40118671210.24054,0.4088318210958447,720.2134882304654,98.59600174941478,5.8552,22092.413560215533,0.664828,14.212118583216526,0.3219253154342618,0.517266339787925,1.144996068434362,17.319623299484554,0.7527932486486848,0.7246777987086755,0.994654309935154,0.9945243445065722,-0.2662446984982978,0.6845369576456801,0.3884703968241232,8.520569189957785,0.4607228241968152,6.40485203897297,0.6227708582889679,0.2048130354107641,10.2048,2.3587050767690263,12.23729692340065,2922.6064826178545,0.2559947835463769,0.8991848693033453,1021.2133758909454,19.03933355007804,9120.8162969628,0.2356467611529549,0.0041139405273386,4.802041829380157,106.226,0.161937,0.4195420353053609,4.388362012010258,0.501611453229931,481.5740146695241,0.000389061,3.90476,0.0477107247271567,103.44807859256476,1929.549642673657,357763.72342276975,63095.6,545.2149169615593,0.00104556,341.2879549073903,0.4792815959102353,0.5140729855786603,1420.7775836247815,0.000562722,7.023848300208252,0.00580198,209851.93837245065,0.981698,0.5489248647471429,24.81601308798233,71.74150597603227,21.067246318924468,25.450256632347905,41.21256726002275,46.726477779099405,40669.52940736392,27.409428520599924,0.6910231268629153,3245.689114790808,0.3617802629618492,562.0
ID-1311,Center-4,M,1.0,1.0,1.0,0.0,1,55,36,0,4.2289228936492345,25.982901367311964,2708285.705592612,4.882406502316399,4.221486460091718,2.078658376602789,26818.1671990186,24.849805518987857,6.75039293929566,2.018899116215542,9.430534524068296,3.0964404183731267,11.818052535975838,1.2176517714334951,6.476223649367492,19.615931210033388,1.2797524813427037,677942.680559397,6352744.579970119,0.0339935651318144,3.864623397393666,754.1357658549298,13175413.769741757,11494.822118388029,784.3150235241453,38.127210760961376,0.916040428769588,2.109850607461855,2.74946963591158,4.381086400359648,0.3000676561785974,0.2010477685124601,0.9925854762805152,0.9595382746176055,-0.2437999101490136,0.9877451397460582,0.4027950027259842,54.42064405687823,0.0056396351059436,10.165182661274828,0.958932207283394,0.0172310472993904,68.12980891418297,5.916838782225198,106.17280852014126,36.2218,0.0575103997889303,390.7940820070728,1924.307554386284,1.8209246959180296,2339.0360153293973,0.000408215,0.0126402553921357,6.49771115697294,20496.81246638966,0.7413471919205692,0.9447556180178314,0.2166680139989626,0.8610686583276785,3023.729579459211,0.0061907766536681,245.82516559603823,0.00977157,96.27984698162368,107.77089782541182,21565.714076980592,72374.5206778188,353.2487161299276,0.0453956203524931,2074.770159466133,0.4106662139271315,0.5477244292006433,188.2724782890645,0.021348448799833,6.795621221859813,0.3871097320091468,1.09326,0.7682409326582519,0.568655859042069,13.79027865990351,41.52175843409745,39.12867973223653,13.6015,55.87231258529914,26.80843874016437,16665.34907970029,13.519747684408689,0.5068913773614859,7453.143407643722,0.5867950789985376,24606.553886985283,28.441364507882533,33.3375,44913433919.3587,2.005984259270165,37.22370791949165,103.6303244283559,1095.6114207285525,77.16362574337242,4.12072,39.08416276510266,-601.8199399155947,1059.849110032287,7.064934357544893,1072.291063356039,2.301242527498077,22445586687.33692,0.5156382639832638,34632.494959747004,829.4307806441798,5.8552,2781.754968410073,292.6130007042081,0.212363,0.5726202471462247,2.0837330920556605,1.3708871989543756,1.194128274300919,0.7787702289079009,0.8714009293486169,0.9961245760624002,0.9565209154864648,-0.1705034122174631,0.6735653008352775,0.2810615102721118,40.25464620115334,0.1765259876120324,5.063628605428082,0.6297170671383543,0.3574703118608162,68.72462669893838,3.089497251950003,43.74853820343438,4186.106483111183,0.3570355735357094,16.66144106104823,1156.0711763425884,23.634610233199787,4613.191540261798,0.0863642100291239,0.0058790254267367,4.084863458944619,13744.752681878144,0.6965494483659332,0.5074544922456494,1.435460061554369,0.6488431449508081,1317.826655510553,0.0017649860218178,43.54607051130596,0.0161659115450225,78.87079705730862,30.1957,369382.9307542344,408788893.41885984,0.225683,0.0087891000523531,943.3312416773346,0.3657454038750156,0.5102765421917853,6.83919,0.0192937997011027,6.388705027902541,0.0143688756539192,941326.882521757,0.542030936924185,0.7297471988915384,25.071625398622565,25.0325115591394,61.70260782658651,73.91159836772455,30.503228161633817,50.01561622879176,15176.951704678097,36.22855732421141,0.6334957949970682,8003.767509040585,0.3163954994092717,1298.0051338518106
ID-1318,Center-4,M,1.0,0.0,1.0,0.0,1,57,108,0,4.863620736113176,17.698504033252046,2286360.1793679087,5.562554471058209,6.84209772717014,2.324853555425224,41675.27478811559,14.327252248697096,9.216800706038974,0.5224949899755377,7.199450024761305,1.6537848333184866,18.36010772644273,1.1948288171900605,11.001668007110707,10.369740988857616,0.3868017223383556,81820.44524946081,8118291.708097964,0.00914519,4.204637324565821,1606.4272170882234,11806809.908559268,36108.28517222342,267.8944071105115,0.897676,0.97466,4.496799063066601,2.632035429272759,12.976865416497487,0.2417851914884902,0.2012486657115215,0.9953946349700844,0.9538560685370284,-0.3485613110781962,0.965635521745816,0.161301939403719,29.356945227789726,0.0150189229018655,4.9898955472927735,0.953030994365481,0.018259508346798,53.14461887966653,6.786975179390875,215.7339528995407,520.5684154363516,0.0427172867915186,755.1062670767315,1003.836436787332,1.6609197537330076,4912.8627495517,0.000408215,0.000384061,6.486628846359312,34761.967567445376,0.661116176390435,0.7637799426776793,0.3526882142356303,0.9366858349676958,1718.9904221529443,0.0166998100180381,120.57840691735328,0.00977157,6.42722,28.4667,45122.80672059019,7003351.278962442,111.32007145605384,0.0486371459700916,3679.278288773148,0.3421518068046313,0.5197575681406589,2.66496,0.0077913044845965,5.6024929617642165,0.0213801425082254,10040.044236933652,0.6694651066744408,0.4368323508239722,36.13216037411539,40.45865183519034,53.064701809255375,69.87751679216531,32.7453805586498,52.06609136025037,37108.99332155994,26.28249289023309,0.843337,2676.146646444397,0.4439350468958423,29219.95421059394,12.372874955042832,53.18018735423927,55863535818.295135,2.7200859523377567,32.74419398063661,3.83943,507.9707817298046,19.74861839257158,52.25505298349907,44.02597238235104,-663.4609986528721,144.178,15.356044345825469,1038.744788317465,3.87533366437805,29863988265.79101,0.3094484462076534,12875.319661795658,3175.76,534191.7476000059,6326.7428163206505,104.04405144698195,4.427060218442172,0.3615772327203016,0.203457829935548,1.9632760453102456,10.633308503939476,0.7106340408578349,0.8189137231397708,0.9991019743458356,0.9775893102334652,-0.256093621016254,0.6166124671949025,0.4404329201045956,29.853318452173724,0.2188746679987766,2.825623073686528,0.6837368902844885,0.3224491842717767,40.21607412692771,3.1729260608421685,6.039792272414669,49.2996,0.208545032354289,91.25233464523453,908.8291180214928,4.587999572086991,5402.829751493708,0.3251206474630385,0.0041671347835262,4.591828047826999,1009.7548969720424,0.4234347846519847,0.4162686890245889,4.468709603721261,0.615878169132035,723.1587094711535,0.0058890577051326,161.86250401865618,0.117177292120153,70.33109642363482,30.1957,214.609,321481488.3771193,2035.7829871027848,0.0133178718296605,879.7369985416639,0.3025138726183225,0.5626391957686384,1563.728852773651,0.0261360490724767,6.391029902081215,0.00580198,190.726,0.9239118211794106,0.4212982838614826,32.165857958609536,51.28155146130979,51.89091213052267,38.15943113473947,28.472360623445404,31.27997498126804,33265.83781655919,37.23965032373889,0.7066677442792801,1815.8173649987395,0.2803350586065488,562.0
ID-1319,Center-4,F,1.0,0.0,1.0,0.0,1,55,53,0,5.799064887573923,13.01930806448339,8110.21,5.578353123080549,6.356967382194524,2.95888976382549,25525.8109806832,24.68160227181472,11.945677093038777,3.888497024634829,6.908115575112424,3.5043858372546444,14.540276299238752,3.8736271482188354,7.034499783507235,6.507315868489861,-0.215016798520467,2087.32,1463356.9315072,0.0200926917468109,0.134882,43.7843,7172089.014163881,-5715.388338833169,75.69731809781051,55.82166856697784,0.90546471363369,2.805026083865889,3.5607307191914903,0.393348,0.2966351663408011,0.2685718306726706,0.9958649737730744,0.9371789543133644,-0.3055809821157121,0.969969199187282,0.1598935300813961,22.22623489525998,0.0075221367401363,8.635053825424514,0.9161143354836232,0.0321622594623462,110.83378052053902,6.197165986172963,127.90448015120812,481.31978731940205,0.0618889511958948,156.80605720947932,3091.218809746908,1.5318634094606318,116.083,0.000408215,0.0149214603889643,5.969714819901342,6706.719452860352,0.7274719029052934,0.7876266034944867,0.28444644909412,0.9669111206145256,1414.3857999408551,0.0140321039792534,1.93333,0.0491565182319976,94.3853455332028,1505.91603455857,1304.7349632117262,13289884.995414712,0.00123903,0.000476227,2.18182,0.4540737158820186,0.7184848777186605,1173.4627648151074,0.000418855,7.048544127304551,0.3748116223796949,15913.08887217503,0.719127334312644,0.4101783277849263,21.555974117256625,40.04087285417333,51.66307825559037,33.86136126437131,28.59217969051601,56.48273486362435,545.25,15.400957698906767,0.5921677680321739,5441.75054370538,0.4702586877081738,4105.074783817308,13.80394624603026,47.58988188208008,526132000.0,2.5079081634479348,29.785190091897064,3.83943,1710.5542253942326,45.08645634493084,17.324287743499177,36.74504790563708,-358.2412396190104,144.178,7.031377915396753,1067.5788057197033,-3.2901038637239424,27482297945.151497,0.3588384351310271,2236.393685121925,1305.8902022474776,1650187.0096593366,-3989.308330636297,0.664828,7.337687596525597,0.6877594355202198,0.8704308426299915,2.297543275709053,0.4094489014230649,0.7470084432135554,0.5481246549847304,0.9935686583219536,0.964179017130663,-0.2859096308966702,0.6576301961140174,0.3898478331890045,31.98592616507598,0.1201761361741256,1.41363,0.919806425248438,0.2458831438168592,112.432,3.5422796929936697,0.224451,4339.4507843527,0.2824305601504844,21.27086200867954,947.901721460846,8.322119324678154,9180.30445495712,0.3098921284199225,0.0173069549002815,5.213704597088286,5277.85053820832,0.4527569644796921,0.5006598000776091,7.224347289827408,0.6042263686914366,209.63796694726503,0.0056257338022511,78.70058662316704,0.0542250974993306,3.11374,30.1957,76903.72332021417,416089026.2686571,0.225683,0.0127615929059146,5.90323,0.3346576828330058,0.6222072574114526,1095.0213495337148,0.000562722,4.841032550506838,0.0972204918897679,190.726,0.7826364353404202,0.4986058917952453,5.58834,14.538271709927688,49.94881575900702,33.388470199659515,29.96065245410516,24.85884971576455,3982.3170178365913,16.932468124684664,0.694177453814123,6270.433393235946,0.1761133621413425,562.0
ID-1325,Center-4,M,0.0,1.0,1.0,0.0,1,47,56,0,4.500248065934275,17.402650421910113,357909.38800422207,4.949720675047129,1.2203861111716117,2.679629821378339,558.0,15.1468653063819,10.067380326688044,1.8492369369897288,7.072260521240432,2.2749355208814306,1.973735221607202,0.855520174262126,10.594570323937075,11.071101739039705,0.3685617728737497,158882.03403896547,8110.21,0.0375147356792835,4.71134547006627,587.8420105977425,3417967.5674826773,21244.73128898834,2430.805625692531,39.03968052673402,0.9736168013424148,1.738902215917051,4.000723126107179,6.997452332464489,0.4701556110334582,0.097145,0.993716695445226,0.9676369790479412,-0.3256542754121833,0.993989,0.1733793177265996,6.41898,0.0074526953650721,8.579302977124303,0.953046563469468,0.0381691837803406,50.77761440493615,6.031183926048629,132.90456089531332,385.1931039479006,0.0271398162140952,132.90712270875292,914.5549882362476,1.566005731764982,116.083,0.000408215,0.0145177850979638,6.937707942580486,16104.580397290612,0.8095892569752151,0.8975625443928218,0.2736352158862155,0.979283,1277.2506746564834,0.0041603997157228,192.2114791124565,0.00977157,312.9213253251385,4177.48162018103,3.34623,1127503.916186656,57.45426974566971,0.0273113142963739,2007.8259826497551,0.4772703766111713,0.6323084315759339,500.70045934498296,0.008562194333578,5.950475657559831,0.00671548,5245.885842376761,0.6410275600159994,0.578918454042599,17.49272771135549,29.04478967306978,13.6015,31.97438871695691,42.153387848604645,41.310773021081225,4735.01354056062,15.010707285646872,0.5931357856135987,11455.730737666976,0.4976201944809205,45927.25481913525,51.3066,134.6874417474988,7378879078.599144,3.365579161536771,18.43507617964884,104.90412992052204,66.3085,43.68742618066717,23.386452870612185,50.66210101922411,-171.25924259241646,1266.464650628682,22.86100477044696,1022.8788540942338,-2.381432180571683,526132000.0,0.4835394916997537,67.1971,26.3153,648523.9662706563,-10474.800163067626,42.74782293502929,6.86658655714584,0.5731564918197898,0.174711,2.460094039338549,0.181279,0.917477,0.832029350767474,0.999872,0.9589162863713748,-0.1819173843664874,0.5126286024402559,0.3167136394881842,48.39431832467341,0.3227930571773043,2.113702632680931,0.6505358369902781,0.0495401524940805,27.98812771547311,2.4433936197552195,0.224451,4015.799206299776,0.2183332453558067,13.87158980428837,423.97073230119537,7.70698408312349,11382.86957439126,0.1672085584609464,0.0032019218374902,4.765192426930507,9739.80517525612,0.2140384394542875,0.6154830263250836,7.008583753177012,0.6946861588876796,1017.7573370986872,0.000389061,3.90476,0.2040117263297044,39.022736741919445,183.9738924852101,467032.9920515439,276823063.7569332,743.440393243818,0.0146654074973889,558.2737050251034,0.2837964394784504,0.7221069790375225,431.1030799253482,0.0206274640404826,7.10889425482554,0.083996281653779,61027.11035273616,0.6365374794680061,0.7881108792909526,31.21845932369915,39.85597180997422,47.430204674464775,38.84653178515443,30.083244119763734,41.73225315656208,20963.437842807445,16.650005253219135,0.7586917372654384,458.685,0.5311044919801036,562.0
ID-1331,Center-4,M,1.0,0.0,1.0,0.0,1,59,71,0,4.962301140965448,7.89784781520558,261773.9885868489,5.732203184326308,7.680900009524078,3.2945939248024447,22867.180391047696,19.831035955284666,5.630680316290863,3.401564526951204,5.795708041982841,2.129080718284121,11.94865552587209,1.7337256281228874,8.057077484480148,19.059796309431125,0.4746678844403482,271948.0813778442,491039.2101563761,0.0488053869751068,11.622035498680823,1770.1211523085042,575331.6959967072,-27207.883997816585,1565.6258815690096,50.848465088276015,0.9577072879189562,2.2778140352039022,3.3660668092999595,15.525771155715306,0.5173790626515283,0.306189991711644,0.996497848684336,0.9672603567079352,-0.3081292253141725,0.9725739632423832,0.2872108741233747,65.04817846403965,0.0126310052017898,9.051467641485033,0.9213506585331378,0.0139545417317943,122.3594651629536,6.567138746250418,3.02726,1312.7302752383905,0.0381002642330295,344.5116979606992,1406.6881077284393,1.5735499913355016,3079.3777238211865,0.018255450271931,0.0134733188769909,5.188643255304659,15459.00333994694,0.7407615171709795,0.9276441913627016,0.3270179556135417,0.9151090914474858,26.058,0.0150718703453305,44.82441944253705,0.00977157,130.46981091375224,598.9028912878625,3.34623,394020.95483170415,194.10306562159,0.000476227,6093.528816773174,0.1871974172773332,0.5771809463627905,383.0578551654351,0.0180543658860546,6.378084996126409,0.0281446031046789,1471.298637345884,0.8163872217657773,0.5483241345458959,21.446100181419688,36.34825708922308,20.77782993835252,51.87876614274763,19.446201800177867,36.60252407468592,36764.62577155217,30.05703865518175,0.5980286595939674,6316.676313556537,0.5641303998486357,35816.66046862393,40.680445670033954,73.15840392679256,526132000.0,2.0998900930307425,40.34665726819959,71.01069138468831,674.480554143507,37.3387440684003,4.12072,52.607886009254585,-363.2970850995505,2349.757559009707,8.828917163198934,1019.8446569384804,-0.5448110663322858,37483420888.87804,0.2708052671085553,67.1971,1209.798597291262,51514.50847357107,15702.756236757234,99.95570025534896,0.212363,0.6499630197097253,0.4797989394061395,2.1063562779682496,6.484761840686961,0.7733405348588641,0.8129489867130361,0.9954326406338998,0.9848663601222885,-0.1790844441911602,0.7042657467646638,0.2277321694247228,9.131279649442233,0.1849138582047666,4.190393227398158,0.7475053340916555,0.3405141587589746,71.18761430164898,3.3963927330554244,0.224451,5533.613187528495,0.2466557648303617,0.610339,559.0753737941528,19.314404147006428,172.295,0.00100254,0.0196859781056379,4.291059479308249,4477.747291699378,0.4364599166512213,0.5814476996220913,8.46092621140432,0.7593926000533846,72.72461236222128,0.000389061,3.90476,0.1330337355434039,3.11374,30.1957,564977.0370374497,63095.6,0.225683,0.00104556,546.2485910059712,0.4363416848632827,0.5093639810907825,700.4954797415726,0.0253463931591169,6.0506313789146775,0.0574675104052276,190.726,0.8584282137668535,0.6123812258953414,16.26972815830441,28.8062746194398,36.71350837334992,55.42399175885296,37.242419869928746,67.7489067715822,548.583,19.355987580341434,0.5540812136500199,2283.5871055930515,0.3647701505585575,562.0
ID-1332,Center-4,M,1.0,1.0,1.0,0.0,1,68,47,0,6.755836011022173,8.271937788145815,8110.21,6.637361886566362,4.305381546039627,2.764635710884423,28183.72826374646,12.62434861854759,8.374022906515613,3.063493923592875,10.310584113060608,2.600549234236537,8.17947919116615,2.740375451317735,12.78854824608737,15.710311597880722,-0.5691410313642989,386263.9888103656,6892968.687527622,0.00914519,21.400458428945846,2847.012855073024,196831.03306495945,34734.50787825316,1409.819285275971,16.89510408243965,0.9003656848389076,5.565127668718146,3.239730876308922,36.9639197159043,0.3971352615543849,0.4677390221189057,0.9942437982071312,0.9612650475188848,-0.2717785679392102,0.9516401829901692,0.3108996646349538,37.61676547415389,0.0033795163083756,8.94500916054962,0.9025108297815368,0.0455773217363813,79.40151414995218,6.393131695486361,331.90442225482326,36.2218,0.0372621537361936,424.89671315579056,274.65899298192164,1.3449481648123915,1757.9688557594156,0.0100353518526271,0.000384061,5.426057244798775,17826.95523904912,0.7812230726419364,0.9541821331470928,0.3396646487837864,0.8939155409338738,2439.913616813228,0.000379169,142.74650388524498,0.00977157,243.7601455211618,1293.9797373762704,3.34623,2106639.13126268,0.00123903,0.0097763508891197,1821.7119946203456,0.1936043164406712,0.6155950135233078,695.6237376051131,0.000418855,8.83279,0.2545803184064656,1.09326,0.5610965949399945,0.4272532131090581,16.074528716721222,43.85247016805265,29.05100177776194,58.64403377762772,29.4320202574389,40.60758601664162,7581.853717670312,14.764852828965958,0.6910325195252479,463.203,0.2952703954485855,10145.611835278109,-0.542888919982004,136.2162750100247,48229888526.22264,2.7257129794589883,5.42996,59.852619638277964,66.3085,45.07026383832986,8.529143787598006,52.96129669152655,-607.2658026661035,991.2570470484742,2.31624,1040.3992451338916,-1.93940456729226,27614477748.29183,0.3782626580734258,5911.221581529684,1102.5451376655387,77294.00823613672,-8440.150696976114,111.61199588228828,19.403150550945305,0.8176886573941963,0.3665570569199908,1.5091597122228977,14.676315848145604,0.6707559665152889,0.5641499117321028,0.9975684692844888,0.992080719899166,-0.228516275217762,0.6859479143332318,0.2411667667421578,10.397880809663963,0.2545109603153331,4.664307434056069,0.6456257481175789,0.3356715697369607,75.22330499954987,3.448525564296979,5.111747783749603,301.04155864703665,0.3316280222605294,0.610339,497.259358262969,28.986644673437706,4477.487199182069,0.0618475304962399,0.0136229852103363,4.277665629206557,8077.234356673015,0.2990928604689976,0.6230553191142659,3.9174114775089137,0.6099063267620466,613.1426182253834,0.000389061,3.90476,0.0801523181340345,96.44646949880452,2695.261602605356,155019.98427074152,63095.6,4423.855561786191,0.001500646966511,554.5765881807869,0.2744849263943943,0.5375658564909535,161.60374221416822,0.0189192153578182,6.123380047209043,0.00580198,215357.15909764048,0.6784091875273178,0.5708993110279869,30.782624225413464,38.9625455448783,72.28207666482133,31.05056729736209,42.994157572900725,56.24725865623483,548.583,24.874592109683697,0.854322,1559.1300916819378,0.3575847266249838,27862.09695336629
ID-1333,Center-4,M,1.0,1.0,1.0,0.0,1,56,78,0,6.274062211339791,12.796384239785372,4261294.7778028445,3.662657960566768,2.1747051641266144,4.121557366352896,45981.68816413703,10.746144533612473,10.164545979517872,3.043659912750302,12.75082721061694,2.3565208968546187,15.022278556717598,2.3653477626156008,8.637374015761045,11.80064198443084,0.6083778762106323,87985.77000094605,8110.21,0.0634107115189636,10.842023815572208,2675.122963839594,3891468.156065663,30427.60516534484,333.3249930161764,0.897676,0.9198216658125704,3.9151090224725102,2.9206536037667563,13.414950027703608,0.2565225012122762,0.3843472991894156,0.9961291900696356,0.9489520948754352,-0.2555573342400456,0.96417192462159,0.103309210082535,6.41898,0.000347025,8.985090586317543,0.8876383628024692,0.00134553,31.142626270468643,6.111402562002842,459.2509528101356,1190.3687154142012,0.0344772195089452,637.6259367682578,690.4561997938043,1.5886302350699184,3420.3858106845287,0.026450434536,0.0022876761366561,6.866672046992652,27430.054061040704,0.8971480001278498,0.8409083297589421,0.717750325244479,0.979283,26.058,0.0030971749940476,122.8155819340765,0.00977157,226.03930717876045,2671.9159547863896,3.34623,6485.56,107.2751584889106,0.0188318956751062,4084.725139399532,0.3696247128396195,0.3954628629327028,1497.8702713912814,0.0098371756620223,7.6562046903152225,0.2468210534460776,8000.809926671342,0.731791322234953,0.4562050623992865,23.59284440695953,32.1227696186196,54.402023782913936,34.73237386659541,43.3931655083952,54.9481358542977,49740.17814493673,25.847720642650952,0.7817360874378048,1097.724282557182,0.3180509452074344,37252.9129163396,48.43228919765178,33.3375,19267830629.4983,1.8774251916579845,5.42996,111.69316211372232,338.54950261374023,43.03309751861068,23.227878662123427,46.82676046646405,-779.5784971191644,1412.54242590035,19.82337503199934,1026.885292191719,-5.137867694082599,16892643030.81901,0.4791007583083786,12647.854804589902,1779.250411808414,5.8552,19199.92316483268,179.74353828051804,7.360285488122964,0.5314028040897265,1.1598695210414502,2.007166305433176,4.879370108324913,0.7902185188264874,0.7415264833120808,0.99318726360155,0.9779308287190456,-0.1730622498226419,0.8735584660180525,0.2570663387375907,43.69096731117429,0.2453296951910356,1.8380050053381016,0.737083244502464,0.2595472178678826,100.3040137897218,2.2675819303179674,20.3714394027536,1886.5521181758515,0.2184616233716763,16.124401846416962,137.91843501629677,7.921951983474958,17856.15191709129,0.0333810345835217,0.0126479215672767,4.311187802681596,106.226,0.3804893461202177,0.6832414426977172,3.0617807148622807,0.5097423335064319,352.5756594095817,0.0021351059592088,120.4226301222027,0.0710468541886952,3.11374,435.5550784328732,1057059.949878941,63095.6,4374.982076407368,0.0293576224025855,5.90323,0.3108128625329606,0.782106,6.83919,0.000562722,6.063330398104325,0.0250279375153074,190.726,0.3567487275261712,0.5096141859172169,24.617300466254832,36.312824690449474,31.00568431405048,24.428542866925387,34.466476733072376,28.66757889715483,41423.59143168128,41.2161892803118,0.7594028222288328,4740.059538451975,0.5017250029864744,7769.825927133424
ID-1349,Center-4,M,1.0,0.0,1.0,0.0,1,51,77,0,5.012610688584677,6.045881674175998,5673327.859804503,4.590220188799722,3.891343553268126,1.79041,36516.072314418045,15.960191666454278,9.447989721802166,0.717072200652651,14.837465653650552,2.971983777279986,15.340134743075696,1.57768381307554,9.89136296687664,14.448920299904785,0.8136121461004157,438149.8500057045,8110.21,0.0762459693632416,14.115265967711768,1219.93193852203,7688570.640990869,36942.35180353281,1140.1904759697609,0.897676,0.9089716894230188,5.385908317614896,3.384878240958955,10.73760041693568,0.3831760870160424,0.097145,0.995208591748682,0.9681676310483116,-0.3323524755715731,0.9762512353858644,0.2790705743312992,9.341003167525043,0.0225111342903092,8.223632938690601,0.9627329904388934,0.00134553,26.24902274928853,6.933409188656525,359.5771233792147,36.2218,0.0632712257499484,21.38786862123068,485.8127930320935,1.2027795397651162,6488.586604702527,0.0271993321744854,0.0187631058422394,6.293810457634163,1196.7778633979185,0.8553013922230696,0.8180453498525706,0.2543421489485529,0.9284535820971854,198.4950280374561,0.0088783335725797,1.93333,0.00977157,191.18788728407625,1409.8915900359202,14029.449874951268,11022662.49386174,0.00123903,0.0383498852234544,995.8407372267802,0.235758406466741,0.6938102207880487,2.66496,0.0138951417601965,8.83279,0.3846829179023808,20047.32711403537,0.8406766504869795,0.4160194931335326,19.49534172930476,46.56434053651367,65.27448019231812,28.52880604828153,45.33444425480258,49.88700813643917,1867.270906766272,25.27542145263155,0.7896191149431758,9719.284294380102,0.3189109552102893,29533.011545830923,13.70953927993288,143.27650202920756,47500038686.87169,1.0902850667457091,39.51675589819803,131.89834748955894,440.1459643046051,40.44029680590662,66.11819707652124,53.29797411252011,-486.0086946099254,269.5154726514681,20.02232475065645,1068.3801180134017,-2.7771067935134552,17813598514.089012,0.3940891536065974,67.1971,1307.0747165932464,5.8552,-1794.503089311954,38.225374039177936,8.852360823002758,0.7570852779276266,1.237394275262386,2.073613040874456,7.700149219678929,0.7583122433373639,0.6759907947741929,0.9964760371479524,0.95491478227829,-0.264833587830501,0.9208583407618668,0.3264964946368218,40.589548458120106,0.1899916396955581,1.41363,0.6128723928739006,0.6379887593390691,68.3786421129261,1.7523469048226277,6.672447450110228,1954.098012933366,0.297520941929328,10.250425926506797,328.6576355330238,1.74669,4144.172233396335,0.00100254,0.000499152,4.593180047427746,106.226,0.450541135450977,0.4782285888856615,7.123224553376374,0.8570250445279219,17.3286,0.000389061,90.18402364384868,0.1492240082671509,184.51049396094305,1296.1353789893133,214.609,63095.6,0.225683,0.00104556,5.90323,0.2861573901709024,0.5330785718210759,339.15569790136027,0.0241877939891118,4.604603252588293,0.0572500509620786,285587.5208898951,0.8065446723128666,0.3148141542404335,26.76710674190398,30.59586310434433,31.49480361057748,56.38964857275164,48.14039814865659,36.91618584308368,11010.80046645658,24.812808672445787,0.6523622134410338,5391.632318706525,0.4219366639343506,3393.357363451404
ID-1359,Center-4,M,1.0,0.0,0.0,0.0,1,54,56,0,1.89383,13.02352957044824,8110.21,6.210099481297347,3.160481048962392,1.79041,19063.859077128865,13.045725114810503,2.89068,1.2085575840934255,12.25198358779545,1.3382408608528875,22.35963793949473,1.5546786501344771,6.813466345861345,8.196700024691731,1.232069656097073,83438.5708866044,5396856.553069378,0.0311158903623675,12.015876007755748,1529.7961178666956,9676348.9362397,32268.54933288356,589.6849527570437,20.265253715183977,0.8971900479074382,1.9128587476578152,3.264107672343452,20.62864945858785,0.473069754751762,0.218921380810897,0.9982542591607024,0.9494166178672476,-0.3675700258799831,0.993989,0.3088532520410789,20.73555144004778,0.000347025,10.603665317473215,0.9440939477623252,0.0306644627514129,65.21446491740134,5.763420925085886,438.7090137322002,1055.3056186061312,0.0380531245749139,273.5277156496111,298.14240646241706,1.536196080659744,1574.5788772447063,0.0391269105999157,0.003741553511166,5.327772810149377,25730.477789223714,0.6979552310724197,0.9040530614756864,0.4634495257695785,0.9271244354462468,1105.115695337343,0.0193638070973435,142.1180583585388,0.00977157,6.42722,610.645154774199,15516.657160062874,3550332.756519494,5.134661212723053,0.0277283434190315,3044.613686312845,0.2628188536240505,0.4273642885711909,2.66496,0.0339811961585309,7.2328007768126845,0.292505299152575,1.09326,0.8271045865131055,0.568980138026216,6.284244261631595,49.42165512472732,40.08894921575253,34.76981141549862,53.704950750499215,14.7986,545.25,28.637107247988528,0.5358767988692715,7314.106089954274,0.5952274729546534,5285.450883550326,39.89111598046556,44.6974308707551,24878625671.06072,2.525492216082153,5.42996,26.04270610249298,66.3085,33.050489579746845,40.89194481447055,37.78195694460151,-167.07504907582364,701.9598009790529,8.688043642199048,1023.6048129220136,-2.498354789625207,16737070419.70881,0.4215601533169898,18827.41029409044,752.426608495482,653541.0151612171,1017.7383958593414,0.664828,0.212363,0.7656984056763205,0.2901324526865394,1.3148150281827204,10.16067868650977,0.7966987700730411,0.759854755550896,0.9945475745950516,0.9858292220354048,-0.158890458208102,0.7105572725278662,0.3749070839923947,32.73771141027786,0.3782124039860284,3.636688190557448,0.6467056083300322,0.4827023301116429,45.193803630124094,3.5410583598222645,48.80634704339135,3092.820776048716,0.196591597868389,27.915931777848368,1955.4442993126383,13.661110809041809,3672.073019687135,0.0514365167697453,0.000499152,4.537828075410776,12017.292381990348,0.3484498979121097,0.6303575081462595,7.086207134418332,0.7446851722167009,1121.052017026337,0.0069238949964925,3.90476,0.1910979382238362,14.815182177745369,599.7367953595783,827673.8702176361,514850482.8993684,4836.090738430956,0.040746414153976,236.64987584972403,0.2913254102159848,0.5975924086119324,1212.8959465624794,0.000562722,7.41719858043436,0.0508836103323899,244342.7452448656,0.9088036657555092,0.4408103979604875,37.66985779986992,31.859844304644984,64.89012205898875,34.23558241642364,34.890693698331866,65.12633570291331,5713.704109026763,29.06199138892363,0.6165336879375833,6464.630628399927,0.2669529821363682,37434.22112845128
ID-1381,Center-4,M,0.0,0.0,0.0,0.0,1,49,100,0,1.89383,15.573921666716794,1519453.587839241,4.7783052875630245,1.4405402129859108,2.3259358657808265,558.0,21.876020690741985,5.548149908040744,2.165029487397044,6.09243638032736,1.02709,24.41162667130653,1.8851286379892689,2.92476,11.678951759635895,0.7513804719317033,417779.2914874593,6091709.361176819,0.036251164819788,9.168269185120632,1918.96930999528,7856847.493671328,4892.981719234087,2314.8899334941075,1.5676611781132834,0.9171123468607656,1.1744219760003036,3.179148034230965,18.2760146553561,0.3238147467840501,0.3018796099765852,0.9892769865229624,0.9516544387026468,-0.4034823558019979,0.9909730070543602,0.1650860761428106,36.680945194481055,0.0123182417762738,9.398802630044743,0.9029464898546457,0.00134553,45.428273130492826,6.581852957034481,108.6837796375179,36.2218,0.0420125747932201,50.76755241283176,1312.340264224718,2.2424832514387947,1821.151871154621,0.000408215,0.0173810049948228,5.51775798018642,10245.10416603018,0.7125083383031908,0.890632306867824,0.0353675,0.9583501491144932,1160.683868289465,0.000379169,149.59010403431353,0.0268231038884162,6.42722,867.5284924262385,19426.397514873035,6485.56,0.00123903,0.0801300826292415,727.8616996172582,0.2663467889229436,0.5947685851145482,1531.5279267157025,0.000418855,7.498917188613563,0.5152897399711448,27775.67662175466,0.7744552446945632,0.6680329715608713,6.061797553016072,44.01822943064776,25.62894926990268,64.11410798810203,42.77450603559532,60.6879318655023,545.25,34.35759177739559,0.6180087251091573,7173.14626883277,0.4489823336749012,17265.25535476512,-19.6441763640512,54.198004262773246,15441000952.530502,1.2314883243571435,13.160189208332984,135.7297586491701,237.0555884822008,42.77757074429284,52.06278836425594,41.52777891052205,-327.4314827988084,1130.020499548011,2.31624,1058.877884358934,-4.132397741443482,526132000.0,0.3856612119047455,67.1971,474.1265136944878,5.8552,1333.8795315551365,0.664828,28.990410821505566,0.7971893968436256,0.5125020683347299,1.730489749175861,8.570053066615516,0.8370783909682907,0.6951182059594877,0.9949499164389372,0.995225,-0.1826737043327645,0.7262825735687605,0.4405830084374316,13.603322116227575,0.0955297230490845,2.7010605398555505,0.5228508151964155,0.2637651061069184,74.35723292381473,3.9518574356018856,0.224451,2533.5206419150527,0.1308843406368486,21.68860529950309,1199.7452510135693,15.41224079923968,2636.066761182435,0.1422527567234053,0.0174563903394574,3.84546248626781,461.828426966852,0.3761420648385201,0.608699339216667,0.291681,0.6807940405192416,70.42146658841867,0.0072210707740456,32.315621166963915,0.1332958277390504,109.17083536298314,1380.2636081927424,214.609,846884170.8891873,0.225683,0.0600299818171513,657.9203444840745,0.2833398952026252,0.4910679340289916,6.83919,0.0174275278017654,6.874344842767145,0.0582664257160883,908647.1294992192,0.6060302660850987,0.5453752635252638,28.716198658082742,14.723524662434354,56.42286382935689,49.9373933485318,26.787449103014488,65.86661382925786,15285.11447595293,32.668938713045165,0.7403693678846159,458.685,0.3633482995684765,562.0
ID-1385,Center-4,M,1.0,1.0,1.0,0.0,0,59,77,0,3.606139531662568,13.40401517543621,2191369.807750653,6.8484,8.056383830756944,2.802461009913669,57653.24300597715,8.466299613118771,8.641451940955676,1.811125765652048,5.557695118809075,3.659901116023923,15.145719193315172,2.065740426703635,15.602999497237374,5.378123190650744,0.759320562332148,167850.66669004055,424782.4400774351,0.0598637452977557,12.650926290583602,1779.4018522066924,5451893.313244921,10467.889233334758,1891.5519945146152,10.674994516780256,0.9386776839448862,2.875558786374909,4.291508053152812,8.104186067208625,0.2853786695943625,0.1623487472623036,0.9946055602396048,0.9380733881988628,-0.2808633371078263,0.9465915777260644,0.2735212466538005,19.75040640282503,0.0155347687186325,8.859268720242095,0.9764976144280832,0.026098911712971,91.92484585321434,6.1540646642611625,467.7370601822087,414.71317235431866,0.0193404083676724,232.3693592500885,1280.738221952049,1.863931783590504,1526.1244542630182,0.0216796570076725,0.016788122849008,6.549344184675322,6428.077717705107,0.9102020305744234,0.8435940047832501,0.5825303870325272,0.8864255041847626,669.9510841854732,0.0034285727956008,154.8189864760416,0.0194020230968905,344.33491683451206,1340.0980895044047,3.34623,8991713.87688821,100.4015370169343,0.000476227,2.18182,0.0760697185175344,0.5109278725396652,198.34962095675817,0.000418855,6.8832491455767695,0.020083202869671,104.82338277952384,0.6970530444789069,0.5443817104109137,20.28800867375046,46.93596250830278,52.97432312637451,58.02188466024232,30.864348028577027,71.77276216621298,24400.4908773682,20.773268431567534,0.7387778602837635,3737.051228074921,0.13282,36334.03114056887,-17.786090487800053,94.60600663550098,18475936506.01744,2.410063260337165,19.39663936902982,113.9110261114287,66.3085,57.88055216463488,4.12072,46.36311884772635,-705.2228800868542,1171.3079034677864,4.431280800757103,1040.149331901484,-5.647841227673617,25018443266.5134,0.4261325675123035,4311.627392608712,2060.889311462582,5.8552,2263.921141421558,13.641779857102517,24.60266641462432,0.4641998521575567,0.4570748360771822,1.5967823444508482,8.385099795604907,0.6498339875852415,0.706695758442767,0.9937235949712598,0.9773361014712784,-0.1726539011193324,0.6872209725300171,0.3815032131484565,29.77073138762092,0.0846002868134563,3.445371173068504,0.9024905410038822,0.2801153437653163,16.19679404986833,3.526460004745852,29.003139551527905,1014.836776170342,0.2168746477309299,9.5802042085182,281.30619079584784,10.933709769208155,3243.846785749395,0.00100254,0.0117450617157401,3.966780543000106,8050.272282692961,0.3478843264603288,0.666597777751545,0.291681,0.6203006339291794,446.3774671786709,0.0119465102893426,121.1499868853288,0.0595982395656941,160.81840765775442,2980.104807135196,969174.843129382,214630578.2888817,2985.8834129507577,0.0308171421645499,1178.9454379520691,0.112883,0.3251156901413983,727.6885332871057,0.0212038410776668,5.450399107712408,0.00580198,51582.738596786905,0.7900795800113329,0.3860899207706145,15.068060116534385,39.86697203428108,38.00934828342693,36.44461135850034,29.47275512029877,41.06171358126161,24478.38726266826,19.080281622729288,0.6764371729250922,2675.0552008510995,0.3538478511984226,18824.212720778058
ID-1389,Center-4,M,1.0,1.0,1.0,0.0,0,70,75,0,3.722604352327382,10.957916972000724,1579527.933370952,5.3993007715393935,4.474593246222053,2.721833935428835,6636.471936396247,27.53814630627836,5.112755834607337,2.611591866047044,6.496122628950723,2.060995520639876,7.265194924301149,1.600194838308083,8.435985101139273,19.71252650553624,0.5319754363076863,103281.18717891608,8110.21,0.0107583057290017,8.523304724717791,2390.249925886076,4525566.471744156,50985.46517450559,1268.2539519271406,0.897676,0.9188270019792354,3.93380983418592,2.69732817460532,14.781495562479387,0.4406863356628573,0.434551275772028,0.996836091922228,0.936239261203739,-0.3324569388415145,0.9619858043920756,0.2962762261474507,42.828776021959136,0.0131467959128017,8.537387148575599,0.9091044900465888,0.0138692636966775,43.65514937407835,6.032464585274826,429.8708290984718,36.2218,0.0670798259849173,268.8999057116681,38.346,1.09603,815.8385930750735,0.0315821257465047,0.0237353780984219,5.063650717820416,16578.306067251116,0.7506330071228242,0.8553205366564148,0.151876372984735,0.979283,285.4082787573932,0.000379169,3.710644411919207,0.0272585036696174,177.83012781681438,2422.1387474654184,14244.232446141354,11249352.841316435,175.91406600430753,0.0174628900971533,2.18182,0.1278186870564857,0.480487372495977,790.266550060442,0.000418855,7.444536099212668,0.2081866274234214,1.09326,0.6350785990858523,0.6714916053251023,26.23173992291851,44.76801713231234,37.60577261741464,49.06208119287212,27.27176993504513,28.717878650249983,73210.02839810491,28.484547241390764,0.5091406637753332,5930.792301733744,0.5851513981540056,15145.740229050209,5.0225538390918265,35.552321738923844,43541320910.69328,1.9578737914697872,11.09057914232756,27.444248131448,337.94286554054133,33.69231460864207,44.23876329749672,37.45484069449087,-667.820572273744,1283.2419904258943,13.78632367997968,1066.6634885563808,0.7948553881252782,52515662222.33847,0.5656735785300279,1411.056765973507,2309.670248113947,574785.9083650728,3601.367855196928,0.664828,0.212363,0.3861490545118509,1.3282764168708878,1.401523344365946,0.181279,0.6031345788327958,0.7885827559053478,0.9991603633116564,0.9733214852497344,-0.2557262808294133,0.8737056855685068,0.494728,5.1024,0.1847756816797143,5.30402823335735,0.895500492709721,0.3416621379379554,78.19431430427177,2.514206757481056,30.115273944052223,2788.3591082820053,0.2924101462198027,11.022593691966222,3204.87,10.141363921181856,5544.770076898796,0.129109199734927,0.013391997893185,4.453680872929859,3761.084528343988,0.4561249619991502,0.7008480567875514,0.4407779789774263,0.823783082266847,729.5303737081584,0.0186128826551921,3.90476,0.1307429186752545,3.11374,594.1079025064719,393772.6084068173,107816346.60173628,2786.653028358968,0.0073033841810612,5.90323,0.2627926171475723,0.6623965322438873,492.64272513791553,0.0331191807193426,5.807549669183016,0.0522304334432987,45325.89880985,0.981698,0.4276687790941435,29.625738844515027,26.072944873284897,50.47630721376565,51.68184071293626,42.936726410105685,30.104301233084747,8855.066387720191,24.28134588951153,0.502002839699205,4270.28987678829,0.2453796648028892,9389.274413833376
ID-1392,Center-4,M,1.0,1.0,1.0,0.0,1,61,86,0,6.213525158280416,19.08461454720821,923850.2314412683,5.540768612074968,6.737952750836586,1.909488710907108,38877.00216472622,16.22628179540287,8.151118177319715,2.2906343244550125,10.096503053147831,3.835821969762765,16.84782898619453,2.6628178755438308,7.8445370352697426,4.2195624834948005,0.0314490857725609,2087.32,1824292.361621488,0.00914519,28.2739899162844,43.7843,6039377.806495183,-17523.621275343237,1219.681253177855,41.17969866582443,0.9596442494952232,5.988797305135524,2.8022172007564685,16.943900913143764,0.2139116216491554,0.3077780920573956,0.9958055582635752,0.9697998795381304,-0.3289498873387775,0.993989,0.3340105025561907,46.8341496202001,0.0005931759523223,8.448680628744274,0.8863260778406011,0.0297486822608354,31.66162213942664,6.466538067019751,3.02726,1043.3629812473696,0.0539847137961801,316.19222150438475,3465.2869969124777,1.912716306752628,1283.9496969271909,0.050759423660595,0.0164808907169075,4.958406293719278,14829.13710759718,0.8041160817796981,0.971112,0.2001585013112337,0.9507347070012272,3327.4993459477646,0.0142765917975793,87.34598841350352,0.093511722979979,351.89234623575385,28.4667,45229.270057808855,1861396.0810949376,0.00123903,0.0275220280322779,2.18182,0.3648041207321421,0.5592743380772393,2046.7345035587307,0.000418855,7.665181965985543,0.2703236869574341,18250.11452950924,0.970114,0.4559069948016444,20.90743509184626,56.57127055712142,56.44064017864682,44.42422494987918,23.110293782587668,40.778321674376734,32839.66626366078,36.85483701119031,0.7887960231283967,3824.696084262293,0.4010718031524604,50486.081833273376,51.3066,76.69369924675809,35008212438.472046,1.7262895685540685,49.35405894526557,67.61621003322604,299.8337915118082,65.13716350749766,25.53211326231286,40.7966366116112,-945.2737117747104,743.0406458559518,17.81420388333691,1052.334753175303,-4.604499807718099,17655573902.224777,0.0808784,2125.722098110806,633.7838300665942,5.8552,-5656.639404458274,118.82442399168964,15.370823272940346,0.648656197752633,2.5255592697951355,0.69169,6.98249535864046,0.7891420929745065,0.6448225052656097,0.9991457696996924,0.9948313028924074,-0.1270807809589361,0.7066860063005207,0.3806161890772523,17.32606858456674,0.2155066076137532,4.433604873168595,0.6599112971121575,0.4074422956958968,41.5981151271476,1.21574,44.33052592692308,1543.1492787226562,0.1264731155305485,0.610339,845.1090760593445,9.40650807515934,172.295,0.1897656726036786,0.0100385665461904,4.2066223408728805,106.226,0.5822408060818213,0.5774585263900702,5.748514249886178,0.6451807647226011,76.89962385816924,0.0102737283394506,81.46487020258998,0.0455909525039348,37.037342240624994,633.457197627961,214.609,13879396.256869704,1480.7697475257758,0.00104556,213.6114076473458,0.3023812737455057,0.653743140680053,1278.7626639596324,0.0060172403038258,5.181093104926128,0.0467115503106365,378285.5453536727,0.6482199353213172,0.5256841634310546,23.44616263147946,49.44721447921453,60.02189290139196,49.98416732902142,35.478971124754615,44.77636968924247,34222.78767807431,12.198134030789449,0.7279975133980802,4741.555027464171,0.3805876266998467,43028.19934374824
ID-1397,Center-4,M,1.0,1.0,1.0,0.0,1,57,52,0,4.6998687990612185,11.75909253308722,166149.0031767002,6.394765625084776,2.2622810835053326,2.7124885514354995,31536.55132765425,11.724478417099416,13.480681688588188,4.280365274397422,6.105955596821464,1.02709,17.747940723919612,0.7730204270716842,11.19982422669868,10.19263018430989,0.500312716979818,849680.0995836566,8110.21,0.0661276117805068,3.828802086558552,3935.011313973736,15621989.361921765,8224.55687580028,11.2113,12.959510501604523,0.943324646784302,6.555949942565997,3.438359305147667,6.670158697903835,0.4741038708733746,0.3893197349074884,0.9923378299530012,0.9401547296162251,-0.2890936997281043,0.9601771588561842,0.2496894693571674,24.90618590870916,0.000347025,9.771748832199846,0.977199,0.0203233608826761,68.6722249357979,6.84928528632759,204.9921111686889,925.1036386182082,0.00917615,149.08744992384072,2633.725335281956,1.825314496745752,1802.0818168683084,0.0049493175220784,0.0128514846596311,6.277829176050232,277.587,0.920476890607718,0.9568032026287916,0.2160795665542139,0.8018352054478031,1010.593668227726,0.0100113520949798,152.48193031655447,0.0509187296096166,209.1456729536725,2348.9770167659126,3.34623,8552679.544161523,36.34954620496551,0.000476227,2429.405037065475,0.3462114383368058,0.6048598685013563,179.34678460715642,0.0046821699808988,7.033115630339584,0.666228,1.09326,0.7904162571359167,0.864829,26.075756470536,41.63151794181709,57.16636853634889,22.90710932044403,44.82360345383549,56.06401240770371,25440.894895894675,39.08360316922282,0.6527534769876022,463.203,0.2691014780033834,33282.07439313837,-37.4199140607938,68.81978487225352,68819040933.07468,1.5794414041098197,40.31579118102418,69.60256865875061,633.7712538242184,29.256707374897065,80.23715817250904,47.40096564513957,-503.1396357726508,476.1232542973684,16.921244760996657,1016.2605777320884,-1.2552794725891387,64764205533.36871,0.1521833599388732,67.1971,1921.9911800512623,5.8552,-12612.187737802784,23.03222169557157,14.509506408593923,0.5849132749181785,0.6925662525564495,2.016460375253605,8.910375793732923,0.9094429757912348,0.9006505165055647,0.9978771327004378,0.973024920133164,-0.3078461406718726,0.6805449107551367,0.3009309142546128,8.099126794846496,0.3095008100606212,5.359235264955973,0.6881409512410048,0.2877119550065093,48.03232792405176,2.392955151800559,0.224451,6077.378983553499,0.3116637528333152,0.610339,1997.9645309854448,9.655038601290617,10091.524080965552,0.0712579272613258,0.0073448007787033,3.657159726860761,6312.038904484728,0.3258843982148556,0.4866996431767119,3.505287370553647,0.6524411169105768,654.7759600808498,0.0157923433000876,151.3991273174937,0.141892082694031,3.11374,434.53336005506594,214.609,235916610.0417104,0.225683,0.0219020313192502,1397.190092316829,0.2016077540408758,0.5294373095448149,617.3335419976552,0.005810804634948,6.772982384208514,0.00580198,1064056.3677754933,0.7347978258086109,0.3855146205595179,11.338909018962516,15.020485649862104,53.21657539287825,13.0384,33.754471057383554,47.43337777589938,39764.22631670809,24.08352406056092,0.7267702230456322,6014.570852790896,0.3153102014366253,39424.72011413847
ID-1401,Center-4,M,1.0,1.0,1.0,0.0,1,58,45,0,4.473811069719733,15.698730453756028,8110.21,5.862202987435833,2.6160586137338124,2.9090324116863577,14407.057604120257,18.69322739940436,7.655567287829444,1.5659371845145622,6.080921829052924,5.709160252207378,14.249693050226462,2.1836026223540146,8.183915910166531,16.580575093497753,1.3164110126243966,807814.7187131824,8110.21,0.053871759408037,15.29208810596917,797.8837333137183,4493615.810428831,44733.91223591312,936.502276889362,11.959358531673672,0.967999854856296,5.337121224455772,4.4432,5.10715980842065,0.3636815279340913,0.1938068557383743,0.9940597162616084,0.9498125904546932,-0.2836388149685836,0.9662986971717352,0.2454942796535341,47.47955897368754,0.0122830434838795,11.051064933888092,0.977199,0.00134553,88.41703712103258,5.10187257564008,133.1945405656909,662.53837003217,0.0773391167684102,119.83782788536666,698.0754857579768,1.897913212102822,1100.9848966709856,0.0121519145527237,0.0049512729885565,5.358616269106557,277.587,0.8706766736951677,0.971112,0.2099510206416724,0.9587252883067467,707.886956043988,0.0038733274694698,31.239543213181435,0.0370958332089167,168.9170854632483,1170.6920298955451,3.34623,6485.56,0.00123903,0.037621504894667,1500.3066155206066,0.2717624411451696,0.4228334083303092,541.9796891925195,0.0237442095230691,7.5880060447560815,0.0645043184078539,6513.336607524925,0.5618306212022939,0.5473282963319599,23.617631636643203,37.10492451364246,49.21496906888663,17.74663931862099,29.03018271000876,22.22430209446029,21077.05164928756,25.912058488736307,0.843337,463.203,0.2421822575375097,15419.174138564082,43.62981974696935,120.58833672302336,14168488174.07433,1.5344792064270485,7.012404516399059,73.75347177362731,833.0765871656462,51.38045886599425,4.12072,57.8077924724178,-369.7302506151924,1174.1286371422404,9.414833542584365,1034.027504980469,1.211817491675915,31371223978.044315,0.2017620149909699,2134.757578848651,26.3153,1370297.0316925815,6163.569501193951,6.368701726827485,21.35380317831116,0.8553843848292935,0.9371185073312712,1.403171003027191,4.997205747920319,0.7590341389742322,0.6724953449470572,0.999872,0.995225,-0.0585281987057623,0.8639959439551474,0.3225637482429652,47.58594234616943,0.2012001561003638,5.44928775988369,0.8278732501310757,0.1576480435435708,69.55853040510277,3.260715770487515,4.550402182636162,3156.863347657545,0.2483311821642516,55.04304414197408,1821.3667112150224,6.567571337516392,1932.4655840969,0.1334104415909349,0.000499152,4.226596818944289,106.226,0.5116109651089396,0.7829250703348888,11.221961462643664,0.5672107827874313,915.505940559276,0.0049659668690425,100.83093031580124,0.0518847648761566,115.39275255261846,721.7872616097775,55552.48222836141,63095.6,908.3953058995776,0.00104556,5.90323,0.4393295196772959,0.4473466909319362,891.7589184498769,0.0183723674642578,6.584935911675296,0.0579348617715035,190.726,0.7571894285075628,0.6125915928633505,20.32681750722661,41.92719734143055,28.000081443417205,36.57128755787663,38.91808621859535,39.97189519774032,548.583,38.009943247662704,0.7003977673001749,2700.042966178144,0.4143196831021799,61666.24417580834
ID-1409,Center-4,M,0.0,0.0,1.0,0.0,1,59,70,0,1.89383,7.257918431556082,1768885.6325810049,4.315448581050702,6.555408290968034,2.659435477597952,46139.91241352107,17.8284416762125,8.108599596916257,3.2449342537922683,6.272057694492764,2.9615484911786334,3.887924776087021,2.1971918020843453,12.916210437929315,15.625717551595706,1.1545747078305617,223015.2798161895,5607416.032759849,0.0402840607290228,7.648831157930278,1875.283211315708,36020.088187724235,-26627.21653290793,765.2233690082144,36.71546182098322,0.9543819597633982,4.198153338932323,3.682473387420456,3.656568539981448,0.4577218875574031,0.2876143549114377,0.9940134463648008,0.9549651476955736,-0.3291990469989673,0.9618818849643644,0.3655529494360189,19.797941044467425,0.011012429019277,9.46294580910635,0.9108772818276728,0.0377438646729957,72.82999179789172,6.299653403540405,24.473301063753656,136.01142061192925,0.0484037881826486,3.51945,1170.1895186711029,2.045396478915663,2236.507252159099,0.000408215,0.0193935840415257,5.878771393045273,3564.148229325775,0.7541357304646562,0.8699128093665051,0.0353675,0.9743079614540836,2825.1314630011,0.0075951060588934,1.93333,0.0620948925513285,187.4186273137593,588.2661444496696,3.34623,15713714.501190113,75.74184479907328,0.0365936468040469,1984.27776790568,0.3009699334895526,0.7690750688330471,1402.3116489606043,0.0094614987600321,8.070116590464501,0.3386888638539673,1190.02458615648,0.8555162864908664,0.538105371979388,14.584091625857786,54.31070581884944,39.355134720095975,58.21629283499663,27.039392551060097,84.21529113995241,54087.403784342496,20.86582295678985,0.7276460979435198,2444.930439913456,0.1949526949402876,10773.444392146668,51.3066,33.3375,526132000.0,4.115021888347035,48.78747533544591,68.01309103091239,983.4270680396736,73.9581508063635,71.89802472624108,35.26928628110873,-505.1876928575261,504.2128189665052,10.454339293768026,1048.6473399816468,-0.2505822720583852,10291588460.899103,0.5147379314408898,11776.523686291725,1683.717555479078,703799.6806772935,12163.683444722665,42.604638871009485,9.255515492645518,0.6629464692473069,1.0997379245429664,1.7580690850079497,1.0457019420680362,0.7432086741210486,0.8262203569665084,0.999872,0.9633048664896676,-0.2150512041409055,0.5903896892260874,0.3296749743208056,30.644614589000547,0.1388324905605487,6.651124099366024,0.8322385365319858,0.3160270772129357,74.73716455898895,3.1621208126412177,7.768758416288387,49.2996,0.2703031423987486,47.24881043601189,1132.3818353849315,4.731784996683733,2825.4233571285304,0.159392661219989,0.0151575681979683,4.415642421038587,3938.784881785384,0.5737169005326556,0.7103199388506742,0.3403737523944218,0.6631621213361751,17.3286,0.002599113266207,3.90476,0.1421622518055217,174.86813205102308,2392.4303392333,637951.9517122005,159129797.50803134,5809.590536081906,0.0525803846165745,5.90323,0.4111794537591763,0.6616796234839899,519.4360723613763,0.000562722,6.481233803966783,0.0963698467932563,190.726,0.5924037029809217,0.5685547916166656,20.415600168843312,44.900060041013134,51.683132804211645,58.58470527202351,48.80615261078236,57.431262263933576,51893.65689672434,42.45810642532757,0.6163182901057155,2267.0732823824974,0.6203959905320842,34435.76602419024
ID-1413,Center-4,M,1.0,0.0,2.0,0.0,1,53,105,0,1.89383,9.19307504008362,82476.51577478566,5.986948218601127,7.0914603501707365,3.2325910333808023,29923.770614996145,16.48443788919013,13.14418982233011,3.627173123801678,12.689305266535438,2.1586345604965045,4.875556816422691,2.3668741830651543,3.77149770636624,2.99426,0.6403648471143952,2087.32,8110.21,0.0560576332526773,11.964887845426468,1589.5938458561964,312.508,-23039.74415725218,11.2113,7.532395784465628,0.9254847100209014,1.573837548060708,2.9244159836822767,14.608268784297213,0.2901254210616888,0.2172316964470309,0.9924666842244718,0.9574094219496192,-0.3106681109638102,0.9725940702084278,0.2763228934504067,12.1675128009524,0.0128029605842757,10.491222217322052,0.9614848635813412,0.00134553,51.07583871851152,6.495243947164191,574.3037303564739,585.6541564657354,0.0255775479695227,141.8779256761461,990.1884456441826,1.217559790791272,4194.735453717939,0.0091219986223198,0.0090554822239151,6.168335612008474,9081.398058321354,0.9010662472300732,0.8598990736094447,0.2112832985162336,0.9333835939928364,1586.760273195525,0.005680220169891,258.5113593177437,0.0466551681079134,6.42722,846.480633072762,3.34623,5459106.910279831,53.58299311010115,0.0267705808122717,1450.291168779446,0.1200014126112489,0.4638771264605703,1321.50154350565,0.0074886320538095,8.532054272273557,0.1720522347341785,1.09326,0.835967055494187,0.7852629365136924,30.669654016836063,42.67177222626,53.1272714196793,55.5507695186304,23.866540794455844,44.804745725379625,545.25,30.86797708261232,0.7808642012039448,5286.911366989227,0.271760953312369,45497.79075258519,51.3066,33.3375,61724627612.005936,2.528416233718448,22.8139711225516,3.83943,66.3085,47.75816940261389,51.17724030842969,42.76686094648556,-519.1716483633713,1837.9207117695223,9.40448887192659,1020.1636657412428,-4.920516222506692,40891058718.299484,0.3311002160913994,67.1971,2476.1216870895464,483814.4215168683,5482.348794563609,151.2021119546032,2.033219565123577,0.5668169254440378,0.8946109123691071,2.1452476791942217,18.047688456075992,0.7257594881315876,0.6162110390993155,0.998388570078316,0.9555925362277726,-0.1388219968641423,0.6626023592330612,0.4077989591487761,5.1024,0.044020289937797,4.324187595538878,0.5653889556641156,0.3055085146090185,55.41258036514436,1.7284644248340817,2.40221714970112,3583.0789497926867,0.192554617809762,18.453837330769822,28.9544,15.186984471788392,1699.197995306236,0.06342372069759,0.0163304828553803,4.364842920091958,10030.861812589184,0.3782915380191251,0.5506358802727847,2.6780211452854235,0.6704421912738308,781.9576161776313,0.0083996149505753,123.27854414255424,0.1505260322706934,155.3763883475011,742.1627438825353,279145.2212097043,235073756.7726953,0.225683,0.0114065627523479,669.0268576468857,0.2098285270669924,0.5719022210631975,1072.708144318979,0.0089164823821236,4.5300781513889055,0.0366409617007937,102680.042787232,0.8152675817519022,0.4980328151049726,5.58834,30.246313966885488,38.85325104901887,27.196787255936577,26.03402029611855,48.91572379354047,32183.00499015061,31.26558718710362,0.854322,2816.771465187113,0.3880690838804166,6011.197217360196
ID-1415,Center-4,M,1.0,1.0,1.0,0.0,1,52,72,0,3.939903777779425,5.8969038321254414,8110.21,4.501545545916724,5.810758330102495,3.148142357032516,558.0,30.46740973139513,16.49976861650588,2.960938254096916,11.91375151411377,1.7680166425349702,10.10639612138144,0.2975735065104298,6.1484688928598565,15.095716494133717,0.1661768414209903,224981.5148488712,7208659.561562703,0.00914519,12.078044118309723,1668.3979405528155,3703980.229802127,20203.873028512306,11.2113,11.195787784655526,0.8833174132863486,1.3995577884519042,2.1974435115554765,3.4561430272719704,0.6183668324415406,0.097145,0.9975802739614924,0.9586811390569744,-0.3267317980653466,0.9893703570381416,0.3003237073838118,29.72496707482509,0.015574182073415,11.8075,0.9426118560011182,0.0527579666117895,67.13158704820543,5.967148713248755,3.02726,432.122201384173,0.0583163875300031,322.2478959105047,2586.8376170950723,1.09603,650.3961842647602,0.0226916845151397,0.0272268683874452,4.49914464592584,22084.237331144643,0.7181535377198854,0.971112,0.4092015424703933,0.917046856492636,1783.5997636425902,0.0147336928944148,244.4464682942136,0.0502034385727143,262.7318441262533,578.4372859328294,22357.50730646257,13389487.749715785,12.260415988172817,0.0147003669733356,4715.315510257425,0.1915176611981188,0.5083980929884656,1149.438785526923,0.000418855,6.464543746072023,0.00671548,14624.11833748534,0.6894400269167836,0.5610146381289803,27.56625901972141,43.73659742236809,32.9500380074922,66.7547684972601,33.52633266593349,65.47964394058128,57111.46382699951,37.39586372541645,0.5716782545752662,1770.848463615854,0.5339888190822091,23598.08060287984,-10.67343338788148,45.09920340579846,12888423148.664696,2.638648772266892,24.7829438298892,27.376472570047977,918.883194630796,74.8755468960704,4.12072,46.53990773098639,-265.22492131452435,493.7421173552219,26.14186700074204,1037.2246567276156,-7.975237368507747,526132000.0,0.3122307157927417,6001.885376144585,796.6101964378305,5.8552,752.7987545502435,174.30292243628278,9.824070532261423,0.8064039426789578,0.6861206987449893,1.201108716240397,0.181279,0.6881519512983364,0.8394547315576134,0.999872,0.995225,-0.2727554261853091,0.5139514070653789,0.1734851675248623,5.1024,0.1480527760804784,4.860261429272664,0.8163226611736949,0.0386862,61.0145510420324,2.199785630849036,29.71583782610657,49.2996,0.3585707697086994,0.610339,1594.8793917676885,1.74669,3652.725446713568,0.00100254,0.0228928441201888,4.324834327409276,10886.573097778502,0.4780499697838726,0.58138930176035,0.291681,0.6697618836936663,1842.4375214887195,0.0162977193634808,62.92555706165398,0.1329120269038114,84.64632652745213,1771.870730725827,214.609,561643027.7458065,0.225683,0.0413654348909613,345.16632615668567,0.2988869173750064,0.6276492893136522,551.4510307793894,0.0219825413328833,6.910430270361717,0.00580198,335004.7901427083,0.9251417314450308,0.7120372375601408,21.05435488111448,54.62519545114484,52.36818375844676,30.395980827990808,24.27115877176624,43.12826508254351,37771.16259694065,29.05006924991558,0.592572273159109,1542.3577931682426,0.4237613230236972,6665.12567286168
ID-1419,Center-4,M,1.0,1.0,2.0,0.0,1,54,46,0,7.322922068941251,20.89908986781879,5355146.261844518,4.540011749976088,4.8461049661853295,3.316747916958138,18571.598506267143,16.540611536527088,11.586215290601649,1.5211069942265394,4.211538061303016,2.8208614915825008,11.475546460688452,0.20577,8.000166702659907,13.096672269956692,0.4423063608829338,345569.5149852695,5045174.017824685,0.029681698754471,0.761361456243542,267.30201636999533,16649192.733642785,12399.33019721738,1664.2620962303968,32.820433071699085,0.9148476162438484,2.9829199951030336,2.615095357813312,8.822681505329378,0.2255006391906839,0.2193376070603483,0.9914972894486836,0.9529714591619424,-0.2621654818973247,0.969555322374044,0.364686362466723,25.40600247332173,0.0111568456712473,9.803611627928042,0.9640873433761228,0.00407299108611,51.815635366528326,7.133316908795515,3.02726,637.6682967436196,0.0731620939802732,416.1940859918862,1064.466608192903,1.2100808718425304,543.6306319368621,0.0335954886082221,0.026800823535263,5.540928564842552,13434.737879782857,0.7761804096116811,0.8461811906956465,0.1342901242256058,0.8767703936948846,624.2323345102277,0.0124726573601091,107.2369630674812,0.0583141591984393,52.77788618192896,367.2922359257352,3943.592556964829,3720637.41521781,444.1923605559509,0.000476227,1270.9450068140227,0.1598715163197961,0.5205060440758049,2.66496,0.0054036766666846,7.054885855490532,0.2270575918918684,10480.61472577226,0.5176661664651941,0.4749071691793535,25.989915392257863,39.18985573049653,55.59849564733874,61.738358428442446,37.85925912071637,52.38396517347473,21911.25285651917,18.8091301213949,0.5369309618139674,6790.862795994801,0.4008206578615854,558.0,51.3066,81.0285512808427,57580410518.670166,1.591747398550713,28.89391255293098,19.752534400026107,150.96518052113677,52.92359975218703,35.9429010981925,44.860708895807335,-262.1071150511539,643.5401588388733,20.792597808908724,1038.1339102066945,-0.9988365556143536,2048156275.6160736,0.260532224360209,67.1971,2947.3223705994324,1281297.9970108282,-7468.322483988417,6.849841078135025,7.839171099410755,0.7995210308990034,1.0580761307780162,1.181734390461356,6.616357260187936,0.6726807957350589,0.397947,0.9961350747092927,0.9898115266863996,-0.2118136199806401,0.6926488885385025,0.4357859766113069,26.862751324663705,0.1218791001124372,2.674756627631544,0.7636614942301421,0.2377618702924228,88.3990346081126,2.749312398381329,48.42124845726333,3742.802664809632,0.3227184024507653,9.223887764363145,129.80055378394144,7.46848384081154,5854.119399802377,0.0165554759299821,0.0021591949587011,3.790587349238789,6591.010418258179,0.5197264914538458,0.5003690825819453,7.234610670180524,0.8228710130628645,514.9347638380151,0.0078197497650208,19.9062043379881,0.1864351557818035,66.95254461308323,276.13894308630483,228645.68993425288,70176360.90313855,2865.3460568579694,0.0121618193349361,176.82569160266243,0.121239365247057,0.5018989430034366,557.9992300380238,0.0113209312441674,5.984472180650877,0.0551779840283059,223353.9425061317,0.865480131182133,0.6711840727610646,26.66856763844557,11.4044,20.527862582887604,60.1697872287738,29.68650214217692,25.212496681902483,548.583,37.85839526835863,0.6898914683597217,2905.151437380697,0.4283802922174358,23734.07572565448
ID-142,Center-4,M,0.0,0.0,4.0,0.0,1,69,90,1,3.4239261754314416,10.486354997428716,11699253.061015826,4.386690601118763,7.691403000825603,3.5667332019789377,31888.96938182797,10.515295943935683,8.412506193334783,1.9910050406082127,9.046531003180409,3.6392939435990814,4.892679567831861,1.9971046634381373,9.160094620131511,15.893441975998158,0.125126962373225,140948.72101353502,8110.21,0.0551157803012944,0.134882,1192.7720332279514,8670424.598788666,-11870.758422304143,1800.5489543769552,14.775808706858658,0.9102301228652988,3.366196955031402,3.102723085184916,8.583984392163321,0.1826231581734854,0.3791464676883708,0.995244237942853,0.9408780576432274,-0.3138936687195317,0.9882128739576268,0.2753314150437806,46.73171390665616,0.0059589331400841,11.41356843091328,0.912037440507256,0.0146078156542852,111.74134136932356,6.401838328835869,426.2010550858009,611.0494086779597,0.0544378453495502,138.83961948056876,3520.751602464104,1.4343020013211714,4792.011731331933,0.000408215,0.0051622726001835,5.6653289084723815,28548.727418215363,0.8351232383037794,0.87618147072123,0.6315085229618332,0.9179306984411228,1696.464041296015,0.0085241728625434,213.96885210681404,0.0599976448269228,111.09189908176896,1560.8312607325158,77608.45115768899,607331.4481552877,0.00123903,0.0565029291444044,736.3355165432763,0.2410688866472571,0.3895377285634344,1358.0660381255016,0.0114852218891838,7.7572327114745026,0.3410303548927746,1.09326,0.5004181858873483,0.3833123993372419,15.210792921463687,34.63754970005306,35.94325875602746,43.78182377916606,21.351209069563154,36.91444791957929,21723.78089383748,29.76604941056637,0.6344778919271101,5892.319742066952,0.7897363728059787,22364.63425866589,51.3066,126.38059081906324,526132000.0,2.006134294007337,46.68717473224388,3.83943,645.1651089575256,62.999588588267855,4.12072,38.20316446244792,-372.0703651919196,599.2193503094039,11.841886833967283,1052.350136790462,-0.5575515319602267,24376826947.601982,0.4676158292108873,6311.7961517307895,835.3599668178706,5.8552,2992.3588706774563,88.95351379835623,0.212363,0.5057131959954655,0.5434104376775764,1.9570325087823168,3.1232740887040604,0.8566737770149447,0.7378792701224876,0.9953816740646818,0.995225,-0.2042349904456387,0.7444511159444537,0.3179903678285486,38.64602411358863,0.1958351404944613,2.1597278480068702,0.5244479713610459,0.39997005946119,68.69356701774267,2.417217013811228,17.85382650690215,2772.6385324308817,0.3160141422867575,50.91741476302879,867.5079436246174,12.318854664158314,9330.068736107813,0.1278735469295998,0.000499152,4.461650703657043,525.3841970713293,0.6474828619909714,0.6198399104844337,5.866545784985082,0.5418432238047208,1658.2361853063676,0.000389061,26.647741395507843,0.2655251153439674,90.55711230686808,1049.345743521843,67897.19142019968,63095.6,3998.736303564434,0.0033984060655297,190.1325408845388,0.2588788018491188,0.4712648811724514,526.1054353654587,0.022526009782565,6.445931703901796,0.0832016440863048,459865.92457607423,0.716092525884447,0.4760469921373044,15.096205268664594,24.46375694541998,49.73787710223273,57.76473214144825,24.899779100049926,69.25981924716947,21145.41633758144,15.852493371038369,0.6897909186486223,2932.004686722601,0.5091615891648235,23616.88773455556
ID-144,Center-4,M,1.0,1.0,0.0,0.0,1,59,93,1,4.930434037934413,9.440329581905324,8110.21,5.226029072995138,5.448479314964703,3.438862471260602,41097.37438637292,15.21002968805846,9.112687016697514,0.704637141314969,6.1030659457280585,2.703093698528224,24.41097600173656,1.1453898868523715,12.006175298311597,22.44368154267609,0.8619940778522214,2087.32,1712970.6489276518,0.0342576662132732,11.57791421583664,3320.783314859484,7020669.683959461,40049.86621740445,864.9374166989362,53.69171576083501,0.883754939778681,6.45692381394584,2.5925686642491,9.513175147728626,0.3914417501746007,0.276073757434128,0.99127507068628,0.970106,-0.3004134866340817,0.9540231541378212,0.3663882770144697,27.33414166777628,0.0137189350823953,9.68382044312685,0.9756468581609388,0.0165052097387468,12.838,5.200561082619489,427.7889389093244,310.64586804671035,0.0568918026254492,218.9525597133047,1332.906858707922,2.0194902570521154,738.1323436084585,0.0323772506343451,0.0136977791815089,6.765490627596579,24590.454310206645,0.947064,0.904786718594354,0.0819585699343146,0.9312457070365124,772.0990583536901,0.000379169,253.933151178177,0.04099045473981,215.89576226307264,2815.7853253128387,11418.80432960366,8436525.261101566,287.7647390213859,0.036596672864417,4462.466541485555,0.1026771275705968,0.7020679053497425,98.9479941862632,0.0092754294997066,7.435485701666307,0.451655606030457,13611.044656365328,0.5021120496535826,0.6055271275041636,9.3476944095441,33.00833786966737,62.41767854926812,42.82393577485646,25.011484157264768,51.97758030991184,35331.34386667456,32.510575125031515,0.6225005696435549,10602.668889099876,0.401351503357291,3605.559978724221,2.955621650475466,115.77775362169064,36520385350.0085,2.874608851537905,9.400964093407154,112.79531768396652,638.4895532704445,60.96849112945015,20.89490984982232,45.692839053419945,-658.8108944119463,1247.4060857380218,10.540849119039866,1022.0895466091664,-3.138009209707726,526132000.0,0.1785969784881585,14461.448176110976,475.28104999775496,1227934.467009715,-5370.200491237457,60.54734216401874,0.212363,0.6987016935045276,0.7390061874765153,2.811513140279083,4.613550249805455,0.7185269996382052,0.8974458350589591,0.9944353051762538,0.995225,-0.1424775466651972,0.753866770473621,0.3906494116292649,5.1024,0.2168698415668507,1.87367179556428,0.9118484349700388,0.6542438090720921,72.69707478788402,2.702079495201131,9.801269569574728,3862.2145690272064,0.2969257094599901,9.58502729666853,1190.267035378134,9.447136997254107,1826.7258666314249,0.0259221848510352,0.000499152,4.035128912366828,5955.995474070027,0.6536488734587438,0.5268489910710064,4.80442288524388,0.6337875768920831,17.3286,0.0094370357086396,47.86007488067387,0.17753245743091,100.85765175763204,2035.5054419323867,584705.7978200371,63095.6,3002.6666154410686,0.0124274711757941,93.61145030307408,0.429461797134511,0.5348083165070795,553.7351719585797,0.0096372220399487,6.519288506686968,0.0642041625616381,190.726,0.6779464436225195,0.3897542417489152,20.75327709954032,48.781153386003695,68.00625186723276,77.42825540165677,14.96788344677335,22.87957714550524,21861.056292428377,33.43222397240616,0.7994588964668679,8244.413067632788,0.2887252081376673,25162.2152368794
ID-1445,Center-4,M,1.0,1.0,0.0,0.0,1,42,53,0,4.447465049526837,11.231563456410385,4758737.2385273455,6.763658614392754,8.64682228249045,2.041456939579557,10481.595952653586,18.63992687309713,7.2408027343999475,1.886926351759288,11.15796824841618,1.02709,25.89367802596179,1.137794902825887,13.141920360628896,23.31832162995188,0.1686635778985805,257448.829242056,1413990.188108662,0.038133762233491,7.708672025270959,2560.7615085751013,312.508,7941.836137834085,2487.570647621548,0.897676,0.9411411915831414,2.7723559083986204,3.4802099866492875,12.07825035381552,0.2933499758835839,0.4278460060532617,0.9940172469093466,0.9507719825261194,-0.3036633157140287,0.9798193265710412,0.3578216738763874,8.249779366483937,0.0104262141712225,7.560319248900283,0.917687023397842,0.00134553,66.78272461409202,6.474698080198344,335.10594526712777,761.625555834988,0.0731992172816139,17.281825411382968,2365.1913257084625,1.4191085222530309,4188.061748300326,0.0110261984968754,0.017248277607269,5.978062508304656,3978.6335309601936,0.8432209368230845,0.9380052635204844,0.2740508924895844,0.8676212079401323,840.7658504878353,0.0161038988366382,66.0662296614374,0.00977157,313.5371999531371,1633.638289034856,3.34623,4765667.875183717,84.41598653594212,0.000476227,1184.906645134288,0.2154354470043706,0.3009804000457642,1343.3495696634625,0.0069274517867057,5.620739627806831,0.0110248523425951,19720.745179416,0.9467290527194216,0.4848575258920933,25.18364552551777,30.751768084884475,38.76374177113183,50.57859559742956,42.10792613559365,31.441094481765923,545.25,42.60056459454993,0.719005784790873,10902.716004019456,0.3181310219349172,32737.74783005198,-15.293818217526326,137.8242260654769,526132000.0,2.5705881265242216,29.51859902497505,134.6185994868477,658.800463690142,64.09035744621471,33.16345244990035,46.26733659702175,-397.58496254360654,941.0455088639172,2.31624,1026.0723049737408,-2.4350271553330014,3629427535.735008,0.2992599728207227,14877.809734445596,1197.1931862212336,5.8552,2169.6698496516137,265.26572143642744,29.582877404442748,0.6719509692944359,0.6160789372994124,1.7725877400308958,0.181279,0.7166197851044475,0.902594411186786,0.9970248470498554,0.9837725464524568,-0.2188869254285312,0.7384829766628679,0.383065804260874,33.82704617429197,0.0440998751394287,3.514433428203149,0.684847968269525,0.1297442424410513,50.4673955994979,3.685941041885318,24.14315523241952,49.2996,0.2738971985731825,0.610339,487.0171226568886,6.97560013413845,8488.862257735138,0.0689465883505853,0.0046153282992079,3.681280010515831,2923.2375490052063,0.6023500090164842,0.6820734767653798,2.8007870282625063,0.7948965658155884,673.5726691536165,0.007582863201275,3.90476,0.1900387497495888,84.61339951126367,372.8708241978092,693722.2120087654,498473529.0683183,783.4968516420744,0.0447837844496351,773.9685458827668,0.3084557503922779,0.5357449670449778,830.0083410610421,0.000562722,5.400347336680317,0.0317684916307406,1030044.4062390112,0.981698,0.661654713192772,12.121479272263876,40.65346889466388,60.19308243192254,59.44791792040404,44.29884535579088,38.331016487946606,4403.191354454852,46.70955943195624,0.7306973391259772,5893.2039085132965,0.3735287983774346,49832.98592809906
ID-1449,Center-4,M,1.0,1.0,1.0,0.0,1,50,47,0,3.3668522782834502,11.411577655214655,2388280.772374844,4.872131049061364,0.476152,3.253060817628772,15777.342968943774,17.316111900251958,10.854724685694594,2.354773919026753,13.593621748807232,3.6343541765115086,12.16034242919571,1.3325256409842807,9.586880651157385,10.400400054033804,0.0008376542808684,389449.24541100016,3908692.769114103,0.0225962837250113,20.825590836484995,43.7843,312.508,-23061.37702315223,166.69093528724915,19.12110935454261,0.9486402614426784,4.266418403576752,2.4496978506887745,19.01836620034109,0.2914939615048371,0.392988652893949,0.9936076281453944,0.95749471783463,-0.3220054987767434,0.96856587781773,0.2541982460679545,56.09711994239428,0.0228499641801799,10.018240399746176,0.8957347347100946,0.0073370982834171,108.66310092427904,6.905150498736511,328.81840111384724,504.8292562683829,0.0218320324569119,538.8537256115387,914.7256597254808,1.872517328528129,2268.496582214155,0.0367148268203871,0.0242546923186168,5.2439095185028695,38932.11938356337,0.9260316647992806,0.971112,0.0353675,0.94035555759317,1604.861137950135,0.0055064335397048,42.1702846787977,0.00977157,176.67900183164247,1954.93601837868,10616.911717176106,726468.3034422885,0.00123903,0.018655265954102,552.237516768239,0.2039317361089793,0.5242558090467201,808.3027286097276,0.000418855,8.143212074093086,0.0782628294264983,14537.136410917145,0.8071169410356651,0.216809,5.50212,23.543046897257096,49.98424640388515,56.51253640749629,48.38854248899731,14.7986,16311.04217479365,24.761428464677213,0.5338895540762439,463.203,0.1796884799718153,558.0,-0.2294872193028405,33.3375,30304475305.09586,1.186348977540028,22.46260271585301,74.2999617079651,617.3138970373752,51.05298834641637,55.84199181430446,32.71040913379944,-668.3436488022195,595.3457523975534,30.98602076081317,1028.2674065074116,-3.8083970165245526,10803381014.99273,0.4027270682596551,3052.939561471185,1563.813282192338,5.8552,-3535.612504841487,7.49022703579141,6.083935146887857,0.4768174544247353,0.222058130190957,1.4408670469940297,8.913349231436376,0.8362042339329151,0.6730893906227703,0.9992021284910718,0.9932491808370396,-0.1393389882835853,0.8914490735592213,0.4905668887967644,33.036336336165576,0.346353854460846,4.257379565552034,0.6876482744546424,0.374282056981113,57.66242983725167,2.8124577846463654,0.224451,5047.541540868763,0.2326323124729515,45.13271045798848,1934.133953603486,6.873465102056668,7492.947711542052,0.0705756740280236,0.0025973227206078,3.733855611954015,11681.422149095266,0.4418850213172581,0.6078426233757696,2.5223468211226767,0.6151050551110082,1695.2989141614314,0.0165197839528803,9.984790331234125,0.11739620452289,171.8157745609269,638.8381697783202,13826.907250155484,63095.6,3767.460126272633,0.0230761176206817,711.7137990157356,0.3783125658887689,0.2921451754621325,6.83919,0.000562722,6.5684580174101725,0.0810154601618105,1038757.6224139094,0.5025608122381202,0.2894952957959096,13.98686536549258,11.4044,43.04178794116213,30.464216351249974,61.44433695396609,72.46383164082691,42890.26735867881,31.667256017784545,0.484481382241969,1280.614902980185,0.4797553574675969,562.0
ID-145,Center-4,M,1.0,1.0,1.0,0.0,1,55,82,1,5.352486618634209,17.67680288855518,4910573.499193649,4.889980901839461,3.55966788451192,2.4324575067579417,29160.14198277414,10.384803304604016,8.345468886657924,2.440234542466487,3.978086555646344,1.5576996827940144,14.69037163880434,1.983485763236738,13.279878137944149,19.61772633518967,0.901223466485471,284314.86172346474,8110.21,0.00914519,10.448198107220732,43.7843,13249365.01705453,36033.41918876032,105.71679823096392,17.07728151270358,0.8998063772752901,4.135693748015116,4.367821721939739,3.1289837622465067,0.6099530906459343,0.2660416548697416,0.9966342797087476,0.9408545279967032,-0.2836092950859173,0.993989,0.101875,29.1463857792869,0.000347025,7.790565539496949,0.9612759922383,0.0115548025177134,31.594750655072964,5.533264834383704,19.89430260984956,233.6877576711006,0.0345185453532818,20.221575514556548,1730.154454943702,1.09603,116.083,0.0131293834047308,0.000384061,5.565340892070719,39951.86278136629,0.8568971075365001,0.9093874739071616,0.2387493096870246,0.8838363987499324,165.38864382938843,0.0182271869008727,111.61529041838462,0.0833537538548846,209.19827103888585,845.4354446724885,21138.19432132805,6485.56,168.52113176940918,0.0446303987015171,4169.867819326242,0.2540137968727696,0.5570126446327225,913.340262522872,0.000418855,7.626104604698439,0.213825197146695,4043.1531115551065,0.9604191610532494,0.678704961565711,19.145588962489263,56.90490118718286,55.74055247548238,64.97716422379274,39.6245150458538,59.84386406556994,16572.24677591198,18.37157489360013,0.4866971296501445,9477.174227466705,0.4179393544747118,23351.849532096145,51.3066,52.87975619077498,32202913674.539955,2.740500535671994,5.42996,101.38607109529802,804.8137454613448,18.912639929428973,4.12072,52.10007148123135,-693.2639958119122,1172.9824622340036,14.206155526915843,1035.334618504026,-2.460787966691939,24400643621.57114,0.5184628082449221,67.1971,26.3153,156986.0090226845,6766.699584654888,0.664828,16.285840969288838,0.6432679214408082,1.7429598618724933,1.997207283245412,1.827938326458332,0.6318360159855255,0.5249174638808247,0.9964960062504596,0.9929103745830026,-0.1310371701970124,0.5305314491894685,0.4172002849473492,56.2161,0.0129507078386983,4.514288050478619,0.686435945853046,0.2926606317576445,26.980343229681125,3.404206518754288,0.224451,5969.839792132992,0.343697739516516,14.214412344653756,397.3533052540713,9.664224699604713,610.1506235615943,0.121585896324524,0.0049747126385981,4.371602505252709,12478.71685434525,0.5015732918891795,0.4106145209007613,10.534785444457023,0.7202995692187202,942.548730335088,0.0060059102616778,43.299805142717375,0.0152311,18.118109864819687,347.3099624371873,533362.4733525334,328140807.30557954,4568.45047667377,0.0186020553457716,548.4995898647142,0.1668448063738551,0.4928330665938534,166.4902412943423,0.0021180241158016,6.957537814954244,0.0163774442361935,396022.7141469683,0.7591087677657082,0.5493916490851042,15.572405541243969,38.637855911867895,27.34292913379883,48.02416433433216,79.48005496595987,38.12947383802086,548.583,26.91875393566312,0.520080463787934,5739.194678128204,0.3757566259439602,19190.70523707276
ID-1451,Center-4,M,1.0,0.0,1.0,0.0,1,59,48,0,3.382499504541087,29.78051697652633,2918531.215156423,5.303397511835967,7.175980883051615,4.120834332751307,30794.189931511384,8.855383624745661,8.026661138983464,1.7526931237801393,8.773748370976655,4.203801667934687,12.660553701017758,0.6949948866787267,13.59320445911817,15.714398071611118,0.9420611657214518,121568.08713416252,8110.21,0.0439704659826735,22.28700503455751,4880.261522080867,312.508,-12463.557477506138,763.2562208598148,53.95847158163214,0.9515182180120652,3.427336144072786,3.417453122897827,7.487497123775747,0.2969118663942229,0.2879056444766824,0.9957528733434332,0.9506847164408329,-0.3077915199183362,0.9875778128764756,0.1932354044006237,32.00161372704923,0.0011010579873907,8.876694700565023,0.9622450969693987,0.0105614418777739,55.55657388413246,6.341588173504549,224.93920308197747,739.6370437333429,0.012043906697039,125.96338150332414,1832.199868317265,1.09603,617.6467714043786,0.000408215,0.0372923308804782,7.10604,9372.577989881232,0.8344775206408743,0.9501784656749024,0.201063751665024,0.9421124888519375,1560.0890178005086,0.0202221512720919,95.20101167699998,0.073489875032186,233.26422725474205,951.282686167796,3.34623,1301020.6179331895,78.25575949939144,0.0204785710635187,5217.969072372967,0.2604761312364538,0.5368871349146057,2.66496,0.000418855,6.813657796779943,0.00671548,1.09326,0.6048907397975162,0.4620924320065833,20.885215996822264,53.80547885230206,24.96001066139888,57.60063327181489,64.52160813648129,49.49042393613777,545.25,43.34782598535751,0.7601439454469228,463.203,0.1876743620837323,21496.340188112925,38.03107300782594,159.3367025784452,526132000.0,3.3537824836505576,15.286640477338512,3.83943,374.3941867116852,52.997519783668,8.526315071397725,46.6258489171145,-346.773238573346,1119.024888812483,10.535085603987277,1048.0405963973956,-0.1057783197054659,31475828134.19157,0.423330903420866,13158.58881686544,661.1969075748138,1508.9646405666135,7920.418931399742,0.664828,8.954615691476736,0.5437192680356191,2.776660251679571,0.69169,0.181279,0.8168131388895878,0.916126,0.999872,0.972081929606732,-0.1841036507650407,0.5985570411997525,0.2780971359799523,19.97950391338341,0.4265136090169768,4.872498938497423,0.6570212944059948,0.3031721122393537,50.14919599696288,3.2482818577631063,30.669450872773904,333.01224360530927,0.261116313518811,65.51585709993161,1697.3437119665507,4.569774770661971,15138.387557153736,0.00100254,0.000499152,4.372832922624199,2691.7230804732267,0.3888750756215399,0.5907871997110602,5.666702909778001,0.6023287391706327,1798.090180427423,0.0172542954180354,96.74236425187144,0.126972479234856,6.743261654024121,30.1957,214.609,478162079.7813766,666.7278715814391,0.0392931298770052,737.402771500591,0.324086890354069,0.5967673004720471,748.9442435434212,0.014979187017235,6.013254642558444,0.0401313174915093,152566.37756699996,0.9644031143101388,0.3901264213254111,22.106151131881525,33.81614621787673,35.10630055661832,29.017000271113734,40.04257420768422,65.29296125776953,1909.7858610541573,41.70807602300142,0.6635255548862204,3799.4741564157816,0.6677796693876537,35554.51323448088
ID-1452,Center-4,M,1.0,0.0,0.0,0.0,0,40,70,0,4.646107683316841,14.367731975462451,2824365.1880251807,5.233609958940868,8.703131935075193,2.92803364021425,27107.870709709423,21.85451875989182,6.186491670153706,0.3504194943164828,12.140239455544744,1.5612147405514374,5.768067208531221,0.6652085560684143,4.188073788077962,13.50254559371039,1.1365150038283551,2087.32,6501072.853596236,0.1042263243374853,14.755715752412424,43.7843,3099812.202264358,-12310.49398219129,11.2113,59.94247863712174,0.97466,5.249909223850104,2.231015096693413,8.469518314698112,0.5169146823325826,0.2113006846198853,0.9963035614026424,0.9380720077870672,-0.2677211616184897,0.9836451516602874,0.3195101197573209,51.154925064456144,0.0112729583922386,9.028040022897557,0.9183457684425516,0.0054590563545579,47.28072172788005,7.597863491310641,3.02726,470.7274584356638,0.0807166979397458,252.7456416809476,3323.609352230811,1.09603,585.4102142590484,0.0644639056703585,0.0244152284001798,5.756011780281239,277.587,0.760452852653357,0.8342359123850385,0.3155930326928539,0.9073013468203728,3024.969255755773,0.0087997001001857,1.93333,0.0752540108569339,141.89148891717545,28.4667,3292.813070081819,3060582.507918418,328.73438222556086,0.000476227,2.18182,0.2705412138240902,0.6084281629493659,484.136204297982,0.0036052621511355,8.789556705275173,0.5386320262541485,15453.239623540992,0.5034021708911331,0.7231451919409687,5.50212,32.24720607780981,33.40844104808257,33.162043636329514,41.96121783924068,50.42489172045223,545.25,38.770676918700495,0.7265841856265398,9597.648524154223,0.4291181407454278,38862.74499034784,-32.242477772155375,33.3375,46364129514.80591,3.5959795665456147,7.438062721402446,3.83943,66.3085,49.357618843450936,80.65546016340456,44.76688049942609,-425.7785019654613,643.2689082036741,16.144167417362915,1023.3114200257972,3.133195249213092,23850797195.19032,0.595950265835616,12364.194989891475,903.384593172088,5.8552,15565.118846525776,241.3272438554389,3.016000990004363,0.4320093792724369,0.4683825786727701,1.9984125140634013,7.937731024679756,0.6639300773675918,0.611583571478628,0.999872,0.9941788595816988,-0.2030798263754486,0.713800118684329,0.3994497414137716,17.18549962966017,0.2399095753198388,2.7613545902144123,0.8213048378520922,0.4674639262482989,74.92428650316182,3.415453520476795,7.680090839613227,1778.7239690232195,0.2448164023395123,0.610339,858.6248149722087,1.74669,6751.501610749307,0.2454442485261474,0.000499152,4.474060263203813,8329.332134104447,0.4940449782111326,0.7647088578042608,2.664601338268459,0.7726242603747469,461.948258769091,0.000389061,3.90476,0.0284963532811207,3.11374,631.3360429866666,435469.5261989146,63095.6,0.225683,0.0328172933566894,263.0163044800018,0.3225924968036693,0.3531640725972769,749.2232791312268,0.000562722,5.4118752614018,0.102713696685438,195398.45017714752,0.6645007348086481,0.8270929787924162,23.124649127119163,31.402341242400745,46.09697650850483,42.673125111947954,17.623277644788367,66.43239717652412,548.583,32.832295723239056,0.6921548112289925,5615.41299163648,0.2068163119788921,10657.770973862083
ID-147,Center-4,M,1.0,1.0,0.0,0.0,1,51,81,1,4.14948728009698,14.106249951682193,4506110.931461096,6.27621063548536,3.844642880920501,2.02198307255966,5282.610779588124,17.41019479289119,11.228018728561462,0.9827271453678328,3.903766308513396,4.290098877705296,11.678392475750286,1.0398492262148455,6.171589071027318,14.395921440428378,-0.1502693434168429,2087.32,4008156.876177218,0.0308853722960984,14.699427429728676,43.7843,312.508,26521.696521149977,873.6700257440059,46.06174153661995,0.9043754449442224,1.95131143731152,3.1497070979165587,4.990796529125157,0.4537154742945166,0.4238896887043202,0.9975318371123466,0.9689036636457846,-0.2878915103500471,0.9898218388846688,0.4475218144250823,16.470364301772324,0.0089672648146316,7.446357806804093,0.9166220794153672,0.0288295464875808,36.139211369623695,7.723941977328565,386.02643994873887,891.5903857749295,0.0332730553452996,356.6941587006387,1681.957866030505,1.5223041277139269,2063.003707855796,0.000408215,0.0184951455573089,6.561156155816753,277.587,0.8567337832565664,0.8908657186431942,0.5275759455702316,0.940943795356921,2586.227644123263,0.0104941029095309,1.93333,0.0280904221626403,169.1437421025992,477.7412211383444,3.34623,7965806.635734393,87.7657753754595,0.0657006173706913,2926.300183859492,0.389740191486713,0.5310123722242979,580.7363494717766,0.0141351326301627,8.83279,0.2371450039372623,1.09326,0.961654880463288,0.5436239944576133,38.280029037492696,57.86818035014127,20.12071975463823,49.30996914138378,49.88372151667193,36.15732792515377,545.25,37.46075933649711,0.478269164437225,5990.887133881776,0.4049744213376125,39390.90119877836,7.167855528512337,45.24902826234711,55078526946.369125,2.4111172143770108,19.62570063456311,3.83943,631.5885303983912,33.719771537386535,59.3650842503092,41.315458626052205,-713.6680330196289,425.9932988328657,15.70826860954318,1036.7995658301886,-1.598580305020973,14347224450.946735,0.2994972888407519,67.1971,2388.8435663073187,5.8552,7468.421753208911,9.3390367186037,32.44101975572384,0.5143236611371158,1.6318959179163408,2.2419322107984945,4.733234598847053,0.6801618070099708,0.740039208899797,0.9967200669686072,0.9908454153364168,-0.1449940618190389,0.7817161217192887,0.494728,10.544957598245356,0.3379770690251231,4.357187260625713,0.6562197677397128,0.3886591280816059,64.77421135711293,2.947258277946455,0.224451,3310.9932718237005,0.3302739826537835,32.386294613131376,743.5834336671469,14.295072729988508,172.295,0.2553886855088849,0.0077080581569278,4.467435080528447,666.6531995245587,0.2913343007452528,0.4985933290767768,3.7871299076016975,0.8697828214335692,17.3286,0.0114877518976549,44.448512664261536,0.1049361546754664,113.67969453684302,1427.585935184472,555236.577019828,953589310.3080386,3326.876175465429,0.0117515893484086,5.90323,0.3470939952338722,0.4567061442708168,910.8166596225363,0.0421260216842655,6.278323525490983,0.00580198,190.726,0.8191630057414374,0.5090026470680333,25.43477854591835,58.91275648932252,41.86747708929264,27.28784831844984,56.10446689494383,37.31021063868816,5067.061637075743,28.15539120943064,0.735956400870328,458.685,0.6996447306565341,18272.74480110504
ID-1470,Center-4,M,1.0,1.0,1.0,0.0,1,37,65,0,3.918497126918253,7.885844314637466,8110.21,5.351532651484843,6.220501507432016,3.996476283265627,29419.30465345124,17.888079898815356,10.75931297714378,2.246778535786496,2.71105,2.992098912385174,11.23068186309912,0.20577,11.771023128642224,18.93429046102095,0.8867289089840845,11437.04683827942,6879609.706166968,0.0524224307151154,18.282343615986484,552.2234769708534,312.508,-1078.4739173773655,941.4615844527756,0.897676,0.97466,0.682288,3.278246911779322,15.933136819959184,0.3614225199028338,0.243317580953018,0.9953758446052094,0.9583686118324994,-0.3637105697049501,0.9770046355617614,0.3260826258595253,31.8492758552768,0.0041606409338462,10.43566458729948,0.9415747408740738,0.0147305255962638,38.86743843839801,6.422415628451463,755.683146801227,68.2450137596486,0.1104999141050408,476.0976619206964,1455.8144796147435,1.348821172564992,116.083,0.0632562233049302,0.0183809124400895,4.87117162623582,18981.495535074315,0.8631789439881411,0.7820375372113956,0.0353675,0.9330999912154908,83.4298441329182,0.0124067046579754,86.36207029260201,0.0420272131428715,199.19413183603567,1310.7895282688355,34369.382404905366,6485.56,0.00123903,0.0433893929508361,2.18182,0.4303416875265188,0.2945226840147589,2.66496,0.0192666105771046,7.96316919122043,0.4366048559156782,12633.475634640392,0.5764607749332467,0.8252415155949835,26.44351932126357,46.617415804036,20.60071543066184,74.06427698749994,46.41403758335049,43.60224378767538,32414.983129562464,45.23998948712608,0.5300601213198666,471.2277544361854,0.2935391036379342,12153.358457864691,51.3066,42.97109177510831,12104223324.145264,1.7648976210410492,13.088214650949206,3.83943,682.0788715788627,35.40761176316828,19.768146768627066,47.5822590140568,-630.66428749049,585.6487183765763,16.428773066088624,1069.219658180525,-2.970590846088906,8187430834.921955,0.2795897732125623,67.1971,2775.026982159516,5.8552,-9258.034062931776,180.2571644257084,8.674154640287668,0.5678388706357707,1.3568499398902631,1.5929573780869892,19.75781151798853,0.677501891394205,0.8648196406593484,0.9988988989445547,0.9594932254589652,-0.2108113202603415,0.5986019902527554,0.4490929842676546,5.1024,0.2931678384285608,3.27670542386724,0.738870016167148,0.409600264718658,29.05458321757262,1.546826254134345,21.736728091815312,5052.833625293631,0.3177063622323203,0.610339,1806.572209746727,10.23634939922691,172.295,0.00100254,0.0174667985625433,4.230711713415431,106.226,0.743155,0.504805986717869,0.382755770060767,0.6769569235255786,17.3286,0.0070802487453084,45.67916835157715,0.0155477059831572,4.7881991526651895,30.1957,816038.5293885387,63095.6,0.225683,0.00104556,207.99870060318733,0.2393615091672555,0.6283088275691743,305.7117141408476,0.0168562615819745,6.246078262943874,0.0294119986923838,813042.6707145303,0.8852537146156377,0.7387574013284628,14.260912678764608,41.70080763031682,35.25068118713046,46.7592133836321,29.11811891579592,33.77970131063157,47102.31676242197,35.22559541427783,0.6823633115276482,1315.547600959967,0.2616828583879571,8557.382740967245
ID-1487,Center-4,M,1.0,1.0,2.0,0.0,1,47,52,0,2.1690644002998547,8.966389288485361,4875532.790207684,5.286789408722056,3.000092032793489,3.124432615271429,21021.00939060065,16.856390364909455,5.438664534057033,2.955841269300143,7.474785658532447,2.74971248114999,13.418157070710755,0.783054179679494,14.777350426795694,18.274528329398542,0.1001896131403475,49955.76319023399,4121912.358115621,0.0351725558644763,4.565371295386173,2580.339988987177,3280143.7733226023,45670.90234919289,952.81170304413,0.897676,0.8969444714090817,4.082745387381074,2.6066618779070714,13.609435872739397,0.3164564022076139,0.097145,0.9968472987473695,0.9657017524862616,-0.3217410160952743,0.9446131466939028,0.3161705469172922,55.1245549171093,0.0024016838215415,9.384519542088835,0.882480610713906,0.0270043898903251,15.428813290411076,7.585901342097728,99.89711030147689,905.8146272979188,0.014449433097063,7.070119879643201,2568.1567371169976,1.09603,3713.000669146949,0.070552386918439,0.000384061,4.843976611113458,41372.498512457554,0.8517620159554247,0.9541041785723288,0.1067256592407598,0.8512953258468451,852.2787304800953,0.0272998196240079,1.93333,0.00977157,355.0289201050832,710.4831596323243,16371.98850165832,6485.56,0.00123903,0.000476227,2081.5891733953754,0.3174823138610966,0.5687243445899556,1572.5519759351412,0.0017396974847504,7.614913666463769,0.2706389157373797,1.09326,0.7795855007108308,0.5224071875261701,5.50212,50.95648405003952,40.73160880604459,40.155907891430985,46.78649084396735,43.35691098896104,45112.07204930483,34.39586738473176,0.5612504805118237,5852.286337606111,0.4205312382026254,558.0,-30.083478872621072,104.71001905546235,7231515210.0466,2.7193583804513577,7.289864798219604,83.42649690893758,67.11453572681609,41.36431755046913,47.696050058045145,50.50720739627694,-32.3284,349.5108952616352,26.02865066788663,1060.6916578726175,5.548782084594058,31578538490.79439,0.3434848547295673,67.1971,1679.4139196548988,5.8552,4420.616678360531,109.3993310328326,0.212363,0.5182652982719886,1.5787922373474768,1.383317947714258,0.181279,0.7524169332491291,0.8293170114969416,0.999872,0.9866228531078374,-0.1267498755514992,0.7859792397372685,0.4255281782587576,18.402842380433924,0.4175016538873464,7.371401541870806,0.754754022071173,0.4220731273802141,56.92661237728061,2.4901308233406767,7.5709885574415345,6077.946380227246,0.2886795568179649,0.610339,2014.5996641637628,9.695390950972936,3442.340843962992,0.1519485136504554,0.001011537531878,5.31023,106.226,0.4383720819721922,0.5485129124406869,0.291681,0.7007823737067171,903.0492720847498,0.0073922118060507,75.02062087510012,0.0693697134544786,124.69844123448412,769.0476926871511,74975.07855577691,114673860.76946972,5514.54602496416,0.0194366346610966,607.6967812421198,0.3344528722483577,0.6072453780207278,892.1549907581341,0.0011818226374278,5.918949496829832,0.1031771758384257,1288023.5690168077,0.9034121971447852,0.6210909831529262,35.96745820037002,51.57921590405471,41.29898371842977,66.27867300359954,45.20203909838136,16.816656714574354,548.583,42.21731449805701,0.8318860871537785,4382.792624120445,0.2878617316881431,2970.3349788159912
ID-1496,Center-4,M,1.0,1.0,1.0,0.0,1,56,75,0,4.109237665993196,12.782299281912056,8110.21,5.39101706459682,6.23094365086118,2.3041629798572494,3769.671825266316,10.48609900204568,11.982373551232373,1.3719692134897643,6.124667153578339,3.818042879866224,9.480024732072025,2.194203017841016,6.077851065951194,5.188416293627223,1.0998136203584867,703757.825997355,2923179.763708694,0.00914519,0.134882,2590.59364300562,312.508,17921.23145019398,11.2113,26.46760615639697,0.9293212298448992,4.459251183971661,3.8078282867858726,5.952745196297542,0.4523312215683053,0.3360765687963855,0.9944564951002386,0.931514597501518,-0.2966973272079437,0.9874630446462884,0.1575430618452398,15.532372416847458,0.011866696162256,9.454982090352054,0.8964696861062788,0.0253356419691609,33.87847350160408,4.861780868778102,383.3567855335985,750.7534554848728,0.0234463190280566,107.1173944057592,38.346,1.3295653794523967,314.9698977729215,0.000408215,0.0209147118739733,5.654442837828889,17421.811135936397,0.8807210759810786,0.8945647072763924,0.0353675,0.9195178483122228,377.2367011704282,0.016514217961114,1.93333,0.00977157,352.0518861505344,2561.9265385852373,3.34623,1936277.8481011847,0.00123903,0.000476227,2741.1075000262254,0.2127125236088983,0.6399140015787802,1777.8180012747164,0.000418855,8.401016766381039,0.4643125599575789,7504.465091127069,0.9024389259858828,0.5540060803875407,29.491986563068814,45.270308660180646,44.22652313767048,29.763410967197096,40.019274612666514,53.16522031472821,626.9219632411691,33.338458483603624,0.6717197721942478,3668.835302919884,0.3663528521322258,1773.8422863709147,39.12995957048821,33.3375,7694877278.63752,2.469799673624292,9.988926588552005,68.30321038984809,66.3085,48.76719651548485,11.530955226974465,47.27685319644485,-667.016351394148,144.178,23.677176990313065,1035.1049915652056,1.1329295833822224,11088110302.70646,0.1753863420365971,17792.55841853471,694.7559389089063,771623.1565950251,-856.9448009223515,40.27379038306606,5.178766414608512,0.866649403010273,2.198790304787193,1.6685580941982652,0.181279,0.816414438298593,0.6544837327530224,0.995586156400157,0.9857178211310084,-0.2263403714116261,0.949142,0.4023512023777452,5.1024,0.0815623537506989,2.800541312895118,0.8415053439072249,0.0716950429900945,30.088176002666188,4.088369092492078,0.224451,3191.433766634276,0.266296612382165,0.610339,1261.714544078676,3.606527263241891,6980.173486398853,0.00100254,0.0032078568778643,4.494940765236026,106.226,0.3460665377227382,0.7975743811092865,0.291681,0.6230807124818905,810.5585771331638,0.0070718415264495,3.90476,0.0152311,39.62688821302346,1095.9663480824277,546474.8016594818,63095.6,0.225683,0.0050086498547351,119.27237609357422,0.3984053748753073,0.5409740278873308,992.3435548988448,0.018781745147242,6.92425821648684,0.0943269102460713,426883.5494711492,0.6666972973080751,0.6503946348795898,20.39716095259378,63.00969310476802,45.81823040953278,30.742950747092536,45.7931912458347,64.20470691862734,66243.81261407869,14.574565787383326,0.6766506567978566,5529.518850112423,0.6488856758519226,562.0
ID-1497,Center-4,M,1.0,1.0,1.0,0.0,1,63,71,0,6.43905856657218,8.929127121320724,8110.21,6.181322080591604,7.248977184145568,2.958751447698928,67463.66994556651,3.8637,10.405088282754429,2.196214496840638,5.484297351286845,2.1838065662050203,5.88553547196009,0.6639896442581029,2.9928512257327444,17.89597689062616,-0.1022342637315511,374515.6159029156,3212535.1772608184,0.0183655625494346,26.342942983152923,43.7843,9275107.49383107,-8592.81594549916,1893.858411689548,59.161450935642776,0.946800960161239,5.549195355450116,2.7402300944193536,12.374659774950407,0.4252473803831523,0.2361067539151656,0.9948146328834088,0.9520260200687096,-0.3581078556485813,0.99188311504299,0.203881825871836,37.27417015072985,0.0101699107843347,9.68163745737712,0.9420431211201634,0.0101524195725754,65.40083173141639,5.536163866764573,268.7630453703875,429.03976630419294,0.0349070383696576,212.88546254633616,1714.897965762185,1.4514869282262566,1759.6814662482468,0.0616852342013046,0.0043114047399121,5.507605456728283,24219.664356445923,0.9164006328910392,0.8891179758897341,0.0353675,0.9590424453161428,1477.684809295506,0.0054783289689225,218.0299227393608,0.00977157,57.80611189927991,2057.0686319425004,32141.75166067442,4554349.456293672,476.3539429258526,0.0594413160200166,2389.141542116252,0.2539099016793273,0.5289845375757557,762.3757677514683,0.005529943355571,6.414231065740898,0.4401433232982847,1.09326,0.8305622593463029,0.5197646039720735,9.106170977039891,52.09849020214345,17.255592079966544,33.531616655953975,21.69078064682843,44.33903015099797,11320.239382492073,16.492608456325126,0.6835299834304135,4564.927962685724,0.3965810072433114,38390.597342583154,51.3066,64.16527480445315,12494220529.524343,2.9266775757822048,53.65227891086539,67.04113314391171,907.8823417328366,9.518937196901536,72.95684296241511,44.59072097051899,-1019.3303119777974,144.178,20.05519285075797,1025.085492108362,-0.8799789359677839,13331400655.401184,0.1653957794573604,67.1971,1217.2561449503874,1053230.264182274,-8659.553319270293,14.66267177981247,12.979230313245012,0.6086595363074091,2.0077988134447207,2.1733750970485315,2.2319467912605324,0.917477,0.593935113706698,0.9958109578608112,0.9701862586392082,-0.2096377694901023,0.7897056357614428,0.3751303319294077,48.80562872981862,0.1317342496559845,5.271834350837183,0.920413,0.1810937792175833,86.74828856913724,3.758207742631173,32.77825235564994,2240.604000173004,0.359390064242561,0.610339,836.1872340377536,14.96720224293786,9153.346669084134,0.00100254,0.013251270179555,3.786328128786025,15140.4926536795,0.4199600919363533,0.3341095944048439,8.884141421132878,0.625903974920879,17.3286,0.0148641118131187,42.18599334366395,0.0897659653322379,109.3938390139967,1316.7434759313587,214.609,136871360.3510374,5213.551541565765,0.0413873359574963,456.490677922905,0.2495034252477198,0.6414562619028613,1799.410360698585,0.0116905259761682,6.36130511740253,0.00580198,994411.0830144656,0.6520598821440763,0.5436065743130368,16.19374022794193,51.42806410377548,46.95576438967418,59.64525662577941,33.489607915596466,44.33149871309567,7563.815547245567,22.35412689413236,0.7248479507967405,458.685,0.4010799415019245,562.0
ID-1503,Center-4,M,1.0,1.0,1.0,0.0,1,50,76,0,4.532139154495145,9.971646124412988,1976825.7623498207,4.742605504028045,1.419147816039786,2.616786338934505,18934.02604325262,29.108497017560108,9.792282504508767,2.367709788815576,10.305385208378768,2.5039280495454035,12.959319993050364,0.6296594783898398,6.119008647093352,11.931774464901562,-0.3726665022753847,114656.57118586278,3711373.9935903368,0.0442433001201436,22.645474826260752,656.2958191697542,2712770.655241543,-2007.246556474984,352.4634173834755,23.806275784145285,0.97466,5.731494402225297,3.74632936378838,10.35390049528859,0.3744925758858358,0.1874074165499276,0.9961167564733036,0.937071929466002,-0.3848817915711633,0.9738726198283002,0.2011578221455465,23.01148226912223,0.0095898259453163,8.894757966283507,0.9236311291493622,0.00134553,90.87567324172883,6.60473115358012,3.02726,907.693458017416,0.0705518747991303,363.0511374873665,1966.0078735438915,1.9663919260212328,2201.3823932290816,0.045891675032128,0.0112769635350762,6.495870496038233,277.587,0.8890549416101136,0.9111095618155084,0.2760581338280346,0.901656106796646,1392.4273471859246,0.000379169,48.50319321313639,0.0406181793067184,67.82426590168977,181.2940821692877,3.34623,6485.56,274.9220668975944,0.0173925924768247,660.6482166601002,0.1187717033886761,0.4862205532764113,1405.3060524106284,0.0077454497145439,6.54983301112525,0.2816874869033698,1.09326,0.6502334496722255,0.4756795318522717,24.490971241533607,34.990120943714004,51.88351908422731,57.52877192817185,38.93008396026877,28.271694216814726,1197.704706315158,23.286275195401743,0.5956367881353481,8884.43203323913,0.2703931538033011,21364.272241899555,-27.116518616658915,64.20374280800065,33366114151.99752,1.958258126060227,41.4215066501613,87.44463053910593,126.63496893187454,35.71273663736952,60.296930516864336,44.73468704433108,-32.3284,856.2885641888239,11.725527775156255,1065.267805361152,-3.815040666317008,34512483366.45781,0.2594668188367861,67.1971,1938.3172397689327,1953212.5040865848,12286.847609609496,0.664828,17.084253138796686,0.5836263399305116,0.1813058456451708,2.473761148813039,1.4869743149878554,0.7428182894732347,0.8083025698065234,0.9977413218849251,0.9804451500018164,-0.107718990517108,0.7085027697595269,0.3691033653690095,42.97454583127622,0.1026994696504087,3.32164544937249,0.7478623039988246,0.2822416924532619,26.006036552444645,2.312387639203182,52.075344805878096,1324.188600288237,0.451266021873752,12.15223125664947,228.35715476079343,1.74669,15762.057292620017,0.1066708273288209,0.0183631218020835,4.007333291136045,3267.8066385315365,0.2824692437937652,0.367239954998304,6.327024449764708,0.5845722175881005,1485.6991436425735,0.000389061,3.90476,0.1144113692088245,3.11374,30.1957,214.609,173493422.88689953,5143.116005356664,0.0460997709056417,585.7871327526258,0.3001342973966333,0.5270113671896574,763.2253616168657,0.000562722,6.542596083214664,0.1643185836560818,42278.56952384151,0.9121169010620412,0.804997012195733,27.37659956151235,29.13357463241716,36.24823330464813,40.03338808269471,12.1655,34.58493926741519,20437.44016415189,13.252137433649878,0.684008540421047,4364.750568660353,0.4474833225035965,11171.976194217026
ID-151,Center-4,M,1.0,1.0,1.0,0.0,1,48,70,1,4.359427760868029,15.235370247659835,2813801.121632324,4.512152323740377,2.379676058155312,3.2215661509228672,19267.174688587125,20.27693590539591,9.793360258317447,2.8132531130995897,5.833759348147468,4.059356591961537,10.006006505859151,2.7612575571312306,12.62926882213152,8.01176076179015,0.585793670664763,394162.09180238965,3632130.320210101,0.0625585880319028,2.238979606762647,43.7843,4907706.965404648,11813.768372748931,928.4638406270326,6.447049146261104,0.9091170376419992,3.051829642848908,2.405205406997972,16.098005451302,0.4066728292095636,0.2902846004950087,0.9929036344070912,0.9361898890467264,-0.3535898653738323,0.9830095992723769,0.1700739957552458,40.659965860231296,0.000347025,7.315010877992002,0.9234652718023516,0.00134553,26.26932061690887,7.305187104595153,438.8777894873985,36.2218,0.0382742852177589,216.03961904676152,3735.408662286493,2.493617452650524,116.083,0.023663973199533,0.0208559789490691,6.306968620059619,22704.794742515456,0.947064,0.8989431883563392,0.3359729162974274,0.951242658531538,3993.2620195562,0.0200423764937017,1.93333,0.00977157,110.41426991200554,28.4667,3.34623,1746079.8554653246,311.05029001953767,0.000476227,2092.23706378931,0.2597191285560626,0.5473838352100936,222.78452425149447,0.0255529085773477,7.280541185280898,0.317497381132766,18124.06636896726,0.5563930744191625,0.5058443760588593,18.827775218249823,35.92803337775479,50.6193821690203,35.79077330375887,79.36081580793063,56.10206656524685,25758.434787508413,31.82768666063944,0.6047847876870377,4017.5569188110026,0.3099635198545731,27767.5948555374,51.3066,33.74220972542011,46931332036.72467,3.393410610206812,29.25950699543744,27.461990858483173,886.6876695434312,25.01629234528406,35.211962482547285,28.958516000138008,-1055.39,695.389890794208,11.820306333642254,1016.0597133581132,-0.2756736171794471,40347648383.33801,0.3225000836916901,67.1971,978.89066010369,344193.2278975163,587.3969918715263,146.8548408754738,3.722404440654294,0.4396248408177311,0.9458049970674896,1.357960649843044,13.81377497530676,0.6062458823886452,0.7308308660919053,0.9950072951534792,0.985506684060254,-0.0526266,0.8478393950367533,0.2726944864096636,45.46980140835328,0.0125889,3.573647175798061,0.8845367028773272,0.4697973280789224,17.249515796757937,3.971269840030714,6.957269895489768,1265.058072873382,0.2775032359194569,52.4759809786148,1519.901163381145,18.5482487267628,10428.642317759515,0.00100254,0.0171688583067526,3.776590599891031,17952.048528124076,0.3352748533888671,0.7129000615853252,2.0282656915984485,0.8344221475960714,1085.1306661408066,0.0131150321922462,36.49410699815531,0.0491039172950692,70.90320421110378,716.2631911101462,171368.19762827893,659316703.2124792,2731.730621227831,0.00104556,702.5251490739759,0.1852550955221232,0.5054426349029516,829.1589210514655,0.000562722,5.745630641692238,0.00580198,561486.0143097817,0.3914313197194,0.6365774421819301,24.75774192946177,76.8992326725181,27.49611693712757,76.75071654293525,30.516068288370843,48.01367210795482,18908.10404093106,35.340375288353535,0.7429559423214913,8239.986152159849,0.4444943886517261,6519.258718720515
ID-1510,Center-4,M,1.0,1.0,1.0,0.0,1,50,88,0,3.095264764613592,3.46337,8110.21,5.099562931814708,0.476152,1.79041,27379.877700174933,20.50699108120777,8.604771960630313,3.413390656834412,8.011904291075153,4.121418255551598,13.739660679078767,2.2869240587783928,9.57062194475034,15.807538160267134,0.3292485467156297,244851.24805124348,3816454.798217283,0.00914519,13.180914123045463,2625.6598856034307,607725.5403499304,30144.46029929214,1171.0941005351776,23.350162904682445,0.8960938400029047,3.11665219648258,2.8959256342153155,0.393348,0.45157502240083,0.2619827432210285,0.998000233256179,0.9437564167417624,-0.2937760938627614,0.993989,0.3126102857825494,39.22803302266783,0.0094073638957602,9.586716381596329,0.9489353036056772,0.00134553,46.13632054343009,5.87668745331375,492.6729119321672,36.2218,0.0329188287765968,127.04678653353484,1197.1806238924682,1.7079101782231465,2272.735968918822,0.0294966160852801,0.0180436967628149,6.576681878989729,277.587,0.8359166091692217,0.9082079276781616,0.4859349810058142,0.9225172226673706,1340.2330981118123,0.0166832484569185,279.3917041347501,0.0802953961603742,255.5597745409552,211.60307566279565,29968.39627059856,6485.56,117.45985992479991,0.0322540323164293,3696.868364930685,0.1322586854120545,0.4925946265838372,1553.7863127573903,0.0063543926338811,6.356375173757494,0.2445711008917822,27262.85032731849,0.970114,0.4189446032045155,15.532057711906642,23.58448558018983,40.530099963268974,45.018699620560064,33.94368857751778,20.57768541122764,24874.054639461567,29.726806012743136,0.6514875642148376,8054.805184390368,0.1573591247073479,18036.20182441736,-66.22459262869248,111.53334446187502,6333419645.184549,2.450282810349657,36.08633296538756,44.16447687356298,947.67679142816,33.30271638577709,56.14525536982971,41.61540701772425,-479.3405702544702,832.7538249665737,2.31624,1064.3330621637954,-4.786631081629583,22375354986.904385,0.3222012147616483,12548.66601211126,26.3153,5.8552,-5173.204550128672,170.89088687229412,6.174902135377938,0.6793968301781982,1.1453895064247377,1.9532057149927904,0.181279,0.8400137176683391,0.8688473370564275,0.999872,0.9872787534669308,-0.1680033688245471,0.7282036370181533,0.4536024008890172,26.785326664007044,0.2119448093637568,2.051862930301613,0.8580969167139991,0.1245509054759948,31.08874450830563,2.8744876105360726,1.547066345930182,6426.300509109586,0.0769726,8.251993964339931,28.9544,11.775593949080276,172.295,0.1518551025150386,0.000499152,3.6637986859146494,12604.005948034806,0.390266912452231,0.6481646560131253,6.551263877396169,0.6634333449913736,1798.4310802927682,0.0134046143261948,74.28014374186702,0.0263270189094932,3.11374,713.6768741090207,214.609,26934789.80191109,3149.237838425001,0.0357651074540411,955.8939933812665,0.2876893952974786,0.4745235855452922,762.1014905347471,0.017762440135376,4.836558002260996,0.0617480575244506,719229.4426563123,0.773891123660049,0.868571,10.646784190885628,55.17049783853148,54.55362310836265,55.74931203137497,41.65271658785044,55.37455362308382,548.583,14.6074368458449,0.49894487500356,8630.965014540934,0.5429119035467462,39794.00050186909
ID-1517,Center-4,M,1.0,1.0,1.0,0.0,1,39,74,0,7.143706396475002,21.708927632163483,3667290.7713273927,4.497362934414999,1.605902054780368,2.416374430415339,37567.40323334801,14.031691419013956,13.520306142004433,3.036316825501758,9.983085680994474,3.903357172996744,18.57400033189091,3.7829439272755625,6.5870951767967885,9.16726823098691,0.2470330920355203,501178.9920193385,4171046.3344171257,0.00914519,16.247064432232673,59.62869685795664,6063901.110189634,11089.287711766425,3368.2858981715053,0.897676,0.9123120022800066,7.192477825667236,3.370164188464513,8.77366041172941,0.2165198059665921,0.233665916101884,0.9962281000599316,0.934814692864836,-0.3099274028328494,0.993989,0.2897649857576152,6.41898,0.0212337195534418,10.247296025042916,0.8764704759552838,0.0461070303461187,76.86521911987127,4.362351345139087,3.02726,36.2218,0.0326905981314933,168.35560390219956,2750.2014904982616,2.309501839861039,116.083,0.000408215,0.0323126211231791,6.411884367372933,11355.26080850307,0.8630985042752667,0.8127850946873937,0.6783220285902802,0.9742205726072822,934.236893203912,0.0004425023739991,126.49041258134878,0.0875755678791417,328.51223122074964,844.8190759233976,4379.1100020659205,6485.56,98.78043444132706,0.000476227,567.5154963870452,0.3636705724735267,0.393257243193123,1948.0610976912928,0.0021651679763964,8.83279,0.2235059183088993,8703.675395010156,0.5100198614201761,0.5322583019840256,30.112469576801136,52.26947125582049,25.426430507290736,27.92993605586762,34.94570825145193,54.256991660756775,7566.9014190819635,37.07523434575407,0.6848279752454461,9528.978084121618,0.453781604260454,29336.61662070581,51.3066,60.89725516463508,526132000.0,2.5623291162415707,29.612546846789776,67.5690819099573,66.3085,29.69268516991072,4.12072,45.85289653970295,-255.4853032078104,144.178,16.826330978383666,1078.3229316942543,-8.62180454367201,55031909199.81896,0.1880955936129238,67.1971,26.3153,5.8552,9241.57058729988,74.11028864314609,0.212363,0.8890048910841564,1.2213650808269907,1.0210100540166998,0.181279,0.6143167405307685,0.8760408878692184,0.9963463743507168,0.975354636326319,-0.2086638001311494,0.6319723954131341,0.3524050875673177,41.05200231546489,0.0868397599980843,4.980618208033953,0.664980354748774,0.3804560800839685,104.18808750269552,3.638549012236173,0.224451,2462.0644742678573,0.3061450372985726,21.092054529226942,28.9544,3.4288306682066487,172.295,0.0759100441980916,0.0005934509350347,5.31023,14825.45631651762,0.4111320124672609,0.4192970371431901,0.291681,0.7117089860722456,17.3286,0.000389061,3.90476,0.111448428349164,81.20604892397009,30.1957,214.609,155808202.66354376,5297.828303577377,0.0394497674331808,452.6576470964823,0.3347873866804798,0.4504833091538234,142.65620762095062,0.0063665425700634,5.35934049778317,0.0875807710040267,394074.64876448544,0.6027462473862659,0.8286084288295564,24.307904396516783,40.57127814659905,47.73207245328431,37.19362882063505,29.241717283192536,44.69284941195563,39886.12471003676,11.139789032877722,0.7470246337234132,7669.581292769397,0.3322827987289612,31527.72835734364
ID-1525,Center-4,M,1.0,1.0,1.0,0.0,1,67,88,0,2.00272162780193,3.46337,8110.21,4.2937002922109935,2.573360853555404,2.252173474264372,21306.016158288083,20.896509800727063,2.89068,0.7150472276681837,10.144410334966,1.4502928399358743,15.624234302050514,2.9586257167588474,6.246355910711342,8.645970850871201,0.7237269641260667,500013.9401557858,2800763.8575699,0.0873908843000685,20.48481822176123,43.7843,312.508,61433.40804124784,2226.416105952057,42.21174540249368,0.967463103727118,4.590751583121244,2.825871945871582,0.393348,0.2942002408528218,0.550699006938738,0.9945854048430236,0.9501991223645082,-0.3272450518719959,0.9696037228159824,0.1570569239011583,49.46941389992383,0.0136799773084875,9.640151803393527,0.9753322336361844,0.006669752318656,87.60409748233434,7.172326686535694,240.50786901287867,36.2218,0.0263176248163289,300.1159113255897,1316.2907482096973,1.6190708461139376,261.07372635049296,0.0321519749281598,0.000384061,7.073162654074813,20907.510017278622,0.8366283835105122,0.9155518549950086,0.2435731639188745,0.9615326185719753,2936.800321047187,0.0042519851140158,80.98339155835521,0.0113845138435518,187.8940442051498,1628.8541969269015,26286.54203624999,13489824.320753468,183.64396463008904,0.0019844775480531,6132.239514928415,0.557127,0.5334386073319629,33.670615864053474,0.0194769546521687,6.730465689705605,0.0998393986134363,1.09326,0.8472142039534205,0.4307273509730094,25.58530933209076,48.59624765370764,42.43191917690065,60.40525227329173,24.07965931855135,51.13020466482222,25679.37251005808,10.945199215651554,0.6527983130396889,463.203,0.4530335629623778,32938.97134364016,14.147629253088333,92.6538916605171,60551239632.89612,2.409709463387933,50.36038897143001,47.413659862597,66.3085,27.85749888591672,54.511816058513375,62.07224081344052,-701.3404905131159,310.8481823089858,2.31624,1053.3265879066014,-2.1850621850880967,47171250312.579926,0.290585416826882,3923.593329215105,154.61344708604724,1801134.749969218,-2273.9499426934,99.62847297402166,8.49883591520075,0.898971,1.0326748619458288,1.3969385170532602,14.19077311365151,0.6683694699658456,0.7425670936988207,0.9954019230635928,0.9775642573494722,-0.1049153463137612,0.6598680501140384,0.4177263451067323,30.569725436608657,0.3317132644622254,5.529582165070018,0.7654222471549423,0.231507296688556,99.781865825116,2.5067751567193834,0.224451,1777.9918296992432,0.2807997298014492,22.008978377235987,1392.0585544749422,16.684329646223226,3642.930823233844,0.13683208895673,0.000499152,3.903176237502744,106.226,0.743155,0.8066482855691653,1.154850336731707,0.6353147036997557,17.3286,0.0043059007306608,35.536418019461365,0.1219168498555186,25.525379005406283,271.5948318853135,640736.7162118343,287640548.7044162,0.225683,0.0145952911001391,5.90323,0.3480593326969122,0.532272945220454,216.897593569881,0.0566287652289292,4.870043824455822,0.0936809313524105,787896.6430267462,0.6581485640368006,0.6318929417564187,26.2263890587358,38.80421398013087,30.74577401430868,41.56764043572768,40.90128658516206,59.056281303671206,4379.762446826811,22.726018278466825,0.7077004842436586,5668.838941538556,0.3632183983688811,562.0
ID-153,Center-4,M,0.0,1.0,0.0,0.0,1,44,56,1,1.89383,6.392987458385107,8110.21,5.979672059785852,1.774871196673185,3.3431767266991934,43014.49439414751,19.583199241094785,9.284210587899087,3.346441050513632,5.7837764692718086,2.7299763819626746,10.240529820146444,0.9698230562121294,7.832402859085941,21.908769597473785,0.3080631359860706,403910.4923170909,6844899.458490269,0.00914519,12.452893993426812,43.7843,8368319.130341531,42662.60701507285,895.1397675298972,39.71700879681991,0.9467905740193916,2.934840916321111,4.427424266861699,8.170213941973937,0.4058871867701017,0.680395,0.992317369734276,0.950570013227969,-0.2644820685160966,0.993989,0.1901508304857434,36.8990285569773,0.008227426834305,7.6890338250353425,0.9503975026356848,0.0136909548945667,60.806378357988976,7.532509533016026,726.4039686067058,671.0884387645947,0.0363135058699089,347.03926261966865,1945.4450328352843,1.1452080286528197,6151.325364961091,0.0116153989969518,0.010078637777439,5.739124758332263,23753.98363393428,0.7590610854723334,0.8652509008946805,0.1787039763048972,0.979283,26.058,0.0044570248874238,114.14686132453156,0.0562032662714121,167.06326637671327,1814.3510353139864,31891.932139787936,6485.56,357.9294259843074,0.0152423145341816,2683.3860510931017,0.3508859049034489,0.576798796945123,964.4896803799862,0.0327233798024488,7.824515910851348,0.1967550902105746,1.09326,0.7683630222007333,0.4014770655094662,8.284108526996105,32.073105477489776,29.2344800451306,53.29190527805888,42.75456181802038,43.58815134997547,4753.832902287943,40.23616867446904,0.7383452391826296,6023.719506260138,0.1690915079051046,37216.812611861984,51.3066,91.996510779303,55717389592.13393,2.2187582269989115,27.49031857488097,37.3893689657333,662.3336000608847,56.04885782767326,4.12072,45.985377351330335,-552.6491905023461,920.404814568242,2.31624,1055.547471557289,-5.440487046668855,25184373135.443745,0.2560073643228316,3586.3850525265984,1369.1098571977743,5.8552,-13108.311865109772,116.29583928677688,2.9763617400050046,0.3662898695823865,0.7675562103063702,1.5323556035525694,3.761801439649682,0.554389268755937,0.8679618782981375,0.9971865174414738,0.9665429612897798,-0.3119452762105346,0.7474773134704333,0.3533128500796525,5.953380521253806,0.1510006014594187,1.41363,0.920413,0.398817230105886,46.88239175545963,3.240391974662346,9.694132872542626,1935.7924703209533,0.233595342208924,7.204408527257262,282.8753595761193,9.644057813828931,886.9407284346653,0.1272605598918321,0.0207953283408933,4.392284764085065,4917.125589720202,0.3552554556783484,0.6237647781128365,4.507645371352016,0.6186811037699556,744.0760163182293,0.0008343218690381,93.65600299956266,0.0152311,141.0757466875414,1642.9322778845053,366681.8540168565,153059130.1936279,4992.579985203891,0.0384868439083992,484.0747445072756,0.2357692394584301,0.7066530888132365,1681.977290346943,0.0297349373056983,7.151161717897008,0.0589541560468336,222287.62419728533,0.6007156543989055,0.4793280865753485,17.511938388980788,27.818828529254496,53.88720334657307,61.80421923126275,18.99991121912415,49.07960753570056,38157.87711992442,40.960996728746665,0.6925244684065327,9531.700391112048,0.6322782325786811,1648.570602889129
ID-1533,Center-4,M,1.0,0.0,2.0,0.0,1,42,36,0,1.89383,4.335127592871513,1916792.7177191584,5.457545330864456,2.946390756873322,1.9721036656235795,1387.5098088873729,26.68466518124015,2.89068,3.732013501632953,9.851623056959788,2.568539495015302,11.454311323348705,3.156709297182633,4.595522297349298,20.87911099780491,0.2644220974301333,338461.0597750721,8110.21,0.0811458702560099,0.134882,389.21825802626455,8900147.451316252,42188.896775466106,11.2113,17.62085313152531,0.97466,3.2387417109926897,3.607303789711112,6.101704655238038,0.4201248772405513,0.2513788176411294,0.9941374703081706,0.9408069472808892,-0.2786824432409611,0.963030418736863,0.3420902538412259,51.924487365650265,0.000347025,10.649264637243084,0.9256670526295896,0.00134553,86.02476633844242,6.909933068904086,3.02726,345.8575914510744,0.0613549058273572,217.67358595599416,1739.449300023431,1.6230590452164242,3020.993167157498,0.015696487674481,0.0194430555214672,6.706067087074982,18888.09986107585,0.8574965299476315,0.9526168264124126,0.1431009220191753,0.8667013948002551,1798.967711595458,0.0075719316736631,111.31572372046382,0.0626302657586495,659.5297770577838,1538.999976514893,3.34623,7062665.359902032,82.38682223790548,0.000476227,669.1548640689685,0.2078022932703476,0.7516111272192749,1919.8887729492856,0.0196069694684456,7.542104888867353,0.3091315378042254,1.09326,0.5980149060220739,0.4519036713946952,24.223371619637945,25.79889990585192,20.467968784283663,18.99918829526792,47.32007158053543,61.89436112517169,34734.595185787926,35.87892096671964,0.7366827632115067,5559.593136592936,0.3663986105596006,47381.71767441397,51.29532090771041,33.3375,25837700548.004227,1.4400202572228389,18.84830981602599,3.83943,1063.6858540101728,74.06488853966454,55.70024315676298,55.99104347524768,-356.7196811043418,956.922609876242,6.196011370290169,1059.473415388503,-8.74599,526132000.0,0.3106309878608884,1823.2839308683456,476.7479898508233,54598.28539710536,7872.583286251211,80.17461735654533,7.460852937061259,0.5778965413701029,0.7571446836635319,2.393491097146385,0.181279,0.6543868427822812,0.6826660250796661,0.9968782868494932,0.995225,-0.1264249638748979,0.7084534117108996,0.3653460298122905,7.885473415633159,0.2270969419805016,2.514273690242906,0.7281558251083364,0.2783912980465186,35.24377183801155,2.528034092357723,54.26994745809139,5353.736852492608,0.2263430513110398,60.08587417281665,509.1095783270582,7.208118020372419,3637.932985490995,0.3268268384831403,0.0175788572615318,4.43401951723707,18056.687657817583,0.5619254499456515,0.4954335035094237,0.291681,0.7392919551550585,1055.0683111448864,0.000389061,67.05063232023646,0.1101340021443502,160.69491915893232,932.7860405561656,107077.3813617408,583565934.1202592,0.225683,0.0011948608695427,5.90323,0.1209121459662229,0.6301728211844076,423.05032804436615,0.000562722,6.136022610320339,0.0803385545947501,146878.84283002064,0.8415576477479654,0.427082711917563,5.58834,26.15849727857827,31.632587307457825,76.17107582164215,54.31683233393002,36.34625073550899,4400.980538035661,35.01359147793924,0.5800458473335016,458.685,0.7392327889667891,3767.292241003689
ID-1536,Center-4,M,1.0,1.0,1.0,0.0,1,50,70,0,3.96450438181025,7.029759302846156,3535501.291486947,4.512923301895526,7.3156285541843165,3.451173372566037,17713.58236756247,21.57139841952883,7.461734381927249,2.410233425674286,5.38088150137886,4.256848730024076,12.121522461152194,2.532620071263834,14.33499169034336,8.961116830098165,0.2314951334484417,2087.32,370118.7704755642,0.0928970885224922,0.134882,43.7843,8626305.528937344,19886.95466255607,11.2113,37.20399344039865,0.9427884391913812,0.8416220526127163,2.9408529447066187,0.7206287877168229,0.1838388196777086,0.3611129187234629,0.9947721645149395,0.9462620063218672,-0.4130549869893322,0.9560637201446052,0.1997420873657425,36.16056255330928,0.0169537342988663,11.274967150333463,0.9233841751686674,0.0351658338957461,81.61109137380961,7.236851702413853,91.4627348164763,578.9549097881261,0.0878675930211995,3.51945,2718.9102036065256,1.3227029494227982,2881.436066498158,0.054167490982641,0.022980789092241,6.039771432095225,19283.78655797816,0.8833709294515355,0.971112,0.7615451721456553,0.979283,1537.2006860986626,0.0056344966918379,107.01182965324152,0.0288657559879334,6.42722,1442.8446169784,2292.9147745426108,6485.56,253.74336959066213,0.0060267543721605,4208.88166264175,0.3203971420091914,0.5279322884454946,1883.600599180137,0.000418855,7.854579685464083,0.336350625019677,5364.112579142355,0.8101608320048852,0.6416366502474339,7.935007683650336,43.37459370180301,64.64183069273426,16.125826780321827,37.05365694265348,26.35817325542744,32008.41919816472,10.1665,0.587855262559455,5595.965828865274,0.4072744560947618,40019.776284273,-9.5832815738665,176.24855726976722,17343128648.73363,1.5096469371815997,7.664609845198196,57.93131114278022,882.1756805249237,55.70354393828816,4.12072,35.49000993934579,-1055.39,1030.5310506001229,3.978554544568995,1067.4866159314172,0.0836130599418921,1664272912.5271149,0.1086435897465121,29862.25452281093,1578.4792236055623,1693171.8183355157,2162.4079417764897,0.664828,10.621241596354384,0.4142984652537793,1.3297842550154182,2.1709720388030616,0.181279,0.7136911945350616,0.6753877915688195,0.999872,0.967650183583617,-0.2503871751432426,0.6339343882219174,0.494728,15.836297285334862,0.1242651791500343,3.732848574108285,0.8136658563887609,0.0386862,82.29815180978737,2.966630548157148,0.224451,2739.8677605919006,0.2512152159002228,0.610339,28.9544,16.91936292639602,4287.551945014638,0.00100254,0.0009255139946452,4.212039327649479,106.226,0.4958509191313284,0.5058882710202792,9.759329532761612,0.6626600167727721,2237.2659747975144,0.0118589112955119,58.86422818756972,0.143610568230766,243.68741981617856,949.4637189981504,214.609,63095.6,4025.3300160019216,0.0505502792913903,5.90323,0.3190858202686238,0.6238886194389638,836.7490852584156,0.0201471275090238,7.051317192317427,0.0278828132614893,379248.4370965936,0.981698,0.6817083026749782,10.960568923762798,29.875623619785067,46.17226786911977,13.0384,35.050262169050384,48.12913928161149,40177.62744055907,37.85608320747602,0.6852865197201519,458.685,0.2220110154231585,33400.47277873964
ID-1570,Center-4,M,1.0,1.0,1.0,0.0,1,53,62,0,1.89383,15.178999134349269,4632098.144973888,5.067012489514171,1.0695085836744378,3.776355291675787,29638.00972070903,11.815179396922517,10.881509584927953,0.6572008254001332,7.052168900947883,1.9106812251970624,9.785922081639985,1.698378940626679,6.927597841553731,12.61607376202946,-0.0475078263952438,184828.1955108806,1831299.2657286285,0.0214509525177831,0.134882,921.9559122922516,9026383.039034424,51628.21514290213,1922.4911174973265,84.13682851429564,0.9433657224043004,5.166434672720672,1.395335952745881,12.889706788329816,0.3370036519000273,0.428141900979664,0.993342097220224,0.9441548654672668,-0.3276810891405235,0.9787122601646294,0.3360006453486312,58.36927846990683,0.0147274765838667,7.694472668202089,0.921846241893418,0.0360763947284382,42.09325145728037,6.390574205485343,226.00679373785024,289.9680297310587,0.0255758286047874,3.51945,3408.782049617159,1.09603,3237.9090765582464,0.000408215,0.0172325042496366,5.235656974423509,36118.37713982595,0.8220726383964574,0.9178983904356808,0.1034566531844703,0.9648105989785238,26.058,0.0042649728662288,147.99581572744736,0.0232171530935609,161.25316711276213,907.9302434176052,9219.426597719576,5826041.955022872,0.00123903,0.000476227,2.18182,0.1177663330643803,0.5350834087133107,2.66496,0.0057810041146358,7.691684258022514,0.4611612301122237,1044.4248242259118,0.758210828094841,0.5903703157927037,21.282280247298708,23.513789849134884,54.29071142059712,41.07584744699236,17.11941286748654,51.39254053164231,11479.25641123533,30.183710984585097,0.7945357161680549,4942.718106077994,0.382530127369676,558.0,-48.4123305358057,33.3375,29772391325.561,1.9555386631137863,35.77748577541668,114.12562839613854,77.97217944956122,45.749999643618416,29.71644833027375,53.32421408839589,-269.2799982292249,276.2922771502626,2.31624,1025.78660927598,-0.9813243972792705,526132000.0,0.5543834788376394,21762.25149688671,26.3153,418580.0338014186,4110.78530287856,31.271778544890665,12.334975174082764,0.7315097628357601,1.4545809456014975,1.4535210048306837,5.917951700912052,0.917477,0.7736377352108018,0.999872,0.9897661177398264,-0.2019255914401099,0.8569057215608908,0.2982295199688591,7.648931203614618,0.116864298667798,4.90227770471102,0.491038098457051,0.2799077969141523,15.25492294200438,2.3730211413363644,11.789917232788438,6305.313295806744,0.2563650892165827,38.11962226820163,1673.1947268355218,7.262080371790368,172.295,0.0219961919259546,0.0193404051629386,4.505724596976009,106.226,0.2523601641044393,0.611088145154645,5.367260019309219,0.7338625872375037,268.7004601443016,0.0077146749530956,3.90476,0.1114446243223937,85.23642954959139,2341.006387810556,423235.9880178571,863705932.264223,0.225683,0.0551854599386526,1337.6550539510074,0.3177715648129064,0.447952660291593,189.81613324881363,0.015210886349864,6.671963424662996,0.1119420154916314,681641.5822845906,0.5755435555685124,0.6376805617952449,27.23472733525805,25.54345028770537,45.175099483580496,49.24792520835962,33.37644545699442,63.54898688603183,10196.9720941283,24.703954602902137,0.7103200858763168,458.685,0.2579992926289439,30733.815529730648
ID-1571,Center-4,F,1.0,1.0,1.0,0.0,1,45,85,0,5.413146377001728,11.607382433078332,868147.4809871031,5.577931725625902,5.9195483702849,2.508499043972503,30582.520469038995,16.143279357706934,2.89068,2.055460360898892,13.490194258144244,3.892540437060098,3.036728024811824,2.611638363706663,6.121577499682338,18.5129364073382,0.3681322015562196,2087.32,2422881.2883324507,0.0484209926058208,7.1180941009559895,3224.1333612689605,312.508,-2095.9992862712866,231.33687259085409,0.897676,0.921518803384762,1.8729819032879225,3.4393352508970243,5.367521355036588,0.4005255937076887,0.4489657173663866,0.9939336069711044,0.9506917671178812,-0.3523059765754293,0.993989,0.2670184753078887,43.81459074776133,0.000347025,10.96842907159059,0.912452653195353,0.010018971886781,92.44486291770018,7.135029259717064,334.83059583687003,36.2218,0.00917615,315.0864734910788,912.8026084185492,2.328556762120995,6485.492805624471,0.0567402207824483,0.0200789158998176,6.753133975840355,32201.02658278985,0.947064,0.9473374011267364,0.0520803361872951,0.9248664026261532,1070.2788605599312,0.0217631490529404,21.10725192748957,0.0599826617775945,468.5762886924248,2028.8081018208304,55431.31399929145,6486783.255120034,0.00123903,0.0078743050208958,3024.989561200825,0.0642722,0.5992052125727919,1703.768093977842,0.002192456617107,7.962999282732882,0.3151378227352525,18766.85590945507,0.6663237039943297,0.5744152340094063,11.8629304772645,46.98928007639239,46.77101848231072,60.121655932920696,26.035139034025484,57.33168700111471,545.25,13.0600306972135,0.6276957186453173,877.0566482826798,0.3407928226117743,27472.91292890208,33.242521591892775,44.47562376247088,526132000.0,3.849332492568619,54.02524975518028,27.51956631736824,66.3085,57.70985420492261,44.7490868503124,43.55718633732993,-965.283490821149,598.874368916514,30.38047793249224,1031.5549420339291,-1.1476228565960434,22827414042.541893,0.5243081776346973,3307.4241621808856,1322.6332574847113,1347851.9106866608,-192.38596155987972,0.664828,14.143092955420691,0.465294669486214,0.174711,2.551299986931811,0.181279,0.7854948263674822,0.8116960752209421,0.9944570431860128,0.973458088394798,-0.2356209342711097,0.6936489570258682,0.3760672683790172,29.67021516961752,0.244165590823634,1.41363,0.7921294692626999,0.3879403215632745,21.534441435771605,2.718716798947064,32.28011566166252,49.2996,0.1962336401991028,0.610339,2632.4593540802457,8.604694238036553,3818.4366846162334,0.1827677345599778,0.0142826145976493,4.482345878791717,3731.418935500292,0.6194198974950708,0.4280288899401722,8.262734196984791,0.8171368639890153,2219.6996441221104,0.0077245375378341,33.32888266542595,0.1352127536671038,3.11374,348.7981513005318,214.609,420676644.4714632,3486.73763644648,0.0170516262371413,5.90323,0.3011035300334593,0.5824658275714335,648.7105541572976,0.000562722,5.63638668974316,0.0968689490148581,908434.2982501084,0.819205182856018,0.5136482781336831,23.54317652109757,46.13272251612164,33.23796852582919,68.23026394635268,41.55757645843912,61.79109035723416,548.583,39.26413183868058,0.7674213693091594,458.685,0.3656238731270889,40138.1827368162
ID-1598,Center-4,F,1.0,1.0,1.0,0.0,1,65,39,0,4.675458204960439,9.66001909851174,8110.21,3.1982349957914327,1.9416162774449244,2.504031633076349,34665.03941283349,23.82685718608096,7.967809448841686,2.054616301800708,8.892276552396407,2.4361028504677096,16.748087793634003,2.1720995482994523,13.8966395223122,18.249408997735284,0.5431775247333874,243407.65626639003,2528357.6448957534,0.0483567426719339,8.141582593769472,862.3947804594736,312.508,-14280.712140617983,397.7982333969412,29.332119272203364,0.960895079650794,6.062482482890556,3.312391355130817,0.393348,0.180761,0.207458775240607,0.9942794862439084,0.9409097026235226,-0.278669144400351,0.9783504330691845,0.2772395184517333,45.81433975752358,0.0048462262815404,11.288039113987614,0.9273856312608336,0.0042515838336116,51.10529554552406,7.572253043541631,147.71934824193525,36.2218,0.0362680400025093,261.58591227091995,548.7525417392536,1.101487558045314,2739.674458437068,0.0045984781055144,0.008419871921103,6.335947425944347,277.587,0.8176094520940955,0.9453309256668768,0.1459742000145016,0.9674983845169068,1198.8864070025518,0.0116446714658102,131.56195051959767,0.0728622916327157,462.0163156818351,28.4667,17106.17644425026,4513853.4843379045,134.2087620637987,0.0123605377297884,1619.1974675720187,0.1819583480077982,0.196985,2237.816629000428,0.0051126666538937,7.790536763056663,0.159196134362481,15512.997417665758,0.6619830551177587,0.2968094509844162,22.79831202156464,40.40550227177468,55.37858285295329,13.6015,23.147091107055218,19.687352926298047,6986.174019060349,34.43434590796865,0.8078737469249381,3415.2583769866337,0.2393906137089295,20986.23347577682,-1.7013001023757512,121.28924485891388,46516981046.945786,2.9545046477164982,12.219000338610712,36.9104643665334,66.3085,52.62759085442921,4.12072,42.33337628731194,-725.5661143605965,1754.1992318510986,7.195225324953884,1028.1096809096216,0.5723841775223995,1128690086.7109642,0.3921428966631878,67.1971,2030.9166121357505,5.8552,5273.033186356532,157.57773863669755,6.475827757088705,0.3758107444140927,0.6670115654661417,1.781100210110813,0.181279,0.7743872170414869,0.579103079657709,0.9959502132355158,0.9740022254340652,-0.1424184083389934,0.5765315328280463,0.446981553142407,27.93960510941978,0.1128733173405115,4.041642868021542,0.7490564484357352,0.3540717259164071,111.7103728019833,2.507125748648728,61.64487856653333,1245.7090482366984,0.2027128703249354,27.068884776905065,137.37737750425066,1.74669,6940.3252044457895,0.1587069478650855,0.000499152,4.036981040841648,106.226,0.6064768554824297,0.6383165846706818,2.919663665837898,0.8744487991391867,572.539262741068,0.0138318168960429,3.90476,0.1711879878533152,3.11374,1197.7750850790485,214.609,464836842.0970044,894.432933716871,0.0280613110706023,5.90323,0.4022695064172614,0.7685143776661328,894.7503211779581,0.0328646504792019,5.485274696167149,0.0831939994274107,720792.3547807902,0.93578376166306,0.4204140230415301,30.07701666125886,11.4044,27.433214919261182,50.28835900567273,25.175723577979404,49.39193065540793,28423.04400561204,46.65010027715184,0.6111444354033636,3589.148500794476,0.4519330229016241,562.0
ID-164,Center-4,M,0.0,0.0,1.0,0.0,1,73,55,1,7.260688714538389,7.723233037450892,4316829.892753761,5.691125882264311,4.030157473140436,2.22140722822348,12277.339821997855,20.39789932048272,3.122987936256794,2.22475018619569,2.71105,4.037114150084824,16.659733409294752,2.8963433726769665,8.479040211272524,6.317996025016463,0.9246206157827672,2087.32,1380933.1232786723,0.020507453764475,0.134882,939.8197441705654,3307384.2973334,14214.39600652852,424.47134541823846,78.9486176595308,0.9429844201300784,3.708093073724953,4.4432,1.0943213976857606,0.3830392909495888,0.3381872641858805,0.9905320163641153,0.9544580318947972,-0.3729249710827073,0.9821818525159246,0.3116896800119383,33.00730060832663,0.000347025,11.26941083737291,0.9114067772955916,0.00134553,66.15947446906638,4.589525885377441,49.10566839349071,586.3158982407991,0.0443972330960334,227.45274518766752,38.346,2.344277879601109,1104.7227583873057,0.000408215,0.0065290670338528,7.10604,27391.13594560829,0.9076052252799344,0.8999157078540367,0.1653310765314968,0.8855788794003429,2529.904970036483,0.0103552110776824,175.1709070592654,0.0185433827443064,216.6427352613092,1045.6027497932666,3.34623,6485.56,151.43192391846264,0.0399409073651044,1706.4092932840313,0.3894632418258222,0.4797159611288201,2.66496,0.0085857022204218,6.618126932060129,0.0182992112878488,21593.28318418052,0.7566044722597448,0.4944018846098266,22.088841347826687,56.34176865300542,38.712936807204365,64.02928970057273,27.934687151330223,57.41543107965481,49793.829055890536,25.62334966953702,0.7585656238932956,2341.209253388159,0.1658504882052449,6782.010459244555,17.856709273736342,290.8954437711608,36498101647.09876,2.090461137123383,18.233427813657208,126.88280584157336,498.5982616541072,35.286127436126975,4.12072,37.0592104394626,-810.700388169403,167.17816964169086,6.147647243975087,1051.4629530162913,-2.7213256231135885,33649112678.813072,0.3160396945160298,11496.30780718474,867.2412852751893,154144.4827153676,4034.0713818544536,208.82320095672745,6.849260935681182,0.7286389024974775,0.2842874966519681,1.4631941695537056,4.728322496691581,0.705503549559539,0.8653260880500553,0.9986793916412432,0.9739144414968508,-0.065411972930418,0.6656450841124905,0.2485739370003428,23.640366957452628,0.2514088770360067,5.457701380882552,0.4875123186062994,0.282982862320891,26.59626056202134,2.5793865642478813,30.738871422961203,49.2996,0.2869221055122307,63.45513479558146,1626.0337218523937,3.17520889000826,2143.463848681112,0.00100254,0.0220261832584054,4.037183795224292,106.226,0.3992826423000209,0.6067325533963362,1.7394131728226254,0.882034,944.1653595457296,0.0091784753718406,16.955481537095793,0.139577902854983,3.11374,626.8500225791399,329044.77601554175,63095.6,0.225683,0.0104107506889822,5.90323,0.3664331594048059,0.6016037242202371,1204.323527333288,0.0175457272504328,6.114548827577549,0.0114579465303845,190.726,0.6900390868886495,0.5835096119399977,25.77960585007816,40.99995428142552,38.04765345158589,37.94687189874969,55.411163996270254,82.65131764042428,548.583,12.004980113190342,0.655614927279218,5462.701175155493,0.6533866218966893,74582.15174079878
ID-171,Center-4,M,1.0,1.0,1.0,0.0,1,69,78,1,5.756098577040344,15.528253951286755,3889025.4799285177,4.503670435232474,4.560969353357998,3.322857741550272,41214.78008460658,11.030069307257383,5.472160281895539,2.3883432046737063,16.78469786218077,2.9573098125649784,11.064769766119124,2.423462276270321,7.102772217156973,21.3290670858952,0.8827655282315843,2087.32,2882735.6896142256,0.0461496877355183,12.605829711154254,2528.8502970276245,312.508,4804.377854217374,1990.1652140127928,32.5774900551354,0.8814436710241441,4.757179304634657,3.7488596612576153,22.08882888070883,0.3673016066365867,0.1070425779592984,0.9951302927409228,0.9691226738913054,-0.3797770470849711,0.9754285671463978,0.294545526977295,19.970912918411525,0.000347025,7.412707622666896,0.9544758865337962,0.0414510537665383,43.95036990315755,6.6425291066989,32.76235449468019,475.5293635568737,0.0850104394560471,534.1816238845178,932.205913842427,1.161191544358012,1393.24178309833,0.0242956432585978,0.012621595633099,6.235788294764284,4966.614323326299,0.8901283695557302,0.928914882933271,0.2099593576636488,0.941209856503791,2970.785879652933,0.0090298334454498,54.56070344003655,0.0259826149581692,357.9084780804236,28.4667,28856.32781905265,2997260.138334544,567.1837539006981,0.0132955003371117,2.18182,0.3558444106068769,0.4112696432344523,2.66496,0.0152582571274282,6.956772146756526,0.6461069503791532,1.09326,0.7778899266506195,0.538301077994866,5.667322401127942,51.033305205438666,38.465790753803454,53.67320443740715,58.29373842960023,50.4659608220781,545.25,20.70297667052272,0.6451703871010891,10428.79399927966,0.2598564034886759,17202.945563027562,11.78629398552506,189.620910180276,30943170967.69667,3.527590718968116,22.77798638300949,117.3813648522178,653.820110211573,47.473233547336086,26.68423406982423,36.8752696842052,-1055.39,144.178,7.997768106849047,1058.1557772007377,-1.6744416283692596,17894478529.04324,0.4290799070722501,3946.2687868062776,397.5453621998414,1066301.0314601082,12599.727614793946,0.664828,8.028255356497816,0.7729344099112818,1.387820013960635,2.0762230109604305,8.215755928806704,0.7842182228189173,0.6806676961343133,0.999872,0.9760183822635768,-0.139186714673273,0.6549019298719021,0.4498101322309361,50.12267217768063,0.2858826566402173,3.426238547752524,0.4888300667767869,0.1391899978987704,10.2048,1.9086570203828204,4.040280181862303,7155.486268450908,0.1802567807673648,23.13861355128091,28.9544,5.7292765696427015,8675.610805054259,0.00100254,0.0135484339139072,4.662648900951246,106.226,0.426784233137988,0.6797717755799488,2.157006214141709,0.6095783378969271,345.24225689045625,0.000389061,162.4281508306952,0.1435690301487428,3.11374,1655.2592179734052,141769.73424966348,63095.6,0.225683,0.00104556,864.387033756355,0.3600232013777191,0.69512895168788,950.8557569599164,0.0083207135361614,7.064788848841147,0.0566697562339814,179421.5700954924,0.6442589332155483,0.4193546239858705,9.135306254322735,19.633151957400173,58.3714344819814,39.778969115484045,36.671141355748325,52.140261871678966,548.583,25.436671597725866,0.5558690204941447,10607.739625696557,0.1775606070725772,3793.59409889274
ID-195,Center-4,M,0.0,1.0,1.0,0.0,1,65,92,1,1.89383,9.270199470919165,8110.21,5.859404747244428,1.1231499574471144,2.078074164167381,5846.080329781789,11.193977494197858,8.88105159504415,3.1380089454539366,7.786723589320366,2.6235755070256577,4.366259761586865,2.3576604976150115,15.19185061095359,11.10271071513509,-0.2101853054756841,712876.9320440205,3190004.964137461,0.0498284272785017,20.61731869300604,3317.1759659931986,14769826.759216173,58432.954146740805,1484.6811166451753,51.506345565996966,0.8882169532054895,6.047679275419391,4.4432,3.651795683994053,0.3736724670104701,0.2219055354703505,0.9939964634118732,0.9314350650727146,-0.2418252253012414,0.9337901237186582,0.1621601100023904,38.47571955317802,0.0123801517247836,10.472466111765854,0.9018996053851044,0.00134553,100.00902223062728,5.576787630681471,197.22940370734472,852.8510824873396,0.0114843279565752,167.88346219767186,2433.8283912447123,1.2920713917382711,2206.201236747541,0.000408215,0.0346830230947931,5.516952425933964,14619.615640562522,0.916132780463346,0.9370740256998324,0.384068031243772,0.979283,1563.7223148640824,0.0019225367682137,1.93333,0.0171562653946369,335.2177670936262,28.4667,63262.26883978027,6485.56,448.4200878182805,0.0425457206249938,1281.0916882817962,0.2747447017137323,0.6390188759519279,49.02986002376196,0.0309554246205835,8.229692139952144,0.3192508151626864,18428.10217273621,0.970114,0.5796030794885375,16.41028894112477,52.95682572511255,36.15560736212791,48.86870765283617,14.27863175538022,17.66495985291351,5711.21992039276,37.605700645353686,0.7334755663021542,7840.452382304615,0.4458227016383355,24550.02742164396,51.3066,93.62213602661048,37838591571.05499,1.3803047023236523,10.357704621514069,103.848187436271,603.5715534815503,74.82915124855535,30.592535039794733,34.87608231268527,-140.19883922059188,491.9565148060171,16.733925744060837,1033.9315734152094,-5.969599208078636,526132000.0,0.2262790957251595,67.1971,2226.335821191308,657353.4143065336,1441.0680757331586,52.96589038849619,0.212363,0.7324239032225518,0.4995430661323963,1.0631702696955525,21.06485694655497,0.7415193759683443,0.855048403341808,0.999328356029574,0.9909959788427816,-0.1358065340145641,0.6627041003292669,0.4384336156439441,31.96882029752151,0.3180070054990287,3.786854522528405,0.6205113134587597,0.3343398600525495,48.08412972269856,2.035665949494171,0.224451,5240.250552544412,0.2468337005830979,43.90687508881573,793.7234425000133,8.808350649583318,7524.744854859833,0.1381818648707016,0.0139990221958246,4.395726957632909,106.226,0.743155,0.7342253928405043,1.281870553620305,0.6911238189478988,459.5753983684556,0.000389061,20.9153492782711,0.1466474774925299,4.987787909594424,2368.798043447668,739025.6915900144,1391099188.4104612,5505.813084637406,0.0023130787609197,5.90323,0.2853173109791144,0.6871115145971329,6.83919,0.0197316816126174,5.772933875427247,0.045510489991269,557113.2032059963,0.5475796778040191,0.5426433794057685,20.29895755121456,32.08792402806362,37.359418537638334,71.38112279943986,50.0079529441919,49.27704937621703,44230.974941091714,55.97836960106908,0.616467665657366,2322.3021122060663,0.607847805321032,49137.46716044885
ID-196,Center-4,M,0.0,1.0,0.0,0.0,1,61,74,1,4.498857493900603,4.688542579983741,2605053.358089369,6.576750911057646,3.154775094415839,2.9643775128346723,42458.88003111532,3.8637,12.034867046912217,2.0724219346689057,9.093155850990977,1.3737303784468695,21.47955262642334,2.2273380857739986,12.040960927081526,8.526075264306195,0.20720974061054,108638.80719550568,1223271.8118762162,0.0210324200779535,0.1453676891909525,43.7843,14465324.046104562,7135.078510462861,521.5072790657596,4.516055656713505,0.9634338297612228,4.291268424293532,3.909478476161096,11.139766157130191,0.3732902984408718,0.1948021212093301,0.991705253708381,0.9457058256387748,-0.348075449428303,0.993989,0.3673499492860289,37.98057129387315,0.0053886307722722,10.135393944142455,0.9131489064465228,0.0145038115634388,25.127332558951217,5.459422102907328,40.28345183645596,662.4109288680842,0.0539901426713164,368.6310061086633,1907.25616625902,2.201337185388424,775.3133933512931,0.0515915358177495,0.0356351056369504,6.555249049360425,277.587,0.8847174963252998,0.8792181681018667,0.4554117102871525,0.910797360171434,1602.746429325748,0.0138749334710802,138.8726037523679,0.0133328115402453,255.9019047741548,1813.530807658823,21153.323810813,9347075.663737465,342.5445761567883,0.0704772591020866,1757.3559609720676,0.4176750385117388,0.6577101855326307,2.66496,0.0258312108090339,8.2472071456679,0.4845989852444866,6994.912033483503,0.970114,0.4694744856854078,13.735456497187448,33.961894384894364,59.15352852933427,57.24079480886705,45.81145668279933,44.124006627982446,2313.648078631152,20.078849391376387,0.7249024472164668,6073.647012779718,0.2075510954446161,40171.22360574208,12.807287093892072,156.96042222294045,11395590827.956083,2.428725004770627,26.008267857638025,3.83943,66.3085,34.372978428818364,27.64704560150384,46.45953848440124,-32.3284,1352.0952384629963,16.649615343557425,1069.969918539531,-4.329210825131816,22715149013.204163,0.3135694615727785,4997.546951080192,1484.9972078254002,5.8552,3561.250237153108,0.664828,29.25335280577721,0.6052367671119377,1.151405746377241,1.143061655943753,10.167716094480864,0.607058191018414,0.7368244754559614,0.999872,0.9802360643616772,-0.1819925801806315,0.9229523894038408,0.3531344304715761,54.5638442702108,0.3496888170837958,2.949711393196601,0.7119738668201188,0.4526578745098796,10.2048,2.559545840836407,20.584523130613423,1748.2935341684351,0.1475362583638997,15.15255138556991,28.9544,12.636021072597384,4618.287602447013,0.00100254,0.003222222533523,4.663343731931493,16060.6967230351,0.5766076473323565,0.7377357785674242,3.5539185571072776,0.7092941017389398,2051.4425170959657,0.0192771986295085,3.90476,0.1104187884110643,49.84124695978544,1101.0139875789205,102152.81277424026,668174471.9216529,6383.135133687126,0.0035761238551255,42.77197315968495,0.1795231996261421,0.5094407295796602,6.83919,0.0107191009174384,6.650500139154572,0.0263782666780941,1100313.010479291,0.981698,0.4897161258843716,28.97905691677541,27.25402997970499,28.08825951754793,65.33924362296315,43.97469622697936,53.76328694534898,32942.82973878202,28.85196338556712,0.7033848131093798,8244.22019352161,0.4432298630804475,34548.24042760915
ID-198,Center-4,M,0.0,0.0,0.0,0.0,1,55,55,1,6.675343552607759,7.027654068003617,2811967.5534350853,6.8484,6.788405760632093,2.361627958216012,15370.703119821344,21.76986820045041,10.785297954461996,2.728343841759397,12.296950812540183,4.443093511467726,23.38714456496617,0.8666193747754113,5.535038963194177,10.746607011075882,0.2694383450629882,133067.17690178563,4015832.001058069,0.0225909622932566,9.00255669295056,2365.95932242158,1622950.1952511691,-34479.2,114.97713680017236,19.6083880013488,0.9301549763875248,5.61816005939686,2.903817404689983,18.36256129578762,0.4305644735048647,0.252962574575211,0.9913222229386413,0.9381789608429668,-0.235993,0.9653675133281356,0.4026509164024375,37.63726653786063,0.0068991902481289,9.727500569320265,0.977199,0.0380176375890093,59.24010903104831,6.823427369424816,112.33429796861108,222.3566250031372,0.0850263774241752,278.92270418585167,2509.6145044069654,1.4981879057455323,2193.298504957497,0.0393535158163887,0.0058808797026703,5.80723986554598,19345.150700973983,0.8135423607361133,0.9572453933895676,0.1798768107218519,0.9481419720462804,193.12518373393047,0.000379169,33.2737999695603,0.0664244445240512,375.3710378258907,1431.8833214044691,20250.15321443964,6485.56,439.1772449730557,0.000476227,2.18182,0.1513823946288834,0.5371238065150402,2.66496,0.000418855,7.158519661498394,0.174323803777855,31076.015616073644,0.792902686142676,0.7189144250846536,14.694950129132629,61.66454052469653,40.77167860699735,54.68381584991486,44.81793195957815,62.172793636810106,9197.06054429782,22.442129360564493,0.6423308202347127,3186.226122599316,0.4501015783513047,16089.91182369728,-82.31883866694463,63.71081356256302,29272800231.507504,2.191590918932273,22.790503939161862,174.83929528393156,844.6017073277474,36.34592699073963,4.12072,31.68942297804232,-640.7531667059967,1831.7678744285809,18.111523248917727,1043.6689491155078,-4.289584396871147,12409573006.476055,0.1084961133889128,22662.520256816548,1013.3445982089448,111877.3269571501,2608.7966825396497,0.664828,0.212363,0.5016317718047649,0.5735131793434765,1.637281726319869,14.477867178862056,0.5617230338255629,0.6680338658110764,0.999872,0.9820252410171438,-0.0551586566752984,0.7389638808628232,0.4437083347808764,33.0309675860399,0.0215449473295379,4.405153352693775,0.7295495120670001,0.2738654011752971,32.42723024249668,1.3818104866825636,24.8104471797377,49.2996,0.462246462392075,48.62412374711749,916.6024594592068,4.261770538196305,11974.10511716971,0.00100254,0.0105420416796871,3.932433596060426,106.226,0.4567312716552176,0.5259264425351075,5.7597131421332834,0.7018617449565259,525.7033855986997,0.0086250931118215,103.7206248630096,0.1605520542401763,169.2370849267651,278.21748883831674,214.609,246198670.7093045,2031.9067457518247,0.0211053502686524,1428.8242845797777,0.4315613002209608,0.6177412944150568,6.83919,0.000562722,5.655634725263044,0.1471485104290172,590175.0694444582,0.981698,0.6218604190686314,20.052366685598912,52.76828534220948,47.25208289825751,43.42370366854344,23.43151906373715,31.79902874092336,19522.949933789387,9.92882,0.7422226800572539,3653.1638526830266,0.4366914519300606,562.0
ID-221,Center-4,M,0.0,1.0,1.0,0.0,1,64,88,1,5.721859816635347,9.841463996429882,8110.21,5.071306813755524,6.631417241286458,1.79041,38866.72713424408,19.519831984646867,4.645522871048995,3.289785833281581,8.357200429335236,3.16588593911022,11.646309812790316,1.236183067625629,5.865246260073965,28.4477,0.5239802699457221,2087.32,2952464.406611967,0.0353487094082074,17.666083715958806,1607.2116950103148,312.508,21128.389915231648,1386.878017138156,15.01480313511419,0.9276802657484904,3.0728363861520185,3.899804640941774,5.117465332612349,0.3652541041910714,0.2503019314301861,0.992778533280498,0.928679984961487,-0.235993,0.9776296422489226,0.2967922102131499,33.86854849556192,0.000347025,11.160380299266,0.9098346359217092,0.00134553,37.71202859898322,5.200084682824422,152.00713021930858,325.3729814909371,0.0287431589437229,237.59971243898443,2159.5433962118327,1.2783880055889112,979.4138725832304,0.0392307254028737,0.0130911196509134,7.10604,2487.7276601782355,0.8882982097938581,0.9097445850975424,0.3224595904731749,0.9389386525591872,2850.0953266112865,0.0111888893561376,256.6390873392106,0.0235760740539173,79.07123526188914,738.3587884694587,3078.265906436414,9053696.041379064,222.1209461911029,0.005393998566503,1721.4051618052818,0.1913786859419217,0.2437379383695304,204.03209772454983,0.000418855,8.83279,0.5926098205938304,27747.107851168043,0.844928988146712,0.7940186316915322,32.59740789001622,39.92963144209469,54.03024349906492,57.49641600354551,40.69891941959818,46.4525526308285,19298.62238403425,12.426816071248837,0.5626545195052233,3777.790791803584,0.2737852651037949,43206.46863410687,51.3066,107.56298305107272,2596637860.7769814,1.9410131953513523,26.97983966109928,56.16755680629384,1410.379295354558,66.4358804273111,4.12072,50.46922819569828,-735.4919775883536,2047.830955114948,29.378588924328024,1036.90688061022,-5.196407178045103,49550664588.80612,0.4600811831536293,4848.375189620025,1849.586965603408,970507.0052760096,-7029.034529327037,0.664828,1.4468441223969748,0.8123474096730194,0.4707422716495852,0.8864509688410547,5.219473873790252,0.5862454991582778,0.8791486555769115,0.9936458134637758,0.9812622653026548,-0.0526266,0.949142,0.4209809728584328,20.52516517003891,0.1141830966796362,4.827469387818823,0.6149424979342919,0.5298896713469078,112.432,2.2782494201061345,0.224451,1087.8419022404553,0.0855993289140077,0.610339,28.9544,8.464467894303963,1841.0951627628208,0.00100254,0.0151524232357385,3.6968014367722937,106.226,0.2440705018829252,0.7576542037225271,7.152761360737523,0.817809824678474,1014.5160420107444,0.001545791933093,3.90476,0.0723948388276461,180.8322805164021,430.4975912502671,1007322.336915936,63095.6,0.225683,0.00104556,430.1696878714597,0.2333952011419278,0.4667538701040354,1224.9215889342563,0.0090486936094058,6.265433782155685,0.1150268757769814,379496.5323665064,0.8341844012716187,0.5933486013053038,20.11766429701762,52.61614715644518,37.09603675699701,47.33232475061526,63.81476262964088,29.575007547559416,26145.89669967125,26.06755815769588,0.6430170994893669,3758.504509794164,0.2284508471793991,20620.3294150016
ID-223,Center-4,M,0.0,1.0,1.0,0.0,1,56,99,1,6.537423368191068,13.064841585945858,2857502.8488426544,5.612014503703386,1.6462392820119511,2.477384607589352,35212.210291812895,17.2436023865171,9.982274751351325,1.0305545028422876,9.7296379363445,1.370892472300954,14.777223436804142,1.7904940119623918,10.572147763693756,9.80117198781338,0.0703086419581934,347631.18637326866,8110.21,0.0371660731743989,6.989825346945265,3012.705777282676,312.508,-21411.965677169035,883.7712628408196,28.478635669670712,0.9450837163397858,3.822759547038737,3.614082955181417,23.8180924440524,0.4052339230173736,0.3900815268585574,0.9939241557710096,0.970106,-0.235993,0.9821074946428648,0.3699076538571867,57.23462707965994,0.0009249641385858,10.55094695736616,0.9433324528291118,0.0089309887970754,69.76111713416704,6.720409205585374,159.04452948571162,342.235690999211,0.0384680650476107,601.5015927514454,38.346,1.5633534795562445,2630.6647060057885,0.000408215,0.0133949855892816,5.554036054950691,1504.8935668255483,0.809250072125457,0.895234232736487,0.1032276528158732,0.9466000027261928,1232.377485423711,0.0162593130198006,1.93333,0.00977157,6.42722,775.9721278057553,31016.84085212905,3068213.4135675235,41.108423252440495,0.000476227,3491.85700437574,0.1755646871154803,0.7057596515334557,1758.1448394086278,0.000418855,7.266938770367719,0.0498984137480751,14275.981767931711,0.6977929420922772,0.4291161672808783,24.46164602413652,39.3609078570383,33.99036095351947,73.67484179746992,52.29268695857337,34.0292607941621,61397.34104527759,17.321754650394293,0.803710240290246,7052.456529690222,0.13282,15821.51228514434,9.70686164538682,33.3375,48269547063.26375,4.28095,39.91462211967112,42.78322135591311,111.39664000719388,35.63975179869863,64.79721569239338,62.6716947487778,-534.9970603334224,144.178,19.339992428719945,1040.481904473849,-0.3349321623342415,526132000.0,0.1915840850173444,67.1971,1066.0330151844032,5.8552,-8146.545558862103,87.18047246367257,0.212363,0.7924082004808024,0.6861160394959198,1.821550246208474,9.909993359515942,0.7233234038582608,0.8752291010340392,0.998733990117175,0.9928082350247044,-0.1878724985486654,0.7068919570567153,0.3458927286773318,49.127780895373554,0.1592226700468967,3.626887662044952,0.6774595661144682,0.0828979956550065,52.37188526373679,2.1497989503887287,0.224451,8637.181471918218,0.2544610380850109,56.65135874949468,2544.867639318284,7.486108477340489,9482.991863001704,0.0972067377036185,0.0162829705139527,4.456089077417025,5587.810109574652,0.4379655659641627,0.6245894534809433,2.2389314612806905,0.7772595783405698,1307.1115706273245,0.0009575154196369,25.97785711337132,0.0696267647851468,44.47234703797608,30.1957,418557.56316375366,870874179.8044578,3722.707657602337,0.0431474419982186,5.90323,0.2736767325734567,0.5416453487943124,29.30448501438501,0.0155385077203332,4.984717060675648,0.0314793128834068,600034.948060027,0.6802247636208356,0.8308117494762801,25.093476084221848,34.67209784533097,60.05008569687827,57.22361039299712,55.066584134048725,26.02435923649093,29879.793651479475,22.45860982621701,0.6855321807335721,458.685,0.2473673724192511,23523.46449978766
ID-243,Center-4,M,0.0,1.0,1.0,0.0,1,62,93,1,4.610735964694179,13.878592361276436,1041415.5123334972,4.808647780718031,7.696578198074433,3.449475825178009,33864.82698608926,8.882080931464811,16.676450857103205,2.164907415939956,7.575268703249021,4.339248255963702,13.25669486559027,2.836093932078173,3.358356793781541,17.80440270608949,0.2558847043967117,2087.32,757474.2267052801,0.0338259606665936,9.517201904200302,2786.3429463513485,312.508,19484.498899658345,2399.732512526447,0.897676,0.918422054320004,1.3799633243867078,3.5725690682046123,25.596862146429523,0.4334586203421608,0.3823642977309626,0.9960355336800994,0.9328441666290191,-0.3182396854036461,0.993989,0.4887560408783621,29.05827071798114,0.0148813628855555,11.8075,0.9680235656028372,0.0048026938415483,59.443499112343375,5.409543552664783,663.4015118809771,238.32151092173865,0.0461687942244709,453.6954269678961,120.19580395891988,1.2980098593287936,4040.623243807679,0.0238286689548243,0.0181322027546839,6.570953299106375,6752.62114364923,0.8611112372260441,0.94425612979411,0.3469310985975301,0.870842351450114,579.6300027303234,0.0167512710060345,145.72131964442897,0.0518469433530367,247.07353344333865,752.710709411696,22586.0834399484,6485.56,0.00123903,0.000476227,2306.887468963724,0.4378331344917489,0.4405409338935148,957.4294712695464,0.000418855,7.828859775682876,0.1651511575836806,1.09326,0.6477955299167268,0.7606069308100201,22.92980546328636,35.430320906312275,72.27487854636911,14.203674212288494,49.30863700142774,55.46270195731676,24276.567440498824,30.704325675217987,0.750944427396893,7781.04107908063,0.3930215540247353,40666.46219628144,-44.74178155456536,33.3375,5796756717.427572,2.7845322543707893,13.061602614946604,3.83943,148.48025380725323,51.79019927122552,40.38755116954525,38.24704199336336,-32.3284,499.3687043058967,2.31624,1042.3392454734787,-2.2810685812121108,39794177054.880936,0.3105648342998505,2451.7167796651065,789.165743841841,5.8552,3250.5150870701154,26.064956678113667,1.07664832469494,0.5381877745618688,0.4620372409995551,1.9922718226146603,0.181279,0.57409030618112,0.877633467061797,0.9960713654443224,0.981647134547162,-0.1806056290187028,0.6792641019421488,0.3931320336181769,42.39931625310965,0.0125889,4.295234702730009,0.5678449252930642,0.5949498160847477,25.21822629058052,2.085406767339275,0.224451,669.5973092145992,0.2662433424267967,80.0158988428124,99.43757243839696,21.359103260457267,4960.214904291774,0.1098571135493996,0.000499152,5.141137663014392,4852.437196012595,0.5263316803702474,0.3371455701963196,2.504033690808366,0.5872833629206131,610.5661329832293,0.0025948896145104,20.454188512435543,0.1304643263225664,126.21685210746917,621.1390409920145,214.609,625424911.9326735,0.225683,0.0442196969699332,190.9378393508161,0.570226,0.5758653611809188,6.83919,0.000562722,5.535122317346657,0.0543462419388309,555065.6574948081,0.7181426419961879,0.868571,18.80968872816228,45.15326470931919,51.32525484821853,16.45283032638735,12.1655,62.18133281445465,28721.18145008053,15.336085238001106,0.7055629671221156,7009.203007871379,0.4375649035863431,4143.137609386129
ID-245,Center-4,M,0.0,0.0,1.0,0.0,1,65,55,1,6.724222379152875,17.477173469852367,1458267.2691172943,6.458089984084954,3.383904240483946,2.2896322652122367,41629.33288378384,18.592272274047936,9.80475064700628,2.7158963143170625,11.468056348351205,2.205397900076947,12.229004849792457,2.241205048407674,5.8016119589844815,13.10962776282098,0.7451168728826559,54663.8472614421,6714600.353134658,0.0681203330220413,0.134882,823.9746526968254,7193913.836928202,47825.18623716158,2702.4068964584567,29.54997209672304,0.9075151749267104,6.647118612947656,3.8157247639076495,6.492983894919406,0.5153079306274474,0.5269774618790983,0.9940222336282584,0.9656675230494184,-0.2859920066077648,0.9564195826925856,0.250311441727369,58.55406429859433,0.000347025,8.556020795788733,0.977199,0.039451024108205,60.83141621820575,6.520042434443148,188.92253021178988,36.2218,0.0381112060001446,694.2124187618269,38.346,1.5063856689233424,2571.9291813147383,0.0211950347140688,0.0077280294326034,5.686243467174231,13718.389876872108,0.7392813128263266,0.8539003153740563,0.5996451967419393,0.979283,1533.2694316498123,0.000379169,94.63775466043492,0.0536153767899174,6.42722,1412.9921141842744,3.34623,4132481.337996693,202.576942234176,0.000476227,4622.243301657602,0.2798095558033087,0.4038919862328265,2.66496,0.000418855,7.938140777018162,0.207387238492575,15360.820979567528,0.970114,0.65905744737896,8.31725236146314,49.46428005588447,41.66621520138196,26.52802459660227,23.51697585372053,14.7986,15351.555936599554,41.78823364215623,0.843337,4586.223549802138,0.3141498622079257,14672.457586105897,51.3066,36.602653300717456,2868513107.1518555,2.765194280653827,61.2956252522378,167.42633874468868,996.055707858274,38.43006414260695,62.299217254750346,50.65414527644749,-484.9358195800841,144.178,15.2549036861762,1013.28287372179,-3.028290030061944,34275783288.7686,0.0808784,67.1971,2444.112725602419,446219.2245193365,-8814.833594266209,0.664828,2.87382958588368,0.8693291145903856,1.144204708914154,2.229605874554601,6.67957603095148,0.6697180250192506,0.5592426457209804,0.9976045342305458,0.9651324440078094,-0.1518799093816811,0.7910944696650245,0.289929161293085,25.88412488811538,0.0905483425093989,3.613561377237647,0.7572109243439313,0.5960089224326234,73.18632397972311,3.996046844023208,26.932260045424165,49.2996,0.0769726,9.481057271225907,2297.557774838056,1.74669,4772.96606033189,0.0390716616689005,0.0130676066116994,3.802863849422069,2999.6863564184446,0.4685987087236999,0.4803994985468618,1.4170181989423605,0.6120318489792247,1092.146292422723,0.0156389435168181,75.34732747482579,0.1019204299918978,3.11374,693.0224969986467,131498.78985678524,63095.6,7800.606299327544,0.0020037266523456,5.90323,0.2440627413810842,0.687288308058135,1413.9983632484675,0.0034794118069065,7.67214,0.0836729347372788,568850.0365002779,0.981698,0.6007301417185688,16.561017647878867,33.31370553556897,38.70816398502345,38.83655526102423,29.754188336155465,38.84017672025209,14944.048176661792,25.63470542054347,0.6314387194208103,6415.629504917027,0.4464537572150262,4158.709150701023
ID-251,Center-4,M,0.0,1.0,1.0,0.0,1,79,68,1,3.98371450805928,9.678455277158124,3040696.5184004446,5.980282906642595,7.211481690724751,2.380095458961093,49120.488231561096,25.379822984923337,19.36652353243086,2.354645387595537,4.707783278053179,2.8937577958351177,17.410196430403683,2.86939010822745,9.511065870833072,12.814702935130976,-0.2781333024862829,261176.93201697545,5671775.65931611,0.047313573518344,15.17480938128928,43.7843,2605082.1461361456,8156.489518990262,11.2113,61.77937339921283,0.9458059724601524,4.868846863231444,3.120191373533614,7.97547942612494,0.4945303953072889,0.1595858113650007,0.9958365650106308,0.9418869009701856,-0.2732103463799947,0.9874630945621712,0.3531566454169608,28.742555556667863,0.0150003232391592,8.627056882272054,0.9198736825971756,0.0504831512419195,58.00933894800055,7.146564747357863,136.36132218221212,962.7756843004508,0.0261825227539111,404.5152994571412,254.75907858455616,1.3735820360560478,3125.2566467830347,0.022514520009087,0.02362616699074,7.10604,32425.484221877203,0.7980508727628333,0.9215206738898972,0.3184352862102729,0.9647922124707284,227.3598883643892,0.0161904982728368,147.64395818320776,0.016749899792637,559.5709294737004,800.4552125681307,80720.02376057001,10209205.643659629,367.11839815047904,0.00631195696796,3014.840897484979,0.0642722,0.571384090882428,2.66496,0.0208751874787545,8.83279,0.4713974352527644,4082.128717629384,0.8860630487652322,0.5937935520357143,8.759162807883708,20.94017507273037,47.68744626097428,30.81686528490364,46.06617951557745,39.00936165606619,545.25,34.96738182907972,0.58229177412507,5912.202843317059,0.4810574821364046,42676.138787970165,50.07624404333349,33.3375,16028716872.83291,3.2837192830918225,34.86857997811667,95.2747842120296,304.37732591102,60.62598926522519,50.26687334509328,48.24106713215124,-291.7294832324674,1223.7255537530846,15.536380981570428,1051.2224855368438,-8.01541357764828,72484774191.7802,0.3346171409726225,67.1971,919.2593357682056,354933.6612056704,8462.546878872527,0.664828,4.269933608591694,0.7702558210488103,1.8692492419546007,1.720881105211781,5.489218435852445,0.8649859858382152,0.916126,0.9988992706687024,0.9775582020151224,-0.2016990360138086,0.8614250733211345,0.3502018718243173,31.27854387356306,0.307742953903812,3.330553405953003,0.6350305015148456,0.3999021607648941,65.42248461143772,2.5444274628054107,17.426131307154133,2638.7433037126502,0.3023147053819202,24.35510120676259,28.9544,5.0873952796289705,172.295,0.3163921351865073,0.0041558384689427,4.739115840186658,14742.034894736018,0.3805296769129387,0.6424401515301785,6.875070054349344,0.6094182582352916,756.0059931386756,0.008321236319919,3.90476,0.1705096586385581,18.127551381152337,30.1957,138111.25473066213,63095.6,3279.210609204457,0.00104556,347.47585708952244,0.1721986352161917,0.6509776792782423,6.83919,0.0082503494918155,5.801975840156261,0.00580198,24924.632306366228,0.981698,0.6417161887923487,23.612518779347745,34.4932930264636,53.012995353276,36.17763748161483,23.831022746207868,26.21153218411989,24398.07174848644,25.94452887326103,0.7337526890511112,2362.982701055036,0.5267154719827128,16550.860335640955
ID-261,Center-4,M,1.0,0.0,0.0,1.0,1,66,82,1,8.637446575549054,5.86085371666356,6227836.346501878,6.485651317605093,3.1289882522729826,3.271977804208567,15205.340358488636,17.286621482621214,9.966561297682116,2.6747131986088464,3.624175378410477,3.376987895843633,14.524663953750112,2.787306695883755,3.6793125162042655,7.776848514337601,0.1082025265460809,2087.32,3445518.0892976224,0.0581285904484619,19.002617770001542,2510.6824217549106,14853323.366723286,27812.11334097594,502.8691407564251,30.15423239355932,0.8945675256914599,4.809372739130913,2.8005665069169363,12.034076499638282,0.4109999271582029,0.3306410132768174,0.9958120801119968,0.952142152659277,-0.352019024051693,0.978059362478674,0.3834128188617938,40.75209339372653,0.0204388300545176,7.633185027024078,0.8732791070702577,0.0144399745166183,41.79485886793434,6.055362456242528,329.4495368203678,1584.5353854120565,0.00917615,3.51945,1442.4561967552092,1.09603,2207.564775346117,0.0129020343196703,0.0091537735365311,6.688871997662803,1426.5274409242425,0.8760385929677794,0.8376919271458106,0.1132020753239546,0.979283,2321.4911041882924,0.0264042762128136,85.42776219670304,0.00977157,375.9340007197082,28.4667,3.34623,5529154.766750369,411.4403443296572,0.029081718899753,1392.6260229192728,0.3050871860941119,0.4244874313211452,802.7749703231051,0.0044195899122401,8.83279,0.2724221023964844,9620.400193001296,0.8036477315131777,0.2914538732536008,21.868677144426616,22.28862714223212,32.56926660847476,57.58766569654918,57.74434725741445,56.12097041726812,15362.344978073112,39.57629065909107,0.767736268692697,5558.986815832105,0.4429395450673531,51972.40042158295,7.92669416420037,54.46150121838584,51115781591.48831,2.2502040739315814,40.85112667595464,11.2387105185772,66.3085,24.706229123242647,51.41898538910478,53.6548826367194,-236.3195663978397,2023.5107497528995,5.859733631735268,1055.1119318500914,-0.9500584042820444,15594968996.2314,0.32441440512733,67.1971,26.3153,5.8552,-586.5423544167761,235.99957616049016,0.212363,0.4738899042597289,0.174711,1.180177837141545,0.181279,0.8830809938576147,0.8135703365094319,0.9897770977451872,0.9889558868069532,-0.1986788360319473,0.7791409753480502,0.3948054851180937,29.82148804143315,0.2070365983243406,5.532219268792752,0.4807654937919263,0.3272711180830479,74.32642611769877,2.582792974623373,18.845619923302525,1364.194386853878,0.3096133037039591,63.88446838042114,989.595242119683,10.956546715964343,5875.9394526361175,0.00100254,0.0086972544224067,5.012380669317903,9269.452731932375,0.4066329109897138,0.4386349067167548,4.005922679021271,0.778616208833715,1194.031042681842,0.0120338426961068,75.82680562320125,0.0602848934023528,3.11374,683.6606345897737,93547.54194848832,356080566.9994079,0.225683,0.016879050078767,137.4243570090576,0.4287447870666536,0.5785207301390225,779.7940898227154,0.000562722,6.485111794203474,0.00580198,190.726,0.981698,0.5366507107592159,5.58834,50.27720117309762,63.32116415549631,77.14650520303432,34.42182966150871,53.92640206223748,10804.64074228745,37.69294216795251,0.6143535610351545,458.685,0.3616514008975254,61530.51467966564
ID-279,Center-4,M,0.0,0.0,0.0,0.0,1,63,85,1,6.9610916458023055,6.956270875584231,2590662.5550403805,6.072534362389056,4.3956114118278,2.7892120669958027,16445.595298259846,20.71161228281585,9.670569649322696,2.095731677954757,7.236099620059631,3.4852898691527283,19.70757397427177,2.9875812492359497,8.64541967054836,11.067360796357772,1.015558568636057,2087.32,247384.8222382381,0.0717063400772579,25.585774116667736,2647.4522187331872,7137936.412037038,-11012.953865973735,720.7460061393277,25.198824131714776,0.941884075052824,1.986087425145248,4.098371684550476,15.999235975196676,0.3644387192916047,0.2263473694776607,0.994572495854206,0.9490352517470048,-0.3081862514750035,0.9744269735771588,0.3189832881624975,28.62749532942172,0.000347025,8.130734810817664,0.9239537448043088,0.0143378140419956,100.59942071071733,5.447578387712212,351.2641327766813,36.2218,0.0627427982845439,317.47139188171064,38.346,1.09603,1844.204837623124,0.0411489524394775,0.0224587754048118,6.071817250874995,18380.07500872303,0.8794098783281765,0.8441972492151156,0.0454350756841314,0.9459628215883636,26.058,0.0151135511376308,1.93333,0.00977157,305.714104650192,2323.046197069306,27300.221380240764,6028636.296610249,0.00123903,0.0315065704285786,585.21578747548,0.2956758733313067,0.3989835825076411,1050.1905900869674,0.000418855,8.27987247554465,0.3991500560758135,34707.33382384231,0.6503794086170248,0.5102789283312503,10.95256491538088,35.68651046826619,31.440999662956088,54.430241429903866,32.98463161976586,41.68569067846942,4518.493227031847,28.88752369357794,0.6726556121659323,2917.72156766392,0.5595420155933476,49376.01122461245,30.960491394030942,163.9150780475968,1677647954.3551826,3.9102263308159513,35.24148297439863,102.21160401061516,66.3085,50.054805381216966,67.44146288738091,44.45064376690305,-355.1325635262805,1399.6438877827013,2.31624,1069.8071146557334,-0.492383721294304,21427244102.51916,0.2916192460423398,8846.25765914884,1484.82249165989,1475362.2325268977,-6484.824753458695,0.664828,0.866977619372781,0.8225386658802741,0.7560719816742867,2.621986084792624,0.181279,0.8247610503209574,0.879606932410094,0.999872,0.97904677683284,-0.2101595600905167,0.7519864219067607,0.4326708156916072,13.545515595937108,0.2919463554831028,6.351901900305446,0.5965734566014165,0.3204661294252662,28.9166008572214,3.2319172951207964,24.61992032709324,49.2996,0.2238762294371071,27.644882410717887,28.9544,1.74669,172.295,0.2309544476241756,0.0059318618306886,4.310894767252438,8804.979515243902,0.5215640007393381,0.5813847397084635,0.291681,0.7708411195928875,2555.06,0.0016356506506233,44.15062199848938,0.1389807593934925,91.9338589743438,1618.4528037545338,497891.7917826524,63095.6,0.225683,0.0328108774897826,26.351544626167893,0.186018494084285,0.5687774559280373,388.03588632251217,0.0250115924997083,5.721404111772083,0.1312066211338642,103523.68823468508,0.6171084326697156,0.521192261694352,19.51874795860985,36.011910085940855,51.99402472946231,74.38548906502116,40.00999928387629,53.34426225678467,29876.485109691184,27.879726266132423,0.597497173487131,5946.0515184979,0.132051,3319.6395648417965
ID-290,Center-4,M,0.0,1.0,1.0,0.0,1,56,79,1,8.210582420007546,7.512150023881332,923521.101883512,6.441529844077878,3.5936978661967616,2.847662372608581,8553.413806183116,26.913462296252952,9.852219357928847,4.2470404526064485,8.087777605565664,2.6245323897524777,6.175283849872905,1.2476184686647147,10.788023195328991,10.579964545824849,0.455045332886089,2087.32,5617843.126528268,0.0515832001343435,8.307756185132277,1106.4936997197,5305990.248068307,17618.529161362247,137.44424617357785,27.87846869566992,0.962319499543493,3.828264408377276,2.5623593450594084,0.393348,0.2179321685571809,0.3050523756574924,0.9978646882125622,0.9478614292116024,-0.311423834531237,0.9874034854114032,0.350273503750459,17.981029871360686,0.0018172909691423,9.486912299750928,0.9427381708870084,0.00134553,90.00474945057049,6.100183120623474,56.069132219377735,456.52490865177657,0.0198038978629683,542.4173177331784,3997.860528481273,1.456835976613438,2393.6785665065613,0.000408215,0.000384061,5.749038882282723,33131.24728533957,0.9193023255909376,0.8417303586152878,0.2117592936411373,0.9702073126501636,3690.303488748644,0.0121174548558846,232.19962178481225,0.0129803284221288,409.0109964532359,1067.0742576006917,3.34623,6485.56,0.00123903,0.000476227,441.8136595305666,0.2447028664554616,0.196985,1483.6819883947226,0.0237194277375241,7.193975968478048,0.3178576427067881,36513.53580841434,0.6637205950161666,0.6854261405979641,18.518307132611053,49.664414701463656,29.82973924250404,22.14425821516056,27.62134287454439,18.83654682914869,545.25,35.232084711947934,0.639843691612654,9616.998893136102,0.3166651891666381,27966.970087704787,-20.07435127689156,58.67157162689662,39011405582.09335,0.829978,37.71216705568053,19.29084169045906,66.3085,60.481048537087375,10.852624759385764,65.1334,-671.2761840098428,180.51157173109348,4.853475687994635,1035.2084590150428,2.782594334581475,30629277832.286465,0.2873611523799655,14816.651932505198,1071.9356292869988,5.8552,6415.217497385712,0.664828,18.69109219435865,0.8515838481817866,0.7549138691605859,0.9809823176213162,18.532651473124467,0.7288976136155113,0.6975093667937494,0.9970952054132464,0.9937244961160412,-0.143138637718717,0.6622519247511244,0.494728,7.422142824017623,0.1331123386277731,1.575290836834904,0.6953066516350448,0.1839713551435116,10.2048,2.174788513806045,0.224451,548.6947651524073,0.2917343278604437,50.39351304656682,885.1149771198577,16.101298942222062,1685.545309970024,0.00100254,0.0088064533424162,4.354199385017089,106.226,0.4498668550796207,0.4525114490221291,9.554345948389502,0.4278022284397587,218.49454135216905,0.0020561799539626,24.89017034563907,0.1279140629116401,44.52013195001557,745.0443281315738,234692.96674680203,63095.6,2571.900684370884,0.0457081803856414,117.72030610444408,0.3174797609725932,0.4910211337342977,1239.726172362149,0.000562722,6.19660332878602,0.0498339792299938,332604.929315832,0.7330585561270134,0.6243938745285167,18.9851476396334,31.76103703377421,52.208082338907246,13.0384,39.66447200194792,19.071634528855032,57000.99611637139,22.400950445092768,0.6296269298336638,5489.876374935992,0.1769771362839872,49231.12187674862
ID-308,Center-4,M,1.0,1.0,0.0,0.0,1,66,98,1,5.732163311841809,16.421116765878505,1725351.8977209523,6.314544778819744,4.3856144655184055,2.037931228357771,558.0,18.038866109512465,2.89068,3.424365483293276,5.410421486298619,4.7636318295614135,12.601804966055056,0.9985347933393224,7.93282171491558,12.58798358489615,0.7082489429863422,303066.33522368787,2336541.742303204,0.00914519,13.113575091570755,43.7843,3405801.6584977265,-12463.85627783042,1524.6523188147337,76.82908800234883,0.8978656779373216,6.643118484410241,3.084101334063454,0.393348,0.447916855454594,0.2819101539826855,0.9957231054746788,0.9529519809790674,-0.322151973875638,0.9753011012561492,0.1063527149657075,47.59026133540856,0.0204393145137022,7.847496458996187,0.9363313996701496,0.00134553,40.032902269969725,5.652398863167889,196.0091428150233,463.75807265900016,0.099139544647117,298.47220369461525,936.4636483218594,1.8566941512053952,2746.880365386789,0.0266554877045815,0.0138905094205124,7.10604,277.587,0.947064,0.9128064708703404,0.3034018731572814,0.9327554671384698,1006.0557231712525,0.000379169,61.360015857916885,0.020656272094388,99.88221984198934,207.3759654225453,15810.036475996458,6485.56,0.00123903,0.0988005679365185,113.50683842628064,0.2360341100500284,0.3597855556130461,421.72783925517217,0.0105037421817213,7.821115952443044,0.6573218715975055,7683.638501127372,0.8299614503326572,0.7024529204233897,22.843798921292205,35.06931062438363,55.10893610888892,90.16501949296602,36.32287268906882,67.68124998406294,37535.63696881749,36.119998638059926,0.843337,10494.308053274326,0.3048718267638209,22661.93129038332,-44.57644523141882,67.14197049134805,16695279174.525175,2.3529248187296905,21.00005728205208,125.02142672054818,210.71918150497697,42.83419476483106,27.5148796648472,38.51757872639476,-246.19886315211127,853.3308347891489,2.31624,1012.988720360773,-1.888165694056747,10777913390.056782,0.6431086411809486,30436.50085292692,2294.3967071826064,818562.8570485852,-2771.9817981392634,191.37363429534872,0.212363,0.5626438172216337,0.8207831732672959,1.4145590286058154,0.181279,0.8395555840845612,0.770995793583438,0.9928830917676044,0.9864043041066456,-0.2717021137269106,0.8015198408777713,0.3103625496581998,55.88566930979359,0.0406272169779124,3.082189249010179,0.9105631577566832,0.3163323182477399,12.566341779238453,2.59169898032891,36.1379717463856,2398.3091057619667,0.3053918395353975,2.6863439137639533,1437.506010525342,18.463667464266145,2775.413458269427,0.00100254,0.0039277901010666,4.582884808274553,11487.607936017184,0.6039644650085725,0.6056911374385519,0.291681,0.7158661071472159,511.51149215609007,0.0056644184417385,65.78106396848403,0.0604960238790504,80.36385415353732,1059.447415096791,485167.6517217151,1485607393.8252983,0.225683,0.0403229772134201,432.3865937046885,0.4269546971083284,0.7039618637843048,6.83919,0.000562722,6.242664003788881,0.0422385789267018,468403.7770056602,0.7583816378571512,0.5414271167828018,16.7753509439259,23.656205910384006,41.63008193011193,57.42910637106206,50.30774591443313,44.68856235761736,29439.72541445724,19.40533673082956,0.5707550530729512,2343.144793771266,0.4893662226595035,44568.7591732748
ID-319,Center-4,M,0.0,1.0,1.0,0.0,1,53,61,1,5.634749044755627,16.09313130296174,4420834.8356133625,6.12984257127941,3.7610647063047615,3.397556927060224,20864.420705081266,12.513356851049682,12.158056609736422,3.473501924614792,6.627480665327736,1.3143731738037896,24.286850442430968,1.3335318464299193,9.940432482031808,2.99426,0.568250844398398,138749.81908645973,721285.7060310659,0.0494613337036199,0.134882,1647.250623775262,312.508,60571.62955855702,206.82167000501087,0.897676,0.915362528359054,1.4599127735781452,2.4401123223668155,9.79179646907551,0.5170889159585264,0.097145,0.993115814690732,0.9557345098956174,-0.3259689490897443,0.9790263621054744,0.1488161119862694,35.904720064919054,0.0105967814141697,9.85656104487774,0.9636514886228048,0.034471379848999,68.44999880885538,6.103082072308304,613.4619949570714,535.9744513332947,0.055514221815217,511.7005491852505,3071.166519384254,1.7784009745881515,2194.0811081221173,0.0084443616688891,0.0022428631477975,6.150092767251681,13025.757148965497,0.9387744027231868,0.929905247386154,0.0353675,0.959200753398473,1513.055546083644,0.0043494266170451,11.27231109528741,0.1215981135412011,79.31062690391494,2971.586449039044,21962.50136954681,6485.56,0.00123903,0.0426006942658146,1679.9287153588675,0.1103952845464003,0.5052393669600561,1376.1294470173834,0.000418855,8.350997072612206,0.49135562839614,1.09326,0.7130883537233247,0.5783013370353337,16.601950418134077,51.20474565761434,75.47111769299586,45.48706917356369,52.12147056786624,67.4099863022899,545.25,21.4969644620262,0.5895028236544204,2993.024837722796,0.4278101869986178,27030.1945321284,51.3066,86.00640620164108,52771241560.410416,2.17938290031862,5.649264200722009,3.83943,871.4353449946118,34.137348448260695,13.48808608152929,49.614173244651504,-32.3284,294.87038855969206,14.775297630615936,1078.1933217325943,-2.727846643024316,18828218879.3239,0.355236977415464,11548.572368844078,903.7422401977128,5.8552,5542.32841329266,0.664828,15.051243499858526,0.7115270680579756,0.6435811385211541,2.0658978620790385,0.3796889229681754,0.8140105827475809,0.7574290084330576,0.9983928648705231,0.972945357600956,-0.1265929211853336,0.6170698938601924,0.494728,12.62294960291139,0.3251831687885923,2.795712425731839,0.7032359182224768,0.4722396988748879,48.35891160588054,2.331611314756315,0.224451,1383.7306214091975,0.1522474627785771,40.01099229122645,1042.723635752517,14.03092193091393,7919.304246980895,0.2480596919570079,0.0048895307022858,4.132969691023953,2907.741161158274,0.5121470935641824,0.6379873332789184,1.8155754754981144,0.7382873047133467,1060.4367211181964,0.0098164068548776,34.65990377938143,0.0152311,3.11374,857.4567486772808,214.609,55582705.235789,3072.1672549582963,0.00104556,5.90323,0.3637805832904115,0.782106,1533.3192609979592,0.035590573865704,6.269065844765795,0.0949275057836136,1005996.9783838392,0.7765178791367207,0.6406019084610464,27.18308696549453,40.68529253826869,46.32622886275711,54.89835450529859,19.93843237815151,63.38718998676367,51646.72541754152,23.947712470092835,0.6982898833208115,4035.986596438547,0.3987989964586212,50324.66304206219
ID-350,Center-4,F,0.0,0.0,1.0,0.0,1,52,75,1,9.298525974600228,12.976246843519442,577821.7285740818,4.508898096272372,5.380369843502577,1.79041,11086.36913395071,18.11298261855998,7.2593202047932195,4.969645161051227,10.521842517105886,3.153634668909585,6.838420392705077,1.80360707484018,12.307176262086506,11.78645905491745,0.2541423360302632,690282.9610591792,2567818.588559289,0.0428807797589726,20.51211738870608,1577.9001467417545,6380170.213028026,41504.28242965018,1158.8151704356512,9.354976188580146,0.97466,3.448103045253001,3.3087224196458376,3.905741030937828,0.4890098182408772,0.3110199532007349,0.9935523346893668,0.9301229627169622,-0.2454942480061203,0.9600868363954188,0.2733113710887966,34.53521423900166,0.0265007959538332,7.802243761969805,0.9445996750738852,0.00134553,70.91331952185355,6.336890698922524,347.28779771524535,456.48172894881503,0.0452163288081366,114.48771450660416,3825.1144856992814,1.803349614579404,3596.006728312283,0.056718155067867,0.003524954054426,6.509976185936476,21184.629177653336,0.862784530851803,0.7669166985011291,0.2816391887450576,0.8836287482525857,26.058,0.0126311790716781,98.42456654428418,0.0630175837729727,207.09727788852564,899.1591992939739,3.34623,6485.56,0.9195473914409718,0.0546275808233455,1164.5977224818796,0.2211351950942946,0.5353199936132329,1154.1192431545458,0.0104209583662632,8.147599644917882,0.1541552877926514,1.09326,0.7897921801792532,0.5314972287982919,26.63084152532236,46.43898795502565,22.18538431158316,50.52137701986238,57.58674422069845,61.964600166003706,9269.710035460572,15.397991620118818,0.7688684965270215,7527.087295018474,0.3982624799102772,21713.65578756856,-35.989177653449524,59.61275514643008,50585020710.33937,1.6977488497108684,21.498894389531944,40.24392255410456,229.32952583837016,30.41574575304688,31.29709038409748,53.79490572535705,-772.3680940858518,1235.7271767242664,6.798261699839022,1049.613654429124,-3.055534715744165,24260432436.90946,0.3327937603848854,67.1971,1789.1691186382268,1143865.0910852314,12755.67070502289,53.636350697432746,3.376456831145877,0.6103809359334967,1.1136255605642449,1.2122636704371534,0.181279,0.8816393820547719,0.916126,0.9967260364881344,0.9801131180641816,-0.1164015961216987,0.6630425046063045,0.3883860595721066,24.351198603728783,0.286415510526064,5.115488114868791,0.8340718346810041,0.1655703054413072,77.65674354076057,2.320025273522674,56.37143459993324,841.7377897947458,0.2156754301747658,73.63542561414502,2428.2238703310977,18.562365532021,531.1475761537513,0.0869687760277819,0.000499152,4.250998629339678,8604.356712940767,0.4742173926018518,0.5883635198497736,6.645913584765288,0.6947374960014794,1448.6409277362234,0.0156710173479148,49.43536654900347,0.2023521440409119,13.682124545903411,1719.2717786754451,269400.7611816763,439158202.70376754,1063.8815771960567,0.0583167456646038,346.9181951018221,0.496382010795495,0.4905291740724282,899.3472875408779,0.0314323184919839,5.70204234807086,0.1249760861542132,821937.0495776796,0.9399792834725896,0.6052711935153742,28.362322955362814,27.09408633220857,45.893501386398576,46.271567988289256,30.272107121114864,46.442296788125326,34806.433183716304,51.735744520892574,0.5818659696166248,7692.527006367899,0.3264840782748487,34717.86074662275
ID-355,Center-4,F,1.0,0.0,1.0,0.0,1,65,75,1,7.253391753625841,13.29280281457334,7248202.614527422,5.7418321869860485,6.494023791812299,3.163467654174698,10396.610833575012,7.195854131270771,4.799902400681569,2.152604123328479,8.593145164670617,2.2994250718321174,19.831714038945385,1.5449625903762692,10.18992522628654,12.938389672779149,0.2124603100546198,156069.314997447,2694741.314579876,0.1318215109779566,22.28250923728072,858.3158575669429,6743873.768831693,-26111.733973877912,1340.5850587145187,44.69962088383187,0.9200277399968269,2.8560538079849875,3.102528739226715,0.393348,0.4583774832000197,0.097145,0.995891848680594,0.9511844954367974,-0.3049576281557597,0.9895583004984568,0.3052335459723092,6.41898,0.0110632422177096,8.334860478291471,0.9129087797241814,0.0027261113238385,43.375676289026885,6.604926347493296,298.04041747798954,183.0620294005509,0.00917615,212.58275454030348,2731.897772348519,1.951827302829305,5015.002211127223,0.0270603394341311,0.000384061,5.408952383243847,1939.44347654888,0.7942062348092465,0.8757535308358225,0.3759247468667629,0.9349895985437712,3600.194739079845,0.0036322567578681,86.21162170876917,0.0650572885396161,422.87365935414266,1437.7607361520572,31964.14449255589,6485.56,283.48172964074024,0.0599955910192335,5045.71634634187,0.1784612502128663,0.5648302709254401,865.8661910154835,0.0061469469646387,6.832548989493912,0.00671548,19766.401385565427,0.6119509800824026,0.763810957201602,26.73842178911185,54.52909312196852,57.04377602400992,31.975078194223308,36.602778868211125,86.71060445596319,545.25,37.65365640457773,0.6326049767613792,5957.257895341464,0.5915208749885816,14525.755878765678,-47.290542658964334,85.08238256845192,526132000.0,3.1523806223546464,13.433747033419865,3.83943,233.92526838159043,36.534811338359255,43.98395917227998,44.092781705140176,-613.9171939932477,1021.7036073202707,10.131119200329358,1045.69960068708,0.0544511975256002,51602268635.335175,0.2892033638631422,36046.33436919922,1260.714032097202,1004290.447713001,-1097.885334734805,196.36200267948013,21.309162155397058,0.6210856026839008,0.7195519186339193,0.8559674867993754,10.262189294689431,0.731693138077855,0.7760227663075567,0.996210985094272,0.9672264692618,-0.0918378983015249,0.8643561448288637,0.494728,10.75568712718897,0.1606032920609998,4.827343020290535,0.7306387673968164,0.2403332348164241,65.20338916286512,3.1649543821688724,18.48523920849495,5418.358328835322,0.2980295154413267,0.610339,1719.2759445945126,3.835065147339954,7074.272604312297,0.0181577942203766,0.0054351173629657,4.831061031539774,1487.4379618172152,0.4077585616361753,0.5053570240524952,11.896207425697614,0.6825107683363951,441.2140559262871,0.000389061,84.90973495418432,0.1125741685039409,76.60869991064581,30.1957,593940.32677012,470484135.5049021,0.225683,0.0271646988212569,187.8158675196784,0.5060974230162673,0.4551282299586535,389.3960905480321,0.0287405319638444,6.623839247376879,0.0477934673662586,614832.1539089559,0.821906872470626,0.7079454380164125,15.391289722646846,14.553426503437208,32.59067966045642,34.33502320038746,45.643888967649225,63.01167428221397,10673.170918842115,33.73639312642153,0.6832025801471425,12398.23913637756,0.5515830846298428,21447.431921988733
ID-410,Center-4,M,1.0,1.0,1.0,0.0,1,61,98,1,6.376379566498689,18.62402036900824,8110.21,5.174336508433814,6.016509563619583,3.286409401305129,32204.813369223928,23.60964829587082,6.97259371556521,1.851343588315535,8.373803468161691,2.097911089338042,9.889786574168124,1.900125957031688,11.962241945324712,23.960709580783345,0.3240456282642086,105798.25512377569,5054755.45929208,0.0859737240753324,8.43190077482529,895.2832254309453,2874774.0520836064,33594.74597018938,1254.9062086469266,35.35468632830988,0.920145420258911,2.657718201577904,3.070940504231671,10.024093086907424,0.3989614414024105,0.3590089930582518,0.9920769818290452,0.9320863103026652,-0.2973541204609168,0.9736764715398022,0.1462289707702779,6.41898,0.0083998758401762,8.533559228347036,0.9527334602837958,0.0097487511067786,44.54612991328135,7.37049246026382,3.02726,921.8429186606004,0.0212261725727827,3.51945,1418.8928370197673,1.661485075780006,1221.0048783097984,0.0434246011204021,0.0228874127033847,5.602072960229664,12713.07858111008,0.8134630548974168,0.9361580412604265,0.3629642609523526,0.8971759981880854,3202.369933935624,0.0151676761311253,71.56799204764604,0.050859263519362,171.16464037722403,333.80088503054463,3.34623,1708678.1833455963,201.1129734295208,0.000476227,4969.394739672455,0.1634520642922019,0.3153000938496277,629.9770681770423,0.000418855,7.717456315985242,0.2159674431935651,1.09326,0.7656382502676261,0.5800335687788889,22.892596808854627,51.06097310917926,68.0385064940698,30.260294746426847,45.02883490168601,25.73334758888518,17641.011913941475,19.574290501132296,0.6696341665700853,463.203,0.439820867972333,46211.96319820314,-27.78020547581572,58.92761712732458,19934433159.109818,2.755650955846757,18.43287714807405,102.74098916898784,66.3085,23.80179609675057,58.38939401651422,49.08005752841928,-32.3284,224.28341394720883,19.65768527657942,1065.5103824509172,-0.8634143253885616,1166662807.862209,0.1830793130958104,67.1971,325.1532740652493,209753.9454792014,-9097.125970237814,259.97172713053294,15.47984950536888,0.6394177488605886,1.6206986001515031,1.54059869921552,16.011088149510606,0.7072739030885185,0.5712890966064117,0.9961165697467133,0.9892569844052782,-0.0736458902184732,0.590671966440565,0.4113720114165849,53.3688795407421,0.1487900285383073,4.026270103295288,0.8420356236092883,0.3323700154113156,46.91334126300952,3.198001205964467,27.212658754964245,2898.379327229596,0.3245168139338017,91.2779561738562,28.9544,10.51748547029752,172.295,0.1787017374733444,0.0015749099287157,4.671391536437151,106.226,0.7271607470182009,0.4924038245344094,4.568842178930824,0.5978097480441755,1083.3742956434576,0.000389061,41.10095756857783,0.0779102288938529,99.3063286723887,337.4569180617501,1353548.812643065,63095.6,7158.204894701466,0.054566256549575,433.3965642516029,0.3610511276982654,0.547802435787385,406.7277308652211,0.0168727024906068,6.758959123243601,0.0252943191015429,190.726,0.770311334401586,0.446495110581077,30.27223380513688,26.89117530778885,36.88769324462003,23.948619073583263,34.38276301923697,70.59588344805944,548.583,26.87835654557769,0.6646202292597733,8701.03964140615,0.4144844104171629,41416.837022498665
ID-413,Center-4,M,0.0,1.0,0.0,0.0,1,55,86,1,1.89383,18.537193985975524,5219370.636234006,4.919973394558772,5.392431369623663,1.9891975314988064,28629.994429734183,16.176834008983807,14.48412651202461,3.414536417509377,5.458699412126621,3.0038726499187947,12.925680318950436,0.4121206198702816,5.88894627897889,14.698081255837591,1.172937966814027,2087.32,1332183.1525730777,0.0271119260471351,7.135215747768735,1833.6031132666324,15094922.611946048,13173.545277653137,11.2113,47.57622831373431,0.961802398766458,3.493359077430471,3.3170764083229303,3.1833608924463634,0.4055062501241423,0.2999261351634142,0.9959191002564416,0.9395395405244232,-0.2638918438541034,0.9417718780286032,0.1360398851466209,51.19385376923093,0.0085099020123654,9.663947547697004,0.977199,0.0133186909502536,49.53629955351103,6.538073002639857,664.9896052276474,164.26777321987828,0.0379040451736432,55.03264417835473,3420.8390241836114,1.704073555028281,701.6032685842131,0.0069942656819563,0.0079803548990043,6.18171455753707,9902.640121768369,0.947064,0.84158085675135,0.4167155088474182,0.9336221694936369,1675.3184692422194,0.0177780756378615,63.624738376417874,0.0448685041512951,288.97261730042584,961.8897073112332,3.34623,17044070.890858825,51.53475113218895,0.0393373929261069,2.18182,0.2893446268935125,0.6827886276317736,1272.7745082936226,0.000418855,7.11714872888084,0.4117557627199541,53308.44221556815,0.8580437555737781,0.5913014013445304,20.953942507609227,41.69664362907369,30.66007208002272,41.13926152273275,39.04202477778999,22.232280127530903,5816.086638548954,10.1665,0.843337,4861.6560598670685,0.535645456608912,30599.14985909936,-29.16025385124736,102.41201049459733,41739328119.37334,2.611907557256404,27.831236920563256,31.30526859357212,235.32857864984052,17.102498783157014,56.78528097633482,45.6221076325596,-1055.39,144.178,15.21199245087553,1000.5830086756242,-2.782667968895055,5235074692.034128,0.2318296954091973,20500.13889051856,26.3153,5.8552,14315.501480177,13.080403095386494,9.952515007004642,0.4342184525131261,1.2168288637404432,2.441988324895136,1.809953924729661,0.8689294269642153,0.7676563400323383,0.9963902495596983,0.9691707533421332,-0.3401998503605395,0.7880810837585421,0.273040499797085,41.47726706510012,0.2593872846655309,5.285145062081298,0.7233101773306405,0.1388973170938407,79.3469087728407,2.837947077686406,17.92058962519539,2462.260377658537,0.2856052703160145,22.026855486203427,28.9544,4.685382772347736,8306.986308666892,0.016325875286252,0.0126636777062775,3.9311803925605338,1202.2611901840964,0.2844883513965046,0.5475374138849533,2.324981210105207,0.6759504548448196,1342.473017891883,0.0138096741549173,140.41947852605315,0.1239404426862918,147.94579236758827,2115.8262863123136,680427.5930945987,894358724.95991,0.225683,0.014688828689078,5.90323,0.3265837193208729,0.4861684651444395,1005.247709745462,0.0088439123358534,6.668738605873163,0.1309483610062915,73282.8310335273,0.9536479073832682,0.6280430434449891,12.390210176750571,47.73255787946291,37.32630917484975,52.447612348777184,45.20459366844717,38.43273983686792,781.4762318052881,46.21887543645132,0.6837730281818548,4705.439294158749,0.471831089974915,562.0
ID-416,Center-4,M,0.0,1.0,0.0,0.0,1,57,75,1,4.354278734208996,17.07798449955663,8110.21,5.373813765822668,8.131919284129202,1.79041,14800.552059286789,10.99718038449534,7.217837514844729,3.8508794821302654,6.087561484901765,2.809989740412277,1.8071,2.2511536500906093,8.513093705515164,13.960381092645903,0.3110942376812826,301176.33204592933,10313691.500098055,0.0124687625361974,1.7592237181163162,2594.4359979976325,11587029.99693442,-14709.079060403545,324.92135285914424,36.92475350307436,0.9174703808836538,4.30964090164578,2.6933859037233123,17.71535141878669,0.5673505067485419,0.2726774914429102,0.9956483637555722,0.9436138151202794,-0.3250779445233061,0.9644581392247916,0.4106576613965266,24.54205813362664,0.000347025,9.63965556131252,0.9479564364811044,0.0180724878897029,115.25924114818176,7.039674774351637,3.02726,1185.5505887968245,0.0351049547788489,220.13345741083648,984.6993148312706,1.4467261451959794,2385.222685229546,0.0185080341631348,0.000384061,7.10604,33800.555909463044,0.8861010590608243,0.879099496688846,0.2711707747018759,0.979283,1365.453257844273,0.0048598730870469,197.94556243001057,0.0665132265874371,6.42722,1463.5886886926614,30870.81769705567,6485.56,0.00123903,0.000476227,717.483094096965,0.4019734622615789,0.3833789537533489,1142.877575940312,0.000418855,7.573215534544735,0.235149239324429,19577.32973108144,0.8930742874265405,0.3605739830138103,19.12489607653893,37.80879444280502,51.63787440317003,27.513043640843545,34.417616275033296,23.19219468301477,8595.657702513572,15.687871793615695,0.508902501093837,3553.534200263065,0.3700803938417701,28366.41966243866,35.9772591769874,79.19975667333506,526132000.0,3.5616927128093385,21.47504278016256,67.6190310406456,66.3085,45.73103947718496,20.80999831166039,49.47995522353286,-590.71551022567,230.9031621300163,16.185652518895324,1049.2948499611289,-2.056073885980115,35823411570.78138,0.6222173630866106,67.1971,916.4881202923036,476336.35160453606,3521.149904611607,172.89487796450524,14.593933802143493,0.6262937393929847,0.174711,1.9079245790543136,8.92589618419426,0.6610674997086303,0.6006532117032161,0.9962618900815146,0.97562940906763,-0.1260654982287336,0.7797062560015594,0.4037170048014759,26.13732420382977,0.0584405938740797,5.117791234967849,0.8166450557510267,0.1327870061291913,15.560016760595897,2.834603765779109,52.1363506189526,1441.7814458402927,0.2664046828655674,0.610339,2027.975895390476,13.535240512616747,15372.812785373357,0.0918427803896883,0.000499152,4.460883440375708,3076.6685511248043,0.1623200153128073,0.798629199179151,8.86386283395877,0.6339668405100769,105.0432215837372,0.0068144977442801,103.5493974101262,0.1878946900652227,183.43112337466283,279.9098010316511,214.609,63095.6,1679.4744613814985,0.03293919749577,927.8290179581544,0.3503897504925989,0.6581682410282694,840.8445706862701,0.0312917270560854,6.405749581470132,0.00580198,498316.8652605952,0.6770632419683981,0.600363148273686,18.4065963656812,37.43824513861357,52.47127397934963,42.82084287082402,64.18508518839094,63.9412403387238,548.583,31.88266564390169,0.8023079167885822,6009.806110243785,0.3679413861985235,7001.708259763662
ID-420,Center-4,F,0.0,1.0,1.0,0.0,1,58,59,1,4.574576296514774,21.13618779125656,8110.21,5.3555742421513655,2.5241464875959263,3.009213220076572,56873.79244094906,18.026869734816085,9.587068212283912,2.7236223434998994,11.006147839919484,1.0639607352583127,17.32340799702757,2.7354843507468694,10.121310705986405,17.67454498157737,0.8530188939687731,2087.32,3411466.472144367,0.0132581054360843,13.66195162485401,1242.4990426420557,4125064.2025452815,-1078.3326877101017,725.3320841811011,34.52795907497155,0.9136365284163954,0.7442531804501069,2.7588851025968344,23.101572116134548,0.2740788971546628,0.4574252527842862,0.998305,0.952088526337148,-0.361774350457787,0.993989,0.1414792190622169,14.2584143218728,0.0287464695457206,9.309544491291303,0.9007014256007111,0.00134553,69.18939401369082,7.014785662709989,278.2195691419842,247.2475041074483,0.0231187219494093,3.51945,2223.938502919105,1.09603,2933.410589165853,0.1001247695986969,0.000384061,7.10604,24932.56532268277,0.947064,0.971112,0.5895204069682844,0.9549899217764816,2923.7131567841693,0.0143494988952794,125.58692374644438,0.0266216112989082,138.7205201342857,2773.140654543249,3.34623,3270413.0295286025,0.00123903,0.0137543237269644,2525.0716226293134,0.375781008422869,0.5236747209804111,301.4600268312085,0.0007544880470487,7.516840359477326,0.432937934479869,1.09326,0.5677197395643826,0.5003833327857262,27.812356508595222,48.46946500055769,37.17975619136981,77.76341242008661,28.33603969176333,34.32032798621379,67512.42371606395,29.47890692221462,0.5979453846923246,13500.279888280906,0.5489497649307876,46474.00145486256,-21.2931317168894,79.27728923578402,57040805669.61775,3.284383341846944,42.13921934020992,130.38158577511058,66.3085,67.00497793338177,11.076387026853816,65.1334,-922.1590121194324,2143.357572060989,2.31624,1040.6752553323993,-5.040448026319318,30677515860.898155,0.5345242006588324,67.1971,1316.9401228884703,284140.9350918627,2045.2244847740496,0.664828,9.34161674173358,0.6503333492720269,0.174711,1.379025628919997,20.7908325263262,0.7630683073133268,0.6220252371154398,0.9981424660036452,0.9926047377100824,-0.2083952600519908,0.6489592091998788,0.4326562328441877,5.1024,0.2426513969778675,3.3788396879293603,0.5530048098487839,0.4531691939429589,58.78956224295919,3.114351885770978,38.25707085831012,2359.6404297871804,0.0943272256227778,35.3337363589108,1860.29746014342,15.736572728388214,8863.733510628443,0.1991747650330015,0.000499152,3.699424528680981,4321.761665610101,0.2453945682135359,0.6151052548204392,7.719593882660153,0.7770586752180768,1139.0156373236653,0.0103425309647699,57.69474865232789,0.1211954514980686,9.720796609338002,30.1957,696528.5560427434,888206505.498318,0.225683,0.0445904028946992,271.3736774288989,0.4491691896813218,0.5780153017277446,582.4130346801327,0.000562722,6.4734760467238015,0.1396879780109812,190037.47483422,0.9525930328198438,0.6949912159008784,25.73570303476449,63.79918604530599,39.94737836873284,56.73308152451844,26.93757733244952,61.09385831959278,34995.551827620395,21.874526809672787,0.6844387080338883,7993.269541506862,0.260197456468988,8258.785138247327
ID-426,Center-4,M,0.0,0.0,0.0,0.0,1,48,94,1,6.190046649862969,10.433770172280482,876266.0795425228,4.575591590240615,2.1750434026277774,2.067160322835265,3475.363564767191,21.601646294150903,5.91688057390552,1.9578660881748475,7.145691058282624,3.624301728549893,6.980400506748239,0.6399353941543964,12.938988756032824,10.89928722981618,0.3874393929816314,2087.32,8110.21,0.00914519,29.6543034446628,1278.4456869847456,2908553.0376220634,-34479.2,1533.2315708407718,34.78832797420529,0.97466,5.716223068812375,3.351010511277164,0.9327356228340732,0.2669254887097365,0.334084428124203,0.9952345989641428,0.9368162630096748,-0.2415336320243299,0.9772393531852148,0.3309729172819068,45.62388920305903,0.000347025,6.111757713425169,0.9728062445320826,0.0199716014805889,149.28755837046288,6.978670134671079,348.3696563054378,36.2218,0.0355314424351421,3.51945,1192.0897011235284,1.8241208983129,2113.222711460789,0.0245304152479572,0.000384061,5.569931919386428,277.587,0.875888121375615,0.8539900454214655,0.0353675,0.979283,26.058,0.0232488472769066,157.54273739406085,0.0660952699221615,276.383495424937,345.4243122217697,35864.781215185896,1616314.553880917,0.00123903,0.000476227,5079.220165050589,0.2301026425831939,0.619644601240715,2.66496,0.0044076810092805,7.279049066667753,0.2563533506220658,36363.23982787367,0.3776947931249342,0.6406107666099782,35.362789215944616,24.46071314254256,43.15220391653296,27.69824614160203,43.26447774134222,62.08014316630721,22639.431914819063,31.94509369351277,0.708874441032742,4589.473538733811,0.5135599466095407,4357.973402710511,-14.610645176699675,33.3375,59164777201.048325,2.3776337413409574,17.003205837075477,100.57440558299254,553.4511490561733,48.80381257746454,60.21165209346627,42.475316782033104,-695.3603042687698,1455.9999199863482,19.241906127957066,1055.2719968173503,0.439423459378741,38752549480.307816,0.1832635187527713,1103.938454126648,2044.257129490518,5.8552,-581.8350118454705,179.63825448201035,19.510204171618064,0.5647788924210987,0.8016870112159102,1.719589283392731,8.070213662192204,0.7102583834247875,0.6795186726743093,0.9960679295118124,0.9718553576176736,-0.2547897386106254,0.6145392097668503,0.3300455333788016,8.37174081656007,0.2064397674096279,1.9590896544253464,0.7317165248949726,0.3166992040211661,54.78707121235037,4.362825924008492,0.224451,1092.5834164225398,0.1834477113462331,19.968263527175623,1770.3924197647607,11.083109282502596,6230.907768390827,0.00100254,0.021161912546911,4.276310965189702,7874.232579372583,0.5789890352382568,0.3625980379381594,5.636595793579386,0.5671657528764573,308.54423820721047,0.0033015431665329,14.006315792933409,0.1826277091370899,3.11374,2531.129298706084,684736.5648444683,63095.6,2588.443439467092,0.0429754721798125,454.3694324277984,0.2929826476447527,0.7515913094263772,1247.064873441968,0.0065108939500272,6.233047100853922,0.0289355322323594,190.726,0.8062211178366844,0.702420423863802,6.718855650095907,15.322889290962106,58.817879573467735,43.51421333437345,39.54198252993966,41.1627507235965,548.583,37.64814768051996,0.665809169283298,2643.464201655631,0.2988548730236262,562.0
ID-429,Center-4,M,0.0,1.0,1.0,0.0,1,45,87,1,1.89383,7.240786079888757,3299977.18854564,5.176523318431509,3.9620123029095127,3.377331155426339,50614.73607519199,10.642540708889744,9.401412118177376,0.295263,15.803034562850993,3.5246928040027337,4.256710977529575,1.8427788614033207,13.071318606064183,2.99426,0.2657057074791648,276151.0412490583,4462664.737250663,0.0747716603261202,0.134882,43.7843,5253867.000482838,62077.99138196124,11.2113,42.64001206451333,0.8975527943518785,3.698110033375432,3.9078973870337257,21.0261761283162,0.2751652844099904,0.3243091628443977,0.9965683195952988,0.9450901542279476,-0.3518398734982654,0.993989,0.4179664515999495,27.282377378428585,0.0066970256770177,5.982995203951757,0.9154432089404064,0.0121787392440989,32.28189398099533,7.088761786607556,109.71876590869176,36.2218,0.0457124774395972,541.4423663752686,1224.3741074736784,1.301149759422478,763.1196816980669,0.0402159158904917,0.043496031786104,5.681963553886115,25319.492445948235,0.8530621569160844,0.7802696302509443,0.0746351336317964,0.8992849236251825,1710.227068841205,0.0085462612780434,3.1694346309674053,0.0463842321075631,221.8632445119508,485.9792285306969,3.34623,5798721.209890772,258.43126542556416,0.0164848712537886,2.18182,0.2201110331376545,0.6301238873676053,1715.4903017642744,0.0297063548096206,5.841567406266655,0.2089086335171505,10423.440914174542,0.970114,0.6381464097079214,25.32031575518685,42.36646540829855,74.06330667707978,47.130185642183854,46.01645234492945,37.84880203924048,545.25,27.85853721163608,0.5832980592418369,9057.731244385335,0.4108203577250957,558.0,42.814156187242745,134.1100114068711,12744112833.896898,2.646604887585257,48.74609042556668,36.3445715438798,132.30326436136477,34.0143011857432,32.48232094650519,50.18985174724941,-520.4145492071184,1173.6313784263052,18.20033476572258,1074.184752072733,-0.7797312085029968,526132000.0,0.4235180207689753,4179.285662910646,2407.180953251054,397223.0052215984,-2912.7002704518454,0.664828,12.212367792144777,0.4425316979672202,1.1138629883324924,1.3484040775034951,10.479948946781375,0.8382473307381756,0.8894067316793445,0.999872,0.9853468658784004,-0.1749005440513303,0.7584348359227318,0.3186795831152016,44.41567394491662,0.2388855514120564,3.613908299496836,0.6812014491419704,0.3796606672285751,79.77119979226913,3.4540368477991623,0.224451,6763.745233783686,0.2626892820894474,0.610339,1196.607197634455,13.410953374125592,4069.906726264164,0.0457418300076709,0.0138677789410841,4.222119251395315,1129.6220139357229,0.4356331459224857,0.3309836683217387,8.47182030440389,0.5799001960978134,564.1166477596273,0.0066517736561501,137.8431588720686,0.198914571941498,47.92740634133087,662.2687941523571,577643.9858711035,63095.6,0.225683,0.0326450365278674,981.8826704286656,0.3056030237703535,0.5176605816593384,582.4265659755931,0.0251890853071625,7.186004294850017,0.0477612319321454,582134.3708831967,0.8971250121929835,0.4678807204055329,34.13551898808089,11.4044,54.835333124080165,61.43336648276336,37.65356726485099,53.25831544469065,47765.06171443532,27.48865601204391,0.6687916254156412,10291.791779146246,0.132051,15842.184745977387
ID-430,Center-4,M,0.0,1.0,1.0,1.0,1,57,88,1,7.021645783600111,14.115784967286736,4763366.472790339,5.453710881622696,2.196567325453048,2.605346218142702,35310.33020621503,10.675826350588814,8.350691050765516,3.2536178972773726,6.042120859748358,2.4412507488329425,10.595511980810356,0.9744965455256064,10.210424069985564,4.74225073878158,0.168756033248412,98185.5271108778,1909697.6616754967,0.048188716470133,17.361410049813067,935.937920578686,312.508,15559.267981247604,2107.3469968388963,46.11437888309385,0.9640417566994988,6.919208918896268,2.9713300253488777,1.94387440935348,0.3468682174758575,0.2809190172568487,0.9943417160598323,0.954958025718743,-0.3033889610302726,0.9694449896217362,0.1718316172695481,13.297595165101896,0.0163870591416355,10.79555287573734,0.893808238708081,0.013157039513931,78.3531641967337,7.594247619606392,167.83958775965536,910.484663476643,0.00917615,322.1678059939644,1600.517280987278,2.174651639184363,1337.352483625909,0.000408215,0.0294944903700007,4.822778629973207,277.587,0.947064,0.9473292755545022,0.1109872857819513,0.8652815885029403,988.8856679766108,0.0108304072412566,142.49495493422398,0.0123533230098022,505.793520026098,2146.6534787346595,18019.728973700112,6485.56,0.00123903,0.000476227,2.18182,0.3421516690753862,0.3528430547079915,136.8243822850249,0.0242256242006267,5.330722448829707,0.5724183265177196,19872.87546925588,0.8256381216738056,0.6331177555885923,6.720591555579194,28.09835176930764,20.442142102564755,64.20019353201846,56.79237611231767,29.50159938647538,52761.93326881584,49.19459621234007,0.5722853248077455,10385.513322408691,0.4136647860559335,14789.253491435782,2.902332546231888,66.98862118250159,44523612665.43276,1.5428767468678302,47.42279851014831,3.83943,188.54843177373849,60.50320998634652,59.29218147729951,45.33900665431696,-592.3782081347854,1732.169888805145,16.637457950956943,1074.5159100823878,-1.4760833265377515,526132000.0,0.3770584573151957,894.8919535260839,331.5195804855125,1299594.7536466783,8147.388308948784,0.664828,2.340582559384215,0.5988635873521377,0.9049611230185048,2.080096865182972,2.4652601986218223,0.5485873059493838,0.7151867093977003,0.9981059726184788,0.986475200957478,-0.2252616981599316,0.7801891141274548,0.4354560870281457,23.79939885142484,0.1706870556494491,3.936492309024608,0.5262730269028162,0.3143070275990374,74.12595435635437,4.221333436730845,0.224451,7309.547395582282,0.2500284862897896,99.70488059992958,1476.6038217685075,5.590112032891494,172.295,0.3093108715938053,0.0125350051077813,4.748606637610092,106.226,0.6070450282660558,0.5159280475182829,3.573416418641191,0.7514816034356882,1119.5128567391298,0.000389061,61.873284852906274,0.0358017065197063,62.11361375609855,1545.4091058277595,181684.98000011165,63095.6,5030.218860376495,0.0454927180758145,822.9578798280327,0.570226,0.670224664111653,6.83919,0.000562722,7.063599178542328,0.0542471142332715,190.726,0.8351111912740854,0.4956102383007526,28.04436424207364,19.021903996368707,50.89842527738265,46.5332938604176,15.843031534593557,52.94370583706981,5799.357005324454,26.64512677188155,0.7369784444319476,3008.265243510177,0.2301432340728764,63104.28557480739
ID-431,Center-4,M,0.0,0.0,1.0,0.0,1,67,68,1,8.26133498780959,8.858021264242462,8110.21,4.885785055076191,4.008695423971706,2.721428064117017,43043.9225200252,16.395340601292165,12.535674810914085,1.483443952871002,2.71105,2.7936914128084167,14.04512243580059,0.3431454410525723,8.385574570860298,8.64709940876796,0.6767134004154147,129071.05620767688,6946161.758057767,0.0732903574351595,16.315639216583758,43.7843,7060827.268560382,46635.31584745851,906.7997777130812,38.06376561883165,0.9308217797382236,4.003744264878508,4.211865319309647,0.393348,0.3584455124529677,0.4981582641350441,0.998305,0.929050045924339,-0.2371191704576364,0.993989,0.2163655141025636,32.42141148778374,0.0053869623489497,10.61271503413873,0.977199,0.0415747700154648,59.48485163198332,4.807197711952754,618.8267213673018,324.4168900244755,0.0326440340469806,510.4142902804673,729.3099573130683,1.224459558442761,5559.585603482292,0.0087443037732907,0.0052557083107357,6.999294645217711,277.587,0.9083208626845592,0.9070215018078156,0.3304917577733345,0.9016666251908748,908.5442434806956,0.000379169,121.18913165966126,0.0947378577156264,383.798828439624,4870.883248333248,3.34623,12205550.186329382,218.17756123989824,0.0587157608287803,196.3051449258473,0.3215492664752961,0.5410633204879306,1144.6828163841185,0.0006431895250526,6.853516613425828,0.3480707446595239,1.09326,0.569647771354139,0.5430539189636758,19.47670970049905,70.21767695746613,52.166277859607966,75.7310636829691,16.603302035874506,36.20747321910141,5838.888370117421,33.94991541311862,0.7425784378215884,8287.234330162031,0.3656285276435813,65432.726216137096,-27.523130806833223,42.18588257112295,43615171029.0105,2.557721712148429,42.658504846733166,116.54153997242426,670.0202071863993,60.23363308432792,4.12072,65.1334,-389.28458553950617,563.4945800035798,3.999179766786625,1031.0308895001383,-0.1641795347126057,41603700341.9709,0.2082040550865058,67.1971,1553.4550010615242,1524126.674455055,6653.458258486602,55.542750131419126,11.96652796531786,0.5709987772234194,1.7574824814290215,1.697176814098399,10.289426400347857,0.6154165673257366,0.7108910854716622,0.9962987625042276,0.9811012328775744,-0.2421892984388981,0.5287831017041711,0.494728,39.92657512565373,0.2550739426854727,4.042068733128598,0.6138039361658043,0.3109641691873783,10.2048,3.706810497413037,0.224451,49.2996,0.2232426977240887,50.79033127003,390.24262736290905,1.74669,172.295,0.0172683935735032,0.0115160299728547,4.1865532880490175,8259.328903037418,0.3382040423699585,0.6510891150061014,3.986621239202353,0.7139591512146326,1309.730487833463,0.0029106261342052,83.01223400112391,0.0778467345382629,3.11374,2053.025031043692,614639.070103998,101377805.5016487,0.225683,0.0469024371800996,661.8360006526499,0.25242016545634,0.5144687539246664,286.06116773102093,0.00249194807504,7.414007230174038,0.0991996375302974,708527.4748442428,0.9162550810043943,0.4664037208549189,17.07537932292079,60.80431107538941,24.431708693039987,41.37738900670047,24.12369668821766,39.57409872045604,548.583,42.97046203577548,0.6989731452473136,6718.324091389796,0.1645962579496783,34737.973098970804
ID-444,Center-4,M,1.0,1.0,3.0,0.0,1,59,77,1,4.880036377057347,17.62434508608518,3606899.419954597,4.73736059558032,2.958738054798413,2.6143663504025625,4822.215584319212,17.216999831856857,3.217375255077857,4.114794718421428,17.93433713323402,3.5869705311972275,10.863286119240149,0.621089330342524,13.99277545658017,14.785483190550316,-0.2889914592307794,2087.32,8110.21,0.0178034243003137,8.201105921675907,524.5243181932107,9299389.014334325,44174.627830482095,1139.40006794707,14.078612205376366,0.9366285481785476,3.4922276999228723,3.3848637344813004,3.5715964788833947,0.4738629264060304,0.5087686811926608,0.9899045267516684,0.9533184982423242,-0.295951873936769,0.975273228278528,0.3334230167261246,46.79162260445744,0.0128063954404605,9.52682958204218,0.957064224677046,0.0423812111860935,73.60128738714238,7.416188769265933,364.07340655691166,36.2218,0.0482926781479911,752.230838804028,740.2687990124156,1.09603,3513.062699435687,0.0004753261649101,0.0136893158787209,5.288637991995586,11626.940284099976,0.7629925683144042,0.971112,0.4384268793785001,0.9454758860272972,943.0798615309768,0.0206374002148446,194.4878170187704,0.0708381629952826,248.1053688702268,28.4667,20246.37728262504,6485.56,0.00123903,0.0128373718277524,1143.1432866188757,0.495115810610127,0.7647309653434822,701.6271807957739,0.006713108403862,7.188852133541895,0.00671548,11902.029380446078,0.5038948792977284,0.7156241131356073,28.957358793272377,25.803896016664023,63.18157928801462,70.48583614666701,26.439637951612845,79.49246307099173,39348.63651332312,27.3482477490161,0.6474184030126925,10417.018975617184,0.4074493228016881,29488.8652914646,-5.601704499085053,167.07983060965591,47048448229.036224,1.1342176845705318,37.4064342787302,71.95597766162102,684.5619949131393,46.44135751134434,4.12072,49.87111068632787,-353.5809821273582,1096.0459081177398,21.19105686031571,1014.9720138550364,0.3583127308171293,56305993676.25003,0.1553740895330909,21191.98724383387,26.3153,458231.236868471,740.8505954882745,267.8357581186079,3.9039586533692057,0.8275986743484832,1.593000741959878,2.3805949528179275,14.68618338169852,0.6913345213018278,0.7870786518470394,0.992089214808192,0.96828250875658,-0.1406556963546763,0.7737232924651457,0.2719364988096622,37.36715282313293,0.1364963463187522,3.812883697280645,0.7874268041603876,0.2451201397077709,39.32790727900274,2.456866968862689,0.224451,49.2996,0.2095571558906401,68.50359554012016,1040.782160036959,15.521143712693489,462.99650722966544,0.0695158278990328,0.0157002507505889,3.857689111887212,7616.279770168989,0.5793623229203253,0.4294406147103349,0.291681,0.3711,2481.7170688912847,0.0117231898162772,3.90476,0.1101912545124095,98.08838116563592,1042.7431287453364,214.609,365026299.8600984,1532.736457737951,0.0279002568720347,201.282351032124,0.268452671789977,0.7533521554815135,789.1867552311902,0.0227320974142677,6.706107114817371,0.0087446546025884,378322.9105445045,0.981698,0.6666162580196138,23.1952077855156,62.867492693290906,43.12066238081751,59.1211341787272,41.252461337571376,20.1617441858074,11114.608015899676,30.6558644880095,0.7628496015577503,2503.592956009204,0.2421723441006149,39500.94119211864
ID-448,Center-4,F,0.0,0.0,1.0,0.0,0,57,62,1,3.673446416139321,10.53368533185655,1339271.9636820322,6.8484,7.16768436126535,1.8413022759106177,23720.839675053285,14.503116745608995,14.929128789453332,3.313451838630116,10.395382835028617,2.285336979598485,24.551336656667964,2.710235869020277,2.92476,16.757478966315535,0.0466334316047253,459859.88423670497,8110.21,0.00914519,12.322213116613328,1563.894475574605,7993103.187503494,48830.63022322407,1667.1157240127482,31.086894264366805,0.9108907924044444,5.045213079796225,1.7730892778378946,4.3823331564233055,0.4305698297068456,0.2162249864011519,0.9952953536531112,0.9390334351446809,-0.235993,0.993989,0.2271521998163115,47.80984500533171,0.0048786135311993,11.8075,0.9117291781459672,0.0213406850880663,74.23461843653568,6.452117209634742,64.79338129342597,1133.5375626262569,0.0765897962466197,138.71519372494623,1870.233207908449,1.8852756651089453,4122.918505349369,0.0150819965948474,0.0085600468814579,6.345760436459621,33460.83408892882,0.8450755229796225,0.9614172280241,0.4205517815166036,0.9204559984715028,1882.9722084641244,0.0074635739599752,136.6360871798189,0.1066166045054088,74.44886348809027,3313.444468425428,15839.09354379571,14282926.289199157,0.00123903,0.0233824476246046,1047.2122681089538,0.3902401149080831,0.4723466203205795,3.5324609171366887,0.0028934422223577,8.182979559633521,0.538360155577976,1.09326,0.9362310312633766,0.6048855438532658,13.714280003314988,23.9473633564244,54.733186285758414,56.92224558224702,53.53264413260197,31.37283321243403,545.25,36.9168234295604,0.7577598643951005,9742.520240725204,0.3915270375154731,19848.84837662749,51.3066,184.69459177232832,13408653451.84954,1.7127293713016667,35.62056738335199,30.290407732763114,618.6001093151845,60.222060454623765,38.35780006588374,42.70806345818866,-468.3792376996863,230.83629149111096,5.554524071377899,1055.9217001527154,2.2318583508439493,48251678494.956055,0.3691983232481198,14689.369944471626,478.7913822949144,5.8552,-1501.3455839769756,62.87133532608628,0.212363,0.5856325528037688,1.603482076092286,1.6014006464023918,5.0088187478506985,0.7194276947654373,0.6175597052738898,0.997251062909,0.9751151062838386,-0.0526266,0.949142,0.4418842610833131,35.823840565247146,0.3913708355645054,5.1555412410470405,0.5938829863572261,0.2296986268400054,35.59524096249567,3.292581704943027,30.55462109407542,2499.814945496369,0.334540837146553,0.610339,443.0591010534953,22.510794170147573,1012.564309183642,0.2220509975455235,0.0105200223825142,4.274718967042946,5445.423078191166,0.3705881914096037,0.4270570575360192,5.696824751655359,0.6934696928603405,1531.6234328147134,0.0034113736939693,23.206085467072903,0.1449204972035269,86.53966914129464,921.9356329722576,211711.75845518592,65713749.60507172,1644.1867850932854,0.0200134543233223,570.1231596842468,0.2849830093319294,0.4666275158972832,484.45756407729584,0.0146047058924175,5.681503971249572,0.0344713809389019,408798.5918488655,0.981698,0.4097600859577501,6.912189592904269,41.42588056293488,70.27497160505256,34.35305029170012,23.10448848168175,53.9069691999227,30696.65131227377,28.188606897615248,0.5963852802095988,4349.554114129005,0.2821350377455451,29893.102319340986
ID-453,Center-4,F,1.0,0.0,0.0,0.0,1,44,82,1,3.06643986346406,21.82431608948893,2386180.314237633,4.38072512285681,1.0597176237459898,3.344163996985975,51870.648163004575,14.371203349100274,7.677255499797687,0.295263,11.368781353387025,3.5371910844578,1.8071,1.170574360799009,2.92476,3.4630098002449587,0.0225762839688078,802393.7831956623,3701509.160845696,0.0753910964309177,9.076485835042991,2579.988472578065,12250271.453594588,56388.10638839058,1862.984220072491,0.897676,0.8775028763376527,1.540024657517446,3.5018880741885883,5.867115002867517,0.3777728289961564,0.3521129418104186,0.9964829784096256,0.9368154184256297,-0.2711914428215121,0.9820030343479986,0.3670246929333888,55.72001006928352,0.021810165513413,10.62440129392577,0.9722079420600092,0.0061091573017245,53.58592587286114,6.120609462437571,534.6688390145991,511.11300413014726,0.0205151501638673,381.66334406857527,1436.6396764506198,1.7657956706211566,3020.025012642904,0.0246860416923188,0.0177006063408025,5.2975123839255005,26032.052744800603,0.9046570060021182,0.947502383393684,0.1695006668083625,0.9059133732804862,789.1133967541787,0.0095829571956926,30.3107079049023,0.011472094290998,6.42722,3017.95823837799,37015.52990644696,8872985.726876894,231.2377669184573,0.077512739089835,2379.254097512664,0.1968076334339166,0.4649813446901986,829.2491911354211,0.0159309234891266,8.83279,0.1126340429759961,21865.598582921102,0.7069972504517205,0.5380286904330347,16.741360759161687,60.10111218567575,83.0241,13.6015,36.439654125988376,46.22380758908258,9936.894627196189,10.1665,0.6108222079393248,463.203,0.4626489084350258,37781.29412543353,51.3066,65.38922714856655,11269553479.486738,2.6799997563187423,16.890788249768942,101.72473952403058,66.3085,7.681370357324802,4.12072,65.1334,-32.3284,576.4016192821763,12.976052880661037,1035.7464648284858,-6.4154815028742735,11028629901.17832,0.1116102648149449,14067.697154305051,26.3153,5.8552,16507.158617469486,65.37347971643023,0.212363,0.7341744057016344,0.174711,1.9102108188160285,14.19498315414755,0.8571134465356962,0.7180389995434457,0.9970538049798487,0.9708545638585556,-0.1148075436279685,0.3708016376289271,0.35640166520157,25.257602597435067,0.1362152234971288,5.065070339173084,0.8914357846862719,0.262077069429469,85.99521011271455,2.325906353925845,0.224451,1461.825245055802,0.3800721328555649,12.106692001001107,1713.6942668025004,2.409246860920512,7928.472299495419,0.00100254,0.0159036546345106,3.848329373076255,25663.404130357005,0.161937,0.5230296502913875,2.3517352987588533,0.7522989689151569,1855.0653138251216,0.0062527608362579,38.47318801889713,0.1419527987639268,91.58986498969377,2085.1333533582047,296242.6267057831,551141006.4539458,2360.653191113288,0.00104556,616.608243091197,0.4553118511497875,0.6745791230725819,6.83919,0.011025402317793,6.792667987599928,0.0360271603692552,742653.3697677416,0.7192154853096221,0.7961772982474598,31.157165821437083,27.508022219648552,46.17629643810629,51.2377450019095,12.1655,53.27429743436455,8307.204522828,34.548038385469326,0.6951555123202339,6753.171096376322,0.1579913026227299,4370.978078421495
ID-457,Center-4,M,0.0,1.0,0.0,0.0,1,53,96,1,5.456076546237781,8.692749579237775,1287475.605510229,5.63480851212794,6.325281666928586,2.2222153824520827,49653.13358770072,21.88873542885087,10.834434365824396,1.071763656625868,7.1310649019663135,2.2900906376093983,16.839122982561555,0.954454440616992,8.5851326960469,18.797618527776507,1.1013290042055484,330439.5985847268,8110.21,0.0880758159806214,0.134882,494.216979480405,3420689.6136609945,4208.760983917836,1279.172741871812,75.45148343018637,0.9718100201579442,7.933735455356303,3.775702406289766,11.21865442581147,0.180761,0.4038218747950657,0.9947583769528928,0.943462031331612,-0.3886901950512219,0.936592342603318,0.3519210182697752,46.50102510174991,0.0057760916504298,10.787166022534432,0.945310943156328,0.0091512818040894,37.61510217108189,4.561298825620364,3.02726,46.26941584482286,0.0927269429009627,289.83753570554563,38.346,1.8925995542183087,1122.0851176875176,0.000408215,0.023785909206651,6.731647200095506,6207.473789408747,0.8371342359756081,0.7936002150936479,0.0420130833052649,0.9260575421609324,1126.182009407191,0.000379169,49.1521117787654,0.00977157,327.05826189627714,2212.882976761914,83683.95947945742,6302409.761670817,154.25596458062716,0.0376094841863546,1537.4777154622284,0.1768242918553069,0.5978944740180872,354.7227458346214,0.000418855,6.370909457923972,0.1613072812667843,11388.422228595344,0.970114,0.6145899098131605,28.46013018253709,56.02807011927119,47.42548217422118,31.701827592741928,51.57242963375243,64.3796684726857,25488.24577333728,12.703734034835556,0.7211714430739654,5502.519394373675,0.4677740746991032,19624.58956166268,51.3066,77.12204884358495,18155293783.90239,2.610751187707502,5.42996,125.57385816180708,881.0272478813802,45.65134142421105,49.36803068731149,40.92006326090253,-535.8763822777272,1205.1327672864363,10.218515210616442,1029.28173707646,-1.9611788230204787,13276173100.976845,0.3905087870510462,27806.680216843342,26.3153,665864.8191643143,6422.046063751587,187.6719061174483,26.012503781312333,0.5431771157081272,0.174711,1.5569857023761415,5.706528390882545,0.8538193788412943,0.7023556086370236,0.9956029494613488,0.995225,-0.1278214885410032,0.7731812341514942,0.4209054431123122,5.1024,0.3114366355286973,1.41363,0.6883997198197591,0.331405924531902,57.32950604493918,4.300291489718034,45.1462822879109,3675.7103957294858,0.2290465371413849,0.610339,533.4210442641969,12.864399051452857,6245.824429018141,0.00100254,0.0151480018793335,3.656602924568405,11982.0589066327,0.4624236701709773,0.227654,7.744475613654986,0.799994068453447,1021.5439150258636,0.0100824366954528,84.88382252536744,0.0831911954673276,3.11374,1868.6007213105904,214.609,88760813.12786114,7307.324895785316,0.0483376130890625,5.90323,0.4251736633214862,0.7105819174700145,705.5425409283141,0.000562722,6.647915658921292,0.1321004120090028,383545.8499816984,0.8849422608612686,0.5940542553065803,20.24488284197669,48.57578344411854,69.27678376645663,16.09329242238977,39.76515416105556,72.29448716617375,548.583,9.92882,0.7468804979859927,458.685,0.4120865851669295,50859.6367101561
ID-458,Center-4,M,0.0,0.0,4.0,0.0,1,60,65,1,5.169068419190155,11.025147151186186,1608952.88911735,6.8484,5.453342739048881,3.5709690631478024,9177.526831866064,6.170828673420649,7.387456512981107,2.543036391882049,10.486288170039082,2.996090829371443,15.387074863165338,2.6569555111752488,12.719804403088236,6.406993684387498,0.1582422659018813,456726.1050035545,1198721.3188049195,0.026636843672098,15.346963524698555,2911.1051681058884,9477443.519300994,21143.2779563596,1141.6644366307771,49.75941780127813,0.944150628005328,5.684368420776596,2.863601239568944,1.4693494175393642,0.2746448113715423,0.3604141788330027,0.9981153766608022,0.9651945058189636,-0.2915256628083643,0.9795846353789074,0.3873744808815251,10.930955930162312,0.0169499911835866,9.325968769373333,0.956760166490802,0.0213294418208901,105.41276356187842,5.068145427112099,180.75375782694195,342.4672884854889,0.0427495638304361,3.51945,2541.028748041793,1.3523277974160783,3318.97508370741,0.0180804531020669,0.0182298643412802,4.658729957045476,34935.03627904992,0.7985379303745285,0.971112,0.4715537082517645,0.9614529370157604,539.9310597076865,0.0019429285511194,1.93333,0.0759760610266615,419.0600380132215,858.710878023694,317.88935162390226,6485.56,102.47628618112832,0.0251166745591023,2.18182,0.2308692237443704,0.5221210323127846,1444.2764571212458,0.0123714846556998,8.61541398046613,0.2051820236699784,1.09326,0.6840402912174133,0.8604815340651315,26.07054434844561,37.273206031651526,51.998817456564566,52.88430314153946,12.3693,25.56261987228865,545.25,11.766543601876656,0.6241662245503505,3151.598190526679,0.5409400058467491,7915.016821328112,51.3066,119.48863355590906,17980612696.88394,2.3298005820597094,17.33937986522272,7.870031304913283,1015.1574370435944,42.23573096348637,25.18407677233728,54.89249447384492,-136.76186049430308,786.6035214965925,18.110564670884447,1055.8173411965804,1.1115197964954495,526132000.0,0.3308870802952641,67.1971,504.26167006165394,5.8552,-19956.1,38.64839094375138,0.212363,0.6696187239643394,2.2371580175537025,1.5927194886813878,13.172449599425564,0.6860405115932493,0.8004008388066416,0.9980159881934596,0.994572615564206,-0.1697000977006867,0.8208133234300885,0.3602846804242521,43.11293038489056,0.1426051336793534,2.96969243211314,0.5225152139564151,0.3871612325559871,88.0218459045923,4.221249732796856,44.81491763665811,49.2996,0.1968265047358078,47.701416428110576,165.9293737716025,11.517312464383965,2094.015643607962,0.0930528732066856,0.0020412415088705,4.410341833935669,2726.718406053466,0.3762471872964582,0.624028009186565,6.179919716484301,0.5781059595160711,178.06260428440424,0.0027001687030519,34.55389638135653,0.1362265939793048,17.304897483624472,1367.2416874612031,214.609,111220241.68804786,835.176626736647,0.0354155777456651,1083.391693423312,0.2712259241692152,0.558111585722554,1942.62023512988,0.0244214292549461,7.131852771417885,0.0579362989305663,827293.4249085343,0.7481212080759296,0.6112060421400155,18.323490215652026,41.64793764471157,40.56004564255794,38.36149987675766,27.922438167677804,36.00511100655435,548.583,36.00434191077578,0.7557725596559264,11579.334649996694,0.4629800774176346,562.0
ID-463,Center-4,M,0.0,0.0,1.0,0.0,1,57,87,1,3.675577708281102,15.485415670249967,246601.4843731781,4.612796438478005,5.389513501069674,1.9558229126020024,558.0,20.617954665119928,7.7777226926895455,3.460124294535204,4.482584260308527,1.8051863531936188,11.327859968617435,1.2242084012911945,7.066675473750188,8.652947071003155,0.5544917953813936,210439.04977597945,8110.21,0.0435496307227757,27.643464752739177,748.0643089477098,3295596.544353842,13140.306999686894,288.59186187627915,29.917262514007067,0.940399234440194,6.878360123300855,3.5153929186583186,23.71414512480621,0.4034267906034431,0.4206160872314219,0.998305,0.9557676877421688,-0.312198645209733,0.9789379005577584,0.4194699782520471,43.500684124167904,0.0219966721675063,9.40101194333907,0.9025721072721072,0.0181100529122537,50.32529991627192,4.53475358845391,429.9280822842487,562.6391784722109,0.0114397504723879,511.6615240574397,999.40223605549,1.179311863876646,2799.5850621097634,0.000408215,0.0184947750064377,5.976593466871175,277.587,0.822906215156996,0.9103634026180673,0.0670705757152104,0.9609460152344078,3522.3020618844694,0.0186692087006706,89.80337507014715,0.0591265282425489,328.54467052507016,2812.4333648989823,10458.607967613196,6485.56,665.0221407980557,0.0158317640599374,4104.553005639362,0.3783621976585073,0.3338423948528897,2545.323082238843,0.0037432261619087,7.478761853769347,0.3281506045462923,39149.710677324416,0.8885956882566381,0.4916407518030586,36.35751801325796,16.058512126762228,40.291508892819046,86.31371811918692,39.44039316063984,60.5215199046693,39962.388115352485,49.99682379081044,0.6628616545287335,2714.346002989831,0.4115321495389529,9099.015488096891,51.3066,137.23730246757512,13809446493.988329,2.157592457140314,13.587283744166632,3.83943,211.0540371113812,62.018634445489695,27.16030369976552,31.5643597700109,-301.52357618030953,820.4292374682893,2.31624,1016.2285536936604,-1.8802576880761217,13921332659.51024,0.1879762283351727,11205.835837253891,321.322143983469,632906.4014609236,5982.881996249435,114.11872165178744,13.768725884226452,0.6915830924525049,0.3138876264398131,1.0267838649739496,7.489742014376649,0.7191001128886683,0.8227493993778028,0.9967694871255564,0.9670276982793142,-0.1747666645692136,0.4437909749640706,0.4562730219732901,26.87737700919383,0.0125889,6.898606305339966,0.6950193265566693,0.2508152435923863,87.63279586169571,1.8572031367241384,31.415807361198787,2079.9402819297075,0.2456592275846032,0.610339,1005.5515815914414,11.585106182810248,5888.41366845526,0.00100254,0.0101568034417969,5.079724709657091,1180.72957495813,0.3928538572142248,0.7036236513150655,7.060965125823662,0.5682717040954839,1036.5103407319432,0.007213710316154,25.902648276059864,0.0829431815025133,129.3563715369116,1966.8692974404653,1114042.9006396062,63095.6,2641.682827787865,0.0077233892895055,529.3927986311145,0.2024898438120335,0.5080960323581244,231.45468240065867,0.000562722,6.931799847244382,0.0466787401514583,529491.7074434422,0.576882463273996,0.5133518349531693,11.77274503812099,31.338573285506165,13.4164,37.50259019073018,36.43165276319549,47.50694871535565,2832.1282646969985,37.21551962548668,0.6132527202878966,1226.9792222760932,0.6465293252153471,22698.83802439405
ID-474,Center-4,M,0.0,1.0,1.0,0.0,1,56,68,1,4.890153952075304,15.74681333266702,1979585.4637988743,6.201628333039659,5.764107831260209,2.203853407477544,42318.24974425756,22.541460768355112,7.696457651826148,1.6782576600890429,11.255882791177582,3.4120516877960627,14.71494164477468,1.6106791803377056,11.730017758770185,15.8767233144876,0.3873945801110388,566920.3171453691,1423491.7680201652,0.0629967123840313,13.515694867706976,1629.0973257644655,4654358.953540532,30987.134369938445,1127.361859246681,32.63929925687967,0.942076419507028,3.259225040780142,3.4205802363515567,15.440107666503607,0.34042849369499,0.261030117574082,0.9952945964110508,0.9223865296131816,-0.2806433376208437,0.9902715098546327,0.2215512843564584,33.78935429370707,0.0184558020336184,9.325816903128947,0.8934508298838708,0.0098976856985851,65.76807402545487,6.0306142339699,260.3891566816069,101.46903305778422,0.0800192588939492,301.833754099904,38.346,1.4375019564536813,2652.043487378013,0.0136849341966373,0.0042384839391659,6.09210184394364,11983.608511792165,0.9367119869764076,0.8373528075301506,0.175484172095815,0.9398972049295824,816.1676121267377,0.000379169,156.260743072576,0.0233229117098727,6.42722,1064.4996490494536,3.34623,2979353.102676038,108.21560445952628,0.000476227,3534.935307247386,0.2306614353734387,0.5228450157866866,1864.8780810696835,0.0059988629366074,7.730781805890651,0.3859674865652021,46789.1152791854,0.7785574348591864,0.5044224724157536,23.07673274851909,35.61810484214142,35.53003139136911,44.88331296502256,12.3693,34.26089625592294,38230.47719614845,22.37798958242179,0.7820491047412005,463.203,0.4343887734011974,558.0,-4.942919592972236,87.99847570206447,11881419061.037952,3.521715296930828,38.59982123120729,80.0253293733756,513.9770931985826,53.65540097845344,41.0284833585237,57.27854496392357,-192.1822887194741,413.0314032491408,23.456166171967965,1052.9881743375674,-1.6650283791708294,85306662993.31694,0.5374438317384131,2923.698918789577,1759.3473800447446,1654036.4933123796,-6568.734739089858,205.63852437579607,12.608549713475512,0.5519624938001441,1.2838104683000413,2.4733054175748825,1.7330092554308778,0.8048637755625063,0.7590830694222859,0.9968499494744046,0.995225,-0.1099804702697308,0.8680198985638706,0.4425392600395502,28.96028569994896,0.05435428973615,3.0822687906118933,0.7427400792497683,0.2725227640385569,10.2048,4.322742634831712,0.224451,880.6451400806277,0.258529435228111,0.610339,28.9544,11.56422302470018,5681.07622001699,0.00100254,0.010495914886356,4.413880648456603,7618.506088262687,0.592224391607878,0.324374598426851,10.677821321193491,0.6679773893013405,1447.2953972191935,0.0107967303948376,3.90476,0.0903392961429166,3.11374,30.1957,214.609,671069256.7316798,1078.1847783923536,0.0424842430601231,403.1644036374838,0.2583737118062874,0.6485839361120922,301.23496871285704,0.0029926580445056,6.123804324953505,0.0185413797599978,247392.49586229137,0.9299966444436812,0.2552477133459386,12.625571426503036,45.2101846007628,31.86223643080386,13.0384,32.43148416726538,39.39994718255123,548.583,13.725237959537244,0.854322,10744.89703799815,0.6515460320718136,25492.39929796655
ID-482,Center-4,M,0.0,0.0,1.0,0.0,1,60,79,1,5.678064556488118,12.505558083638334,8110.21,5.465210314507208,5.176031684026231,3.1929977997518884,21613.11993949078,15.277560771616969,11.209170514994804,2.033316147514649,10.917658839270064,3.487391745303487,1.8071,2.308246779089626,10.32325657810598,10.948562813468715,1.048984815083346,371001.8709480313,4795762.724520292,0.0677368090254839,1.5068281321387351,809.2037389862239,5273690.010971539,18698.21445468144,1202.431649945919,41.38953682164953,0.9253633158176184,3.235925416149936,3.2948234923097632,10.465146730813943,0.4112131433221876,0.208697759784326,0.9941533500566035,0.951670760360684,-0.3343486287511984,0.9743053724845718,0.4877002521178459,12.605946103028735,0.000347025,7.357051212470368,0.9554137849496568,0.00134553,72.15011137177913,5.729092417012802,195.4689338424431,470.3370297708559,0.0617498227389645,34.911092086083414,2357.976697334036,1.3379385694064354,4324.018559802946,0.0619878100019474,0.000384061,6.185449414929301,42278.43858427003,0.947064,0.971112,0.3823541549841823,0.9439264196295776,475.9603812136706,0.0116508797588994,1.93333,0.0529534488645768,404.3470913841811,1199.1070770375704,27258.975311903665,6485.56,108.43096187091422,0.000476227,1130.2844234160598,0.482710235573172,0.3459708573457345,473.8003311741518,0.000418855,8.31926050072164,0.2612899584013519,41461.048123624205,0.795038097105384,0.4371466858090459,13.324740073415914,44.70391966036512,23.19113622918375,33.45697896398995,32.10733462825503,45.72795308260452,56148.16797553498,40.12712515923256,0.529129518450237,463.203,0.3018651681460791,1812.6885099880087,-93.41631890480178,119.9057399728174,35633721730.43141,1.3975233253137502,41.14262226674073,14.47987370117952,401.2238636796776,49.56195297176941,8.582818440188058,39.93107336746071,-449.936276268796,1488.629630481605,13.217833038093657,1061.7327389033787,-3.755030779994039,55464958898.51514,0.3260131333861279,13964.786234961895,317.1535924624526,1117090.7662163072,5928.386392980287,34.196681560602144,0.212363,0.638356497015294,1.859439850702864,2.078120969956984,14.454928669174672,0.7185282082300968,0.4948443310312641,0.999872,0.9817498774733696,-0.282457083771013,0.8353261409138104,0.4253451754042745,23.25334707663857,0.3016978630826053,2.6332192889421213,0.8346219989166914,0.1852751006851427,55.589378359418525,3.117429791608442,106.5476254491486,49.2996,0.2041659218216234,38.00001547505882,608.1457132799558,6.358068440052575,10967.416885529314,0.1528768779278488,0.0130130201230166,4.4653327119403725,9008.999380423067,0.4376495519320257,0.6046409208505079,15.793165061180993,0.844282071231121,1386.6121373845192,0.008498136025643,3.90476,0.0152311,128.22654490261056,790.4379353361118,214.609,926288940.4158624,0.225683,0.0237960940536583,21.866567597844902,0.3278060807886602,0.5999579859048165,941.9782111629972,0.0422986064730495,6.476430577293434,0.0833653617736708,524093.3033388235,0.7932978233796034,0.6647958578777557,22.1163895412476,51.94864676434232,43.83766700705739,61.10864948513691,52.5309997665748,64.01183292208674,30409.93065393285,30.692014971187604,0.474034,6350.591455107524,0.4393752139064196,37730.53575750471
ID-493,Center-4,M,0.0,1.0,0.0,0.0,1,68,108,1,8.30868805463223,8.604889483141315,1488434.9017709112,5.58146341463821,4.719594191109588,3.102445485543577,12274.92168774692,31.86281812011447,13.71590159634202,3.401372310120365,8.30614631930418,4.961312401774276,21.770796694776703,1.8416255709139544,2.92476,10.626536877596203,0.3859749842847867,371917.72588479513,8110.21,0.0455357301823663,14.182703759280788,836.4565261002965,6865991.348042779,60175.08024907227,1878.442346579127,63.77168915278513,0.97466,6.066297269190685,3.848948434380108,13.27364629904655,0.2730303462023244,0.2712163546583633,0.9954745818080398,0.9632408276994454,-0.3073408266691934,0.9608835132637922,0.3953666544565814,43.89999665733469,0.0155615299791454,10.609931173268269,0.9245435817371482,0.0134270247789652,98.2259255798719,5.775817378921277,339.99773828991084,692.0982024407471,0.00917615,337.0369829623436,2471.831851296756,1.2619210217761463,2109.3391075941577,0.0573151413542306,0.015489877104527,6.876872230420882,19272.641954599472,0.8840527415702647,0.9047172124944186,0.144036843403768,0.9103807606299888,3713.700318030712,0.0064061263013713,19.39713920601861,0.00977157,303.92115063242466,592.6367761026056,74016.60223082012,6485.56,0.00123903,0.0533293024712216,5909.972574231671,0.1331660279407635,0.4949478385640971,1863.5413136330912,0.0115146650717713,6.459802244120906,0.4290860365906229,22840.557925421843,0.9623945842554922,0.8097206382953409,12.359959596909428,34.45945678523029,46.780002664138905,43.54734195270513,23.59818951269905,70.12405535872178,6344.9165196892645,30.844223605372203,0.6211534576801143,463.203,0.3705111579373246,4590.628942662963,7.481341972510172,47.49384682249467,3280140770.942852,2.9246195871806866,50.2769667389402,7.333271534964787,1027.647975250801,50.40218346346576,4.12072,44.54861742043824,-32.3284,1475.0676181629838,19.59474774869105,1062.0963091888666,-3.3317867554526424,11455277765.896112,0.2467943265671851,67.1971,2233.091603930405,212474.431577193,7944.251424618607,34.343340909706015,15.092018667072196,0.3165971529075251,1.900221000803516,1.3495891432512162,3.5699955482517804,0.8038400904162851,0.8374067962320566,0.99875237362782,0.9840909435584944,-0.2683817218993995,0.816575729585888,0.4201228410244661,33.50583245799279,0.1945567528984765,3.0071780181538736,0.7208096956621246,0.2936033159289101,29.72417014841393,2.6507915351658538,0.224451,817.6729231313459,0.2702354705323773,0.610339,1638.4943935603408,13.321536794092047,6037.445172978343,0.0411958002770375,0.0152975760572786,4.895503502152844,11090.83588260445,0.323781610487709,0.5791098769763479,6.504858521856383,0.5575798247917865,17.3286,0.0105975544758601,60.74491310496058,0.0320355225977014,160.8786595639403,456.5235022975821,174032.56568768475,259126408.1587627,0.225683,0.0217205615267365,523.0887232110694,0.4303039088682843,0.3325813702020488,54.74971565696147,0.0294458191310497,6.60272511151284,0.0862112101705232,190.726,0.8878559352617681,0.4661994830164457,15.519240565147031,56.9880832491239,51.686002210086734,49.1922141433113,28.456340041518693,25.26072705373029,548.583,27.30449319332626,0.624482114672898,3346.0375040880585,0.3843693596291955,4647.448484529814
ID-501,Center-4,M,0.0,1.0,1.0,0.0,1,50,74,1,8.514036626467073,8.730049304661119,3727214.878914831,3.848749159898427,1.669942744528897,2.5725582898443244,558.0,19.187567222078467,9.09212429431364,2.942320711599807,4.531157287264048,1.02709,25.844211307213524,2.542420151665388,15.830857563370962,5.374040506346248,0.741575554050679,173474.3563745917,2650643.3526075003,0.0210241948919886,11.13961633011731,3138.629931284297,312.508,5799.900816095055,989.523236018153,69.68642779065051,0.8732085984157808,4.719717166167175,2.6649556302431607,11.442504235301698,0.438508835795976,0.3931618186821789,0.9966341912212668,0.9548733927096827,-0.294304866728976,0.9753682662406136,0.3540035818014019,57.996446079501965,0.0090095673548499,8.08432551978267,0.9030583682815444,0.0262096014580058,37.43102036264959,6.923330363261479,3.02726,53.7253674663698,0.0563102533469706,14.071615880938596,38.346,1.5580767199805887,1449.0110053969036,0.0009862134206744,0.0249927425378398,6.371830336266564,10615.17934181872,0.947064,0.913245404578499,0.1139525367739971,0.9097903107873886,1162.4655735326032,0.0046370808300864,68.06204347011797,0.054990853777319,6.42722,2655.0266115055283,35185.23361561945,5856808.550554582,285.6686383191799,0.000476227,2451.002753572704,0.3751726591832197,0.6851479815414716,464.4445378312165,0.0077744453688174,7.44966639229192,0.1914408721237112,20780.66432146475,0.8307559859857279,0.7093737888667971,19.298397102523264,42.58572326621096,51.58938556193631,49.88768527986994,35.470995563352226,56.05527423290192,18204.12958913949,36.24830915493059,0.6150389682874766,2620.3706627543093,0.2001960126547443,32198.41198117121,-4.31377802382432,92.90347433777752,51956114436.98323,1.813207078680576,41.78167904666409,34.48213046821274,490.9904197217749,75.33931392869849,35.085110917509475,45.02010252185877,-305.98272103436705,711.9460575468893,18.69257622763747,1090.6850914920476,-2.6674287909548258,58893567017.50601,0.3939974548256723,12861.279669663352,2193.828490440646,1332550.2513349212,4294.329392891575,0.664828,0.212363,0.4622712634206071,1.583893209481876,2.0881914900713765,0.181279,0.7519318374617129,0.916126,0.9982477710569904,0.9625047441149972,-0.2167618144015831,0.949142,0.320014274535958,21.31983251080863,0.3422449631781654,6.388281013193163,0.920413,0.6214066591118008,60.9411797298807,2.844536990528697,59.21679141142485,7919.973056760522,0.4251895238363319,0.610339,1542.3039830846617,7.961013834409732,7386.207213783033,0.3462772418285712,0.0133045158725947,4.838064162922816,17515.20554766085,0.4921320829956361,0.6756882469970131,4.114347073140025,0.882034,1525.0897849565513,0.000389061,3.90476,0.0474316075095667,84.30994033329505,592.4782000995241,825072.7717862867,278357482.18503106,1771.5823960304797,0.0416199189316921,322.67518233362847,0.4437956772681658,0.6198527983003778,270.5680624124253,0.0225793227797634,7.098734058602689,0.0151951889438867,25405.57914948155,0.592844204340329,0.5907305638850155,15.583834008960384,35.09201451520978,50.65560663794386,55.11137837375871,51.16205294389143,56.85316798301516,38854.65895547657,27.266982764086464,0.712743282150816,458.685,0.4280782896323738,17119.662931297164
ID-504,Center-4,M,0.0,1.0,1.0,0.0,1,77,74,1,3.70213386982456,3.46337,254041.12774477663,6.076371844740529,4.776255925442771,4.058786413036938,60769.797728941136,27.93420766264053,3.883294061662093,2.5504665812414635,8.842984865250576,4.326708253291973,10.988831352536677,0.7314280282350942,6.379768617505958,13.88110819307659,0.1563386974547951,137758.72741603822,8110.21,0.00914519,0.134882,43.7843,312.508,-21988.27516210811,108.6967241020504,0.897676,0.8834759249547264,4.127280909175723,2.980560849601676,9.068499729295976,0.1817690873809924,0.2266064659609667,0.99704910296625,0.9372235842107572,-0.3414052206458677,0.9487134150425808,0.101875,23.25871568960732,0.000347025,9.77420440772029,0.9437900694804584,0.0026487234421256,94.86270916486956,6.3421502109563885,750.828408801209,696.948040895722,0.0220845529886033,454.2941591470074,38.346,1.5550272750826966,1852.3163918226871,0.0194387637140701,0.0014975724973586,5.793938314688022,19990.257809612354,0.7697280111148159,0.9056097712496244,0.1757474691456777,0.979283,2463.041913149733,0.0171619632681143,110.25860577013728,0.0320521817980285,356.8490117946476,552.7259431219788,3.34623,11700969.73592216,86.87239950572801,0.0256721545614126,2.18182,0.1134855877183882,0.4988835777609369,2331.0934036853832,0.0240845397267636,5.803229045616533,0.3685376824581803,11756.488624360914,0.733026823448566,0.5434725600168662,26.734779433364256,47.297011499921794,38.31223826719961,46.99280637714814,42.64573721978727,70.13459677594967,31856.47921907164,29.780771198350365,0.585274328409096,463.203,0.2735999133789201,7401.45643077772,0.8499514528425198,65.57701634177302,23409901087.451427,2.921293005248681,25.15856184156238,53.78780787783309,1247.798274557473,46.23974893447283,32.46413751849142,52.57420836818604,-93.38816682350851,916.705742865624,9.50912160405348,1052.4754084995743,-8.618850707870653,43539209906.05101,0.3092571539675278,67.1971,26.3153,1170366.6028714818,2071.335612070357,153.7808010040225,0.212363,0.5336050608446771,1.842843560024207,2.018169455774545,1.4062995882825984,0.7011957643835389,0.8467913505674259,0.9982626431091378,0.98770370023577,-0.2288788296625844,0.8078818260605986,0.487869926878973,43.02959674411917,0.2803982030840743,7.225237133511068,0.7777859851828559,0.4150484507542787,40.293402916740845,2.662380137383574,9.110050626998378,6846.116454316492,0.3566923172183781,0.610339,1353.801302919839,14.285102447051106,13591.279176373244,0.0331792347551318,0.0124394906408359,4.096008949061782,2659.4972704035004,0.406340457644576,0.7946101226291311,7.982551708006289,0.4921596678188322,377.606145872521,0.000389061,19.572552760243,0.1335377298044807,117.20177293015333,1107.3020676563483,214.609,691464302.4804103,3314.566802569454,0.00104556,915.3545913144884,0.2979990429945284,0.4779147162782112,6.83919,0.009934014853177,5.706814612584927,0.0588689056786384,132871.9982800399,0.6119196500674878,0.7446506643421708,23.97243615867842,34.864329115120704,48.49211681128458,45.93036412928026,40.562021722838935,27.92955676381162,32000.24414707593,34.33599923230107,0.7286902165840398,7376.9067144608925,0.2390294999523462,562.0
ID-507,Center-4,M,0.0,0.0,1.0,0.0,1,70,71,1,1.89383,16.65823470947754,5115701.837645817,6.19095766135025,2.962671805272328,3.0070761272371413,12411.392633283447,3.8637,6.158763464369666,2.3382612746370306,13.440706407933828,3.1290098023273467,21.627183280622333,1.997866950496223,12.567681441688018,16.672781978073324,0.2058788616683132,190418.5262925056,8110.21,0.0587459885271125,6.1520288002804,3384.517761602938,6459915.793083416,-13969.189676740918,113.92582281943098,48.76328475321644,0.9320097843475892,1.2075169387529725,3.4463761243365614,18.69456635194448,0.4446512216451755,0.3727700653768561,0.9976303170163016,0.9330425722834848,-0.3369814669811747,0.993989,0.4853488589556176,41.80597246215351,0.0172429300805256,10.787833385349094,0.969412996482803,0.0150197844876605,39.7964622255586,5.867686150019729,54.90683972478638,36.2218,0.0373478937556338,224.76481485280053,38.346,1.4449686820189758,876.0729461171827,0.0082396106407501,0.0129368162918105,4.545884435891083,36321.19403361881,0.8662392006408338,0.9078117857481524,0.0353675,0.9734872579324576,1822.1163488092984,0.000379169,181.0707493486336,0.036462378311478,51.6689640449043,28.4667,4407.876995064482,5253549.526264486,0.00123903,0.000476227,2860.88659702378,0.4141442913661263,0.4667643599957514,449.0735872280631,0.0074575881574523,8.404925197902813,0.4413007944886188,497.4729148561173,0.8894947033333511,0.4595371478579121,31.389239032031945,23.748672782128928,45.90509481001627,41.23829914326704,34.13073316250128,32.89012530753231,17881.64397591993,46.24166542314472,0.4968140561288828,2898.3113149700825,0.3076399068577833,40843.59075090344,6.161990307354492,40.94393219623859,10499486204.07056,3.4419539995539434,40.52179266706063,52.23974506892959,1368.637501752619,25.161534827444605,43.71265341691552,49.79063751810386,-142.28051198007995,1368.905434922269,2.31624,1032.9262383198643,2.125215575131194,44432993300.86633,0.303549879976637,24618.83600726381,1441.980020965687,5.8552,10188.922898518911,164.5087463569183,6.103622662019559,0.7757827339943124,0.5979253846489536,1.0852515965419605,1.894265131015164,0.6260551558203155,0.916126,0.9968586263001218,0.9878975901585112,-0.0666260498175272,0.5741801669232082,0.3007416610248656,31.723548431983303,0.0865207829533016,4.36131637240203,0.6373821931855688,0.379533173851583,80.14098664487429,2.13698379401798,0.224451,1377.9637389492816,0.3734436050053674,84.00804602394602,1619.3426589365104,8.719084138953708,4202.9411765514005,0.3797694650488328,0.000499152,4.642267774650536,106.226,0.3487131999175119,0.720343380724991,3.569974545369302,0.6401976518193746,1194.466093054755,0.0051621679740164,111.56109713221082,0.1185875409432194,66.82698400922833,200.72233059923704,482278.5374215606,588036300.1268197,3720.371023969476,0.0246269431283285,574.1301277664381,0.1225793817592082,0.5030962546623978,238.4480719797544,0.000562722,6.233427887539878,0.0284199946870682,1201560.1738977958,0.6428265046595848,0.5878592353834298,26.371806058348007,27.317486625319987,66.5607127284261,20.219165586273427,34.677786026330686,70.1480332547458,23851.24510768694,29.546606652438395,0.6545058631199578,1837.730860024076,0.319944554383116,42827.55045320372
ID-510,Center-4,M,0.0,1.0,0.0,0.0,1,57,104,1,3.199867170393196,12.735137144558095,4786724.974144905,3.806497275090496,2.7348222465490704,1.79041,48908.09639048621,15.112878376117363,10.469739376222297,2.130507344381065,10.1522426944096,3.685752831721774,16.82180361311621,2.046701915608932,4.085220926039122,19.09159287717339,0.6846308303439431,305708.5927081767,8110.21,0.0682980346687179,19.37526519282608,3311.295581889736,312.508,14094.594920382073,781.7540780529379,70.35682866874895,0.8713923582013154,4.703401928514792,2.8075982865860465,13.575865627005715,0.3898571991541536,0.3790007337872062,0.993855265520934,0.9488058156877786,-0.2570257927766161,0.9801403701768108,0.2291361633070372,39.87318186745774,0.013162752679514,10.48559958747771,0.9246940284031208,0.0264449575418874,63.80628788291936,6.703534087315825,245.3387801799204,336.5710512308133,0.0395098948533254,56.3943942094586,2221.124859599786,1.4121817710334468,1889.230042327244,0.0454493129000937,0.0293889889020361,5.72787304812695,21201.122264101206,0.9120991867346292,0.9347904588785412,0.4549006382528198,0.9718831592632629,26.058,0.000379169,52.79121040496899,0.0818238082324251,6.42722,322.90018934623566,55095.61812690469,6485.56,101.96599850463248,0.000476227,1156.100445338539,0.1834563381593433,0.3015255716428859,1981.3656670683808,0.0294921100091987,8.705456034472263,0.3931500570010762,10463.45455680188,0.843959593909508,0.5571069651977699,23.697263425375283,14.874317739123434,60.61481757753351,39.86896200145668,30.41194627086404,50.04928085898542,26452.18483393372,16.600395005107664,0.5466969483125561,2878.876409033,0.13282,558.0,24.21500296636304,90.42178620740626,47849443772.16078,1.6180699397827705,21.74231156273274,46.14640460256871,696.7633628588027,29.281223410168167,9.219881269213738,30.12321952005397,-473.35994292476187,640.0745081999901,11.391093941722223,1049.5370088050977,-1.421405987701548,526132000.0,0.2892175626964469,67.1971,619.0505031459902,921058.1294783592,-1232.1703271016086,69.94564109773037,13.182817830676708,0.6447811261312442,0.7393297285021609,0.995604832435789,0.181279,0.917477,0.7765639490496699,0.9947255922530398,0.9724647493577576,-0.1610588348300466,0.949142,0.374176323813516,10.848441293243257,0.1538077423045631,1.93392647390595,0.6885821237283118,0.0627494179258518,21.92814736498034,3.8422165803889374,46.16442199780813,1303.3711676580592,0.2854175118386535,1.210126450584082,976.177176317198,7.836634597162952,172.295,0.00100254,0.0101973070289588,4.17309569669201,3905.842517288658,0.5289596535660561,0.4396133681203176,9.035874626556364,0.7111469913628208,1875.070937827456,0.000389061,3.90476,0.1933366873014437,99.72276775300588,1289.9318026200738,214.609,847070679.6252316,747.7610854587988,0.0227655850638635,951.7028944820736,0.36706091971145,0.5355647448549894,399.7339790783929,0.0346357287867395,6.59142143735838,0.0611277140219758,190.726,0.9661173129343272,0.667347985183912,26.188456418003625,55.46714296642888,26.892874486413103,75.28443291986866,33.24455555683626,59.51316230110868,23921.068674149446,34.91421674774566,0.7066205869165691,458.685,0.4236327157200278,26915.84665012449
ID-516,Center-4,F,0.0,1.0,4.0,1.0,1,44,114,1,6.059707430015399,20.200912878149424,2406487.7703608847,5.670009006622824,1.489435315267988,1.79041,10318.104942260545,15.749968810341592,7.599817800434442,2.772059617669113,11.989542256583103,2.706666518484936,8.536890754052168,1.7920129245803178,7.597473375339254,11.910580105823223,0.6109084021783187,2087.32,6029570.708091864,0.0419168234428832,5.090168956909304,2744.849199956773,2635928.615755513,47003.76452578027,2316.9360771073298,13.712414411674573,0.9006908442356838,3.221170679065292,3.746693502715104,11.643822107184254,0.5052505886288582,0.3644137867069056,0.9944393357872762,0.9643823319359708,-0.3075049704226037,0.980681122946214,0.2429221958883564,38.75426754062212,0.0215879467203228,11.229578817463397,0.9636943920327514,0.00134553,80.09911631442452,7.025488491420507,47.71918868267796,486.2952300977528,0.0860339674006182,465.1655621485818,2215.034365467114,1.09603,185.2518502043312,0.0633698057607169,0.0173585482087174,7.10604,18639.94583869617,0.8433078549347877,0.8317420637106602,0.1115057700236799,0.9445442869938384,456.1121260381613,0.0095996985883568,150.24530966710842,0.00977157,383.9440436118709,28.4667,11285.29035931591,6485.56,0.00123903,0.0869582494003418,2940.279555534392,0.1992503756771225,0.4757521430251046,713.0119448784321,0.000418855,8.83279,0.1293077275786582,7000.342190797803,0.9157871026926744,0.3208716690775925,14.56251761419692,49.897651487312814,44.50128127914101,18.326971015477707,45.4857098679346,25.35844898700261,57689.69702584562,34.80965918196927,0.8369916102733487,10428.25360346473,0.3031334920078338,34470.31318008768,51.3066,33.3375,69174004387.77759,2.143031186312673,36.464979901454434,83.90879815974895,696.2075781451324,64.89414350318293,31.04839862573096,54.0614910820133,-584.3039056532582,835.6300681421227,2.31624,1041.8281659514448,-3.0177818345522547,41517452050.25012,0.2633872792826705,12718.524833129475,552.076060167713,5.8552,-3580.6540256371754,0.664828,13.432882374707894,0.6423389125029525,0.678046920723907,1.6606128258748474,0.181279,0.6145813087105692,0.6823431390522696,0.9991369974161765,0.995225,-0.154271909114931,0.8459677887272041,0.4350220613933054,8.08126323195928,0.3144525362188828,3.980613926944302,0.8249898036798875,0.3303788600832686,86.24930048298721,4.846664498482822,0.224451,331.6217255696887,0.2907286308152994,0.610339,1223.5973757327326,2.5934113339352405,10982.946831772884,0.2254415588790587,0.000499152,4.507825578100557,106.226,0.3230174644716279,0.7093242610241247,0.291681,0.5318363993336208,869.9649259730572,0.0185258444050405,72.57879049697908,0.141087779165345,53.83448607330574,812.7621182123911,452921.5944320948,63095.6,1473.9809996357355,0.00104556,453.4435619956338,0.3468517774016235,0.4940586447145795,843.5776095660545,0.0291956708556301,5.248725884794536,0.0074153119256454,341843.6350821466,0.8475776796358404,0.5131972929717471,14.314777010571875,19.51443582805685,54.55630927645051,25.984186614890536,22.951509559152186,45.88769621611711,15394.890102490104,22.884743413428865,0.8484476294876131,10746.066108033488,0.477432750471516,31063.10497381028
ID-519,Center-4,M,0.0,0.0,1.0,0.0,1,65,86,1,6.347663687048925,14.658149417898793,858358.1234234688,4.58556152229584,1.398411768723726,3.328645720744676,37526.62562853133,3.8637,8.584254446222229,3.155448803636903,11.546572226340931,2.3178836076318614,7.689871503663666,0.842400675105861,14.409057470555265,18.553882080274867,1.2475016150926614,2087.32,1198391.37936934,0.0370849855523367,6.070961223028816,773.5315972787878,1397379.8649261715,-6976.166406563909,673.328995123466,13.091555758719494,0.8657249284944132,5.370032729426507,3.011352176021647,17.34975858399578,0.2076320081901264,0.4202440404700113,0.995653247968247,0.9404467934446,-0.2574993517831742,0.993989,0.4133709984612243,8.173233440091318,0.0159863211668384,11.30248913104439,0.92096365594212,0.00134553,52.27798221459159,6.566458265855565,144.30436296393964,993.0780946806316,0.0932602176093526,38.77367567340852,38.346,1.377518923976293,1545.2591093900369,0.068056100687329,0.0112972400029653,5.963508029954244,32576.99832387677,0.6503892458406825,0.8585148523200903,0.1716283898696445,0.9544732988751112,2639.9034408882026,0.0066913846470324,103.62470797071148,0.0456899423889169,524.8917090199938,880.7723220773112,38276.89520740793,7972952.993122006,118.0599628732925,0.0394171188225917,2.18182,0.0700486252700138,0.3580808401258065,2.66496,0.0058799656600661,6.431847166737015,0.6263372107060066,25180.028832640302,0.9042649452434944,0.54351850029569,22.631309577676745,44.00160359498713,45.74967367530184,32.71678513743727,22.77540935744281,14.7986,19115.69774249067,27.59201455177052,0.572752437067656,6038.120521279427,0.561015415589313,71083.69536054831,34.33804842875087,115.60339022425973,88177032971.4753,2.0902364497475614,27.790805248634538,4.87956427996442,412.5682479896277,46.48628066338948,4.12072,48.77187501207534,-658.6552383023443,934.8603285013766,2.31624,1045.6971894642306,0.1736358169600996,26906493947.17481,0.2509938608276935,3235.054439729746,2310.9271557460133,5.8552,-2270.5254397458984,0.664828,0.212363,0.5486935431830073,1.8969272621700008,0.69169,9.478062587828338,0.6862753903552348,0.7124516154539303,0.9978667945306702,0.995225,-0.1641534239808239,0.6943133581118375,0.3008668118365598,44.45827605298286,0.1761391693714949,4.762054374699593,0.6702421487793151,0.2952805315041223,89.71566793532038,2.9821267077648863,24.679068101021137,5136.221357079103,0.2815240055622031,20.3028388270234,997.8206537496076,12.775532866222507,4469.849747683981,0.1896842448583328,0.027509737407031,4.672291227651507,2246.430230737435,0.3559840551629394,0.5878446480953602,8.78481766887039,0.6396229278289223,621.1176077134083,0.0006659012672236,61.10622230987977,0.1634296705585957,238.031790466973,30.1957,87541.0239559156,522847705.823856,4710.908160658152,0.059409627811307,1013.346832895638,0.322072839541905,0.618907120995209,682.2708813482061,0.0072446814013152,6.343123289291426,0.0623588686603793,540627.8386251947,0.928868059877448,0.7477170407738456,11.529560849145245,30.00960434292965,56.54730474745628,66.51785699076044,37.633882350533455,61.15065295275902,29181.970231203188,19.70819840720217,0.7083513347946316,1517.216499419661,0.1694059242224396,39360.73359080552
ID-523,Center-4,M,1.0,1.0,0.0,0.0,1,60,94,1,6.867755038484402,10.29796208237885,2711796.177876888,6.531030479368608,6.277304136580774,1.96303976590254,558.0,25.826882982496773,9.049057343031311,3.771475386206835,18.57030445924986,5.876820667292838,15.381628375042837,1.6926029568170748,6.900560494262916,8.603551110118579,-0.1509553409707943,267795.20440182433,5940255.05307378,0.040540235037031,10.545072937019007,43.7843,4653726.648637057,-34479.2,11.2113,28.743680946396346,0.9185831132819232,0.682288,4.078051276188098,14.631713915280084,0.3706015988767173,0.4977339259180155,0.995890965978686,0.9560561280366244,-0.3025159709859715,0.993989,0.3423194717053811,48.4810341581268,0.00255374328343,9.379052410676112,0.9509351032176084,0.0120389354047922,43.46128258705016,6.746405793243979,449.4043475303894,1050.323609918139,0.0691946050412572,383.832885607452,876.446856859692,1.3472755976807114,2725.9318552558625,0.0442619804436448,0.0187953900485157,6.010500844355359,889.0486970903107,0.9293855601002718,0.8579658895662446,0.2802120970446624,0.95992861880007,26.058,0.0157067700000302,292.59898022515887,0.0495138761051179,327.9352338236099,1477.8964229160504,15326.482126093832,6485.56,0.00123903,0.000476227,2.18182,0.1741636553543334,0.701856042090719,1566.0338384033796,0.000418855,7.999508642160007,0.2085786303701693,1.09326,0.4903238014793868,0.5839436291312605,12.52232848051554,50.28364494477806,64.5820492011691,71.69657707756615,48.71532507819898,56.03093664359063,47920.24177746834,35.310564965844755,0.6304638032574239,6881.086814313345,0.1651144748921979,8331.911713065132,47.80336682625588,71.05904079270847,12163986771.421968,1.4305254249689645,5.42996,88.56386079761532,705.1740573547363,58.50014080898093,4.12072,47.32706464165619,-554.1904615621893,1624.8861500102753,2.31624,1078.7080134695393,-4.118880558628371,526132000.0,0.5224157157833033,3813.426249380269,799.1258454078486,180696.70922576584,-4091.918691490828,144.85210889881165,24.4169668717652,0.6292943498235021,1.2848620481236597,2.3400490016297346,5.529664438834017,0.8789556083509362,0.7691817354542956,0.9968185136947408,0.9823157513812598,-0.260033220188386,0.886848391253152,0.494728,11.167547622117574,0.3397474487046868,3.788951805313221,0.6841434708702303,0.5413749520729745,28.04133289136182,3.6692835034214695,52.49269825624331,3445.5183330090777,0.1938971387264498,89.30754646668242,935.4783339142176,15.061076417996691,2850.9237302002152,0.2859470127235737,0.000499152,3.988869397490981,13418.584523563111,0.3651518625960301,0.6036058426142153,4.042135924490303,0.7433340186728863,1505.3961524020604,0.0054041292708979,7.734317798954001,0.1179582331438607,111.0224056055392,1233.1177774117662,126607.16111430712,261743944.7381468,0.225683,0.0434038233942016,278.4092154351679,0.2421549367972806,0.4544919042197679,6.83919,0.0016269776707536,6.62189688564048,0.0724972190785056,190.726,0.981698,0.6327713895624039,30.10830406608983,38.87764402224535,81.84622561286162,20.85800718040391,33.5968264812122,33.10117313315119,548.583,31.340056415587163,0.7705062237775822,10347.740734827958,0.2491341193605136,5370.144806175464
ID-528,Center-4,M,1.0,1.0,1.0,0.0,1,48,97,1,7.258170315834556,8.46215333040153,2742730.0183868287,4.560805173003336,5.264905626662379,2.7356763153647057,9417.38332245802,19.36747930474121,9.210948576531624,2.3024768808132934,4.412383007705133,3.993912813616807,17.71133917588009,0.20577,5.633991541743132,10.764493302910418,-0.494376053033901,196450.2185137343,5290729.101222503,0.02228751146102,18.203352080172227,3357.450702172161,5445960.706958322,12016.878510541566,198.18806012546145,35.181431598401915,0.9416677089254912,0.682288,2.9456145207348707,0.393348,0.4551048806215486,0.3983499292974543,0.9949142259154384,0.9517123755960816,-0.306465694862752,0.9751912102268792,0.2734764091602999,29.63029398248121,0.000347025,9.891922025396088,0.9175698534325092,0.0166584115239565,63.325086192538464,6.622679619395719,86.13793965456244,587.5826232325326,0.0326234198889826,215.86196963659484,1669.3959689429198,1.6990677831660863,232.4012653767856,0.0600937789370335,0.0077674619305157,6.212128996037323,8341.141124894826,0.9290741297643708,0.971112,0.4403963518830203,0.9368738206712398,1792.3286020412677,0.0133408008059181,19.25437584764368,0.051725317585499,243.6836691653144,1857.9357616647665,3.34623,6485.56,194.87041238115864,0.000476227,2235.573287501212,0.2171118490119448,0.7026660707225395,585.1454591137602,0.0165150034953908,7.853352216349341,0.387662291300912,26393.110617338352,0.8668216154643312,0.6782427887562869,29.10298212418502,31.429229247869173,30.62678483697077,52.75712395816181,55.45889085306436,40.63405379901496,545.25,10.1665,0.843337,1040.1787936844307,0.4743746178549192,55289.75800295222,10.849700112813036,173.2388590965167,526132000.0,1.8144467003826288,13.970221414596978,53.29159020155711,66.3085,62.10510016337925,29.057525028966,59.26109273676361,-1055.39,401.151726868365,12.10018059508612,1011.8726753188184,4.528207365321382,24323693715.11111,0.1568593106003396,13233.813682348173,2817.7420352174545,1733089.7410654863,6715.473166395364,63.50044468999059,4.594974666702912,0.6553290698270923,0.9414539535701963,1.7803107834428953,14.716203641331326,0.7819504312487499,0.7020306499991618,0.9990633895178224,0.9739587853377872,-0.2637077905253204,0.8384884557958907,0.3740808291422183,24.17311582789641,0.3421104796626422,3.782703481039458,0.686528292208402,0.0386862,10.2048,3.701019198286194,6.341928195471923,1272.8689310628135,0.186824397034238,31.67360536541404,1548.8697933538183,6.730141799662793,17665.027822902568,0.1017793626639599,0.0048588576611845,4.830522241951486,106.226,0.5305574243053183,0.4369683071967115,0.291681,0.6717461468634103,648.0921209884548,0.0067795584537302,41.09894871335099,0.1542898848568668,141.15216293130015,453.799298841328,276702.0134440284,687080400.4765743,2692.6852058215018,0.0241306983553127,536.3392957377947,0.3627898775162918,0.5925691804828641,6.83919,0.0041417071463107,6.308774611968668,0.0522323227262262,703688.1124744768,0.8148975227994949,0.4552160505399723,31.19589394094628,61.686362202235394,32.85577697830435,47.46865585571788,35.63731634290365,48.02721588173403,27189.204265544795,31.91849166398185,0.6243242021034731,5663.940564498869,0.8429207483508353,17992.856415971066
ID-547,Center-4,M,1.0,1.0,1.0,0.0,1,65,83,1,6.56675934631,3.64174185568279,1376106.1079126322,4.835172176816903,4.364708825368326,2.471347360242563,33801.85864597813,12.948946073071088,8.892610902807727,3.8552092062570873,15.057728549438789,2.5974271563293048,5.927543166271905,2.494807427436528,13.253432513810274,11.257239233447596,0.1157085257467194,344323.9521758997,7213228.997569685,0.0715947319648146,7.094174747689214,43.7843,312.508,-8351.343915521218,1257.5010006808725,23.563842970065902,0.9635875149190142,5.206679031447384,4.124405054684883,26.075782129851525,0.5016236046189309,0.1469261782043563,0.993971373260966,0.9631923123913888,-0.3297862524435933,0.993989,0.1397269706507748,29.650593829397128,0.0078223368711485,10.08018531885458,0.940840664544218,0.024964972356602,12.838,6.054331376181583,152.30985846039147,278.5035147848056,0.0702600496028869,529.5580585162638,1860.664638081292,1.2902890664500684,116.083,0.0118415805909325,0.0178335530359955,5.541344479492032,22837.62694464613,0.7508551709529172,0.8594345105390292,0.5614396075770853,0.979283,26.058,0.0063325486238566,114.00567657531792,0.0549175839333016,444.7678014283261,28.4667,43320.90826179106,852374.4573518818,131.73296390474292,0.000476227,1490.364525622569,0.4324496843894355,0.4984230741137859,686.1862848286665,0.000418855,6.797131510459762,0.3411610831493543,13313.86995720971,0.4531003161717799,0.6362877465366616,21.806539481624096,11.9315,53.32100501614579,26.989297143300814,25.012073601405625,65.15300288867545,10952.286274526294,17.00704851161202,0.6106337958412806,2990.6851329717338,0.4242710273807024,20268.657526982795,51.3066,151.18683292399186,526132000.0,2.21141961154858,17.886180758699133,134.0316475874276,1004.3808822200664,63.92298298443461,90.01326611100453,40.20416614436023,-375.2948374346204,468.5015485157196,2.31624,1041.1137935298325,0.8684736246581211,9743030017.977877,0.6813428978560256,67.1971,848.5449584935535,1979441.9457062464,-6017.7724948639725,109.1174964503344,21.98078664780343,0.8226329357459449,0.8945084384747544,0.69169,0.181279,0.7321467408619357,0.7988787339165239,0.999872,0.9766513183703104,-0.0645664648635702,0.884479698769937,0.442472214822728,15.447455352824756,0.0763536687992217,3.476118379203598,0.723025130050337,0.5088058067397345,10.229778749949322,2.7187238320133127,41.5300756683178,2015.3211670259195,0.327264166887484,43.28584972141091,1796.9481544910495,22.568714553816747,4663.388776076143,0.1560193886153072,0.0109838166722706,4.282325175342582,12169.07164133752,0.3776229332653537,0.2639489601159888,8.335582958085315,0.7505732654995387,583.4619047779038,0.0073440582182946,4.875932605246552,0.1134119181553325,22.22429178329752,810.0184197400495,680275.7187714748,1410100845.6190546,2757.4394366113047,0.00104556,5.90323,0.3336914729125867,0.6450058610066155,797.4373112042706,0.0406009651325187,5.43988024270506,0.1421604152297121,414127.58458806446,0.6860489552483889,0.8438216329323014,18.44747553719877,34.752662870021425,62.18044831366858,42.71440014280624,15.725780261878471,23.71155460057945,37654.59164613789,18.44422415372736,0.7460973995905306,458.685,0.3370207900163182,15750.515854265455
ID-561,Center-4,F,1.0,1.0,1.0,0.0,1,65,110,1,5.37252277222005,14.06668740273351,2909276.509341428,5.892206778540746,5.926930868069892,2.619337690226846,16937.52686100098,16.97736024323888,10.048658406328366,2.698761467255001,15.549520743952426,4.0702857080735,24.02093882372849,1.3136967776437936,2.92476,14.05987595756658,0.3531273820028437,2087.32,8110.21,0.00914519,0.134882,43.7843,312.508,35959.82091997589,1291.9497183329408,64.7121937060094,0.9437313962563992,6.84823684075872,2.1933728356487263,7.596740453606442,0.4056073127740784,0.3484949631261089,0.9916611044562786,0.96057078953147,-0.3353315485331883,0.993989,0.101875,16.923377088290593,0.000347025,8.53313428793033,0.8834443813978952,0.0296883767902859,63.61939976617809,6.787406667422918,3.02726,384.2695671612552,0.0648790890960893,202.2293036728917,3087.1073064150733,1.88376016616625,1002.1511386869366,0.000408215,0.000384061,6.100475366491116,34509.28684462591,0.8793839085604747,0.949779430280091,0.5245156935334857,0.903945949731634,2889.761237786852,0.0148130838530319,119.45078883545143,0.00977157,309.016571198649,437.8898944338093,3.34623,2810017.7627353603,0.00123903,0.0308060671585064,2294.9001025862863,0.5487742271457337,0.6361113497247765,285.14383025315533,0.0088847130730976,8.52202378172564,0.4972833394306042,50012.47054305638,0.4738687614903843,0.5080498131893597,13.543620523512663,51.80369958790878,40.682150963526645,67.05012437396478,32.64321867703108,49.27813420615781,52184.07947535416,29.58139422600225,0.6448082337372082,6059.78016366349,0.4421795817119746,28106.78844169693,51.3066,125.97275446877504,15561114985.257776,2.4177867415403496,30.48899177176337,39.25789144191407,455.8321901714276,18.82166419278189,70.04454604962515,65.1334,-407.3669095359151,1037.571098960339,3.7320934657059848,1062.4261058205368,-3.828035098432895,20609026540.81087,0.556249506202334,30236.03393799159,1621.7336012557398,305756.8593049698,-15755.829158739614,0.664828,18.83111089205136,0.5926602744348755,0.7351515413000066,1.967575022304272,0.181279,0.733189530909754,0.8350532324780361,0.999872,0.9695535172450394,-0.2039520622137575,0.5911800705373444,0.3614643526365844,29.84585023410261,0.0492292218980111,4.407202445779678,0.7362066197551469,0.2051541070423515,90.05655444772052,4.146866291269831,22.859883417636787,4971.499406769961,0.3214725371087549,14.928723042394866,1679.2653003853218,6.998323255338944,10530.15991643366,0.2819221680596031,0.0114152037400481,4.215992120712702,9806.849805645155,0.5620864228830506,0.5866403496660737,2.634776000265944,0.882034,239.9679654662486,0.003191710051754,78.60804420991408,0.0760840029071393,126.4471718838223,1174.9776454150813,701624.1371501954,63095.6,3200.5564573932515,0.0102636335248247,383.5133456292082,0.38192726772912,0.5084528533858644,707.99308669574,0.0403949907700346,7.67214,0.0554113160327308,72458.43838539929,0.6751636544567955,0.7112872586503631,25.93649771793948,11.4044,38.53865465269127,26.767536457274872,20.42598845049704,37.06616546134651,45946.60871568373,37.38291771514324,0.4930804172689114,4619.936890977627,0.373902122376316,33586.30291627833
ID-577,Center-4,M,0.0,1.0,0.0,0.0,1,63,103,1,4.5438783529893545,15.340215200517656,7143771.335447788,5.952666896774295,4.40676132920508,3.399981838521594,5306.215370919757,31.219624448154786,4.278023746777287,3.202002426369051,2.812282202453261,3.941294467656871,23.965514206883167,0.6392260501959903,10.738305724450724,7.12056649697289,0.2738234820947258,432551.82080065215,4918837.257432436,0.0430109083080311,10.398775331400726,2566.651617485317,312.508,19443.21510857621,302.52741055682725,44.0297318586456,0.9590056115054362,5.216996273757531,2.5439855247223697,9.303627436857749,0.180761,0.3090368029127435,0.9936893751981618,0.9449666000716956,-0.271536086716808,0.9479297360725796,0.311967258935404,31.998880265355755,0.0052165440457418,9.486906165617562,0.939119879023961,0.0313289724538994,100.34701107185202,5.970831935011481,237.9597070689816,36.2218,0.0351304542437195,571.7623774192751,38.346,1.8518768537736912,6091.140922615595,0.0482652636363118,0.0197747133483104,6.27002792208987,5503.83468713326,0.867585366145064,0.9063899575709864,0.0561257695354152,0.9497544968038832,783.3997946435069,0.0111950063780689,50.82423583874439,0.0464331492794664,6.42722,1367.3360173097578,3.34623,4152854.635807433,400.8723776520709,0.0050574742511876,407.4473738614513,0.3193864385050166,0.774879,724.6269963112273,0.0085094615215257,8.484336083768378,0.4496759586490375,5364.204483827118,0.970114,0.6282512625299962,27.80059844150348,40.40083185282671,47.59311291781538,58.55351561734881,33.47119780088167,56.223507277267736,3563.9110257992807,33.276536878554886,0.6039662486483325,7726.735097307275,0.4981619505490142,12059.11266622343,-12.434597383999982,176.56180619829593,38366174068.90672,1.2355170959292563,24.38018416868621,83.96089376748981,325.36637008581005,23.37312515242336,24.83070092059707,47.87214773883711,-451.74099479021527,144.178,29.55047267426066,1054.8901429420357,-8.687569535735552,64250140424.39366,0.4531966099355351,5809.908321119546,26.3153,5.8552,19750.8044820976,82.02364075674117,3.56931654243096,0.7376789685820371,1.2391553739550714,1.159099867002076,8.769226354283845,0.6158814749940542,0.7008943946451615,0.993048908321998,0.9688585893637148,-0.2343467869801222,0.7817286839014798,0.4756128031867198,56.2161,0.1635539737310957,3.4098950103278867,0.7434441028438865,0.4645305966636477,57.78184406675663,3.8571501707488096,0.224451,49.2996,0.2577945571237564,76.99363195382041,1551.5774027959114,14.637512855059509,16223.765041661802,0.0219612997082378,0.0124414341697096,4.486490766595432,106.226,0.5603435818763371,0.5666269394445587,11.936137791701668,0.6865081625445821,17.3286,0.0084142700294322,79.06346498608215,0.2227478476507713,106.2063188897975,1994.2198766715987,635837.6942173078,619931368.8203527,7555.30406946433,0.0092118611631697,325.92716216157527,0.2366006023854355,0.47540004559016,990.9412975344082,0.0235180215056477,6.193683023742443,0.1234603977339184,51629.99242357083,0.7561125263929146,0.7414217660290654,28.05851591089773,54.20939117984714,49.7551977172482,32.08679369708834,45.21687696365551,13.9284,548.583,28.31104762956759,0.6721260420759693,7261.627860818964,0.4903826692025121,562.0
ID-581,Center-4,M,1.0,1.0,1.0,0.0,1,52,65,1,7.037836328888476,18.10325873248456,553919.4532301803,5.750252662076991,3.436038220962616,3.2532857776126067,558.0,6.546353283963205,11.952198920239642,2.1013917364564656,15.220828177932614,3.257432950693568,15.963529733405622,2.160058657120452,10.8801222245399,13.753852459938736,0.5188845482826562,2087.32,6116140.299219965,0.0963660253935258,12.79132418847217,2512.958708735417,9361841.05954986,-8167.251719156862,2169.4991323382887,53.01222723816871,0.8994688014051604,6.557521294047483,3.1312403516655416,0.393348,0.3714081074416681,0.2523795822903668,0.9956840983878792,0.9567127581477266,-0.3044424219057556,0.9793102818710228,0.2770498052739354,21.83926153441994,0.0098914022975422,7.588624448609622,0.8926232587168821,0.0288667808749006,59.74838721718238,6.683522114221148,254.80218905534767,173.09845423358155,0.0405069434199693,344.14616110150683,2491.7632589090254,1.936405163685176,1557.5823460263746,0.0317725226476551,0.000384061,6.846894794453491,277.587,0.7525849382464648,0.971112,0.2085456808450874,0.979283,2143.99172467212,0.0151472080811406,248.89150074700052,0.0304955344702718,518.4721003902395,2192.3440207133526,23276.80313125549,4859653.374724414,37.42722005768567,0.0530011953329052,4655.90534572539,0.5110605880095728,0.6785908867904928,2.66496,0.000418855,6.876903535854062,0.5251860965346034,16643.699217901725,0.7783517101524928,0.864829,20.81173241302406,40.46579105107034,34.78440566984814,25.97355473819463,37.64701619422898,32.87373551797226,33796.63485475139,30.601662490941365,0.7371229924069608,2629.617881070964,0.4011981931634544,558.0,-7.553627626816266,60.76235600029733,48895122354.98972,2.007840184437671,38.25528708528444,80.54911999070058,801.2144100058522,68.7547996971086,45.4786645143572,36.520834541062754,-323.3587642482751,1140.999952527348,11.15747922662283,1050.6650682169825,-3.4036631446536934,44928424110.97224,0.3623218131173961,14393.010762070528,1793.3978193044543,762385.1128523031,6893.073161364993,0.664828,0.212363,0.5869860347902089,0.7153806343071696,1.4953885233827362,17.760679553551597,0.7805818936553208,0.6948919932979958,0.9954437073607306,0.995225,-0.1304358678138862,0.7768568967626461,0.4226946065630051,25.740541467877925,0.1542341270527948,4.899333671080143,0.6632898429126559,0.6463164159590671,83.37866503372587,3.146345992349856,0.224451,6200.231477517906,0.2804525776246014,0.610339,3204.87,15.991943980442684,5625.334444526607,0.00100254,0.0205886544759585,4.05074775542642,2086.5009569624267,0.3829507737157689,0.6357641734137048,7.144483786748651,0.4984105395892453,462.5708495332972,0.000389061,52.99818045662961,0.1451778241891236,306.53612869460085,576.0924431959207,255959.47741293084,63095.6,0.225683,0.0625908469763849,660.0667339613766,0.3303275628174913,0.5081420133322971,1340.9588147520956,0.0237570818075847,5.376264056270926,0.0533366269030142,176758.12157044624,0.783422998748485,0.788169179700238,28.738427764898223,45.20253623814632,55.27383259170571,34.33491527391029,19.72861316672784,20.28107246775023,25563.40131006767,13.7639727391993,0.5503458571211388,1865.630196269427,0.4829920680985879,562.0
ID-589,Center-4,M,0.0,0.0,1.0,0.0,1,70,59,1,5.794320306681229,20.86556100404333,8110.21,5.617703796251676,5.757974293272742,1.79041,9973.9398603468,6.668740633749069,8.517912395074188,2.747611124251876,13.777156201790367,3.258045975201349,19.829914123417566,1.9793697505745569,8.261712370544613,14.533471805201446,0.8615326659224758,64054.13255880152,3993187.266135045,0.0452893939537108,11.414575726681296,1015.6895810368908,312.508,57025.52731075545,1710.5320491209477,73.56542062332917,0.8549347210423112,2.4437853153095306,3.9756806719423534,14.774991386700812,0.2343165921607685,0.3499209301238844,0.998305,0.955600045932477,-0.2397588084122736,0.9873682958167848,0.4487555767623409,31.238865367985767,0.0030392710577175,11.528703281177783,0.9370847112246328,0.0309544547791257,68.43184449020332,5.942327973182583,533.4642430700263,885.4478715227525,0.012063638902581,3.51945,2288.647490921205,1.6078644310283434,2415.599321437806,0.0197818330556142,0.0153419261980702,5.491372086419832,1737.9139420675506,0.8489351075273952,0.8353884967632385,0.4773627429128049,0.838890048861577,506.6887898464918,0.0131582267219806,60.28966540943769,0.0137104965357077,6.42722,1121.6962730936268,29507.823447074446,5407873.124099318,0.00123903,0.0085464587271318,1815.4623627468152,0.0642722,0.5342794423047627,299.34752916713467,0.0050170258839722,7.240843296251393,0.525232902377744,17733.142479350303,0.6496620789871969,0.6555521035223344,10.011823948990596,41.918327160669975,66.40101775162798,38.844093586092185,20.696915818544703,37.68361871617481,34754.68807541907,30.658283800797083,0.843337,463.203,0.206051266539112,9544.478372579944,40.66519021994187,192.32136028587627,10225580197.982555,3.2476423011378333,39.08321422543108,51.36578518933574,364.3652666920605,36.866265339068406,31.261342341146086,63.14818204945334,-704.4776441893714,784.8790786939928,8.49631717065258,1064.145622618618,0.9265676401339612,48164593591.96918,0.274066061614177,5083.815999306149,2032.887068752226,216261.5132558377,-2303.4630946458083,81.74541222832653,17.32707688081297,0.8342858616777258,0.8016998488712506,0.8687184408706087,0.506057643555839,0.566679370068828,0.5916659878653745,0.9977172583725308,0.9770387451498398,-0.1591990499724178,0.9428724100986694,0.4772649355321157,16.50946620400815,0.2817463243119623,5.479692033924019,0.5282865295606813,0.4204431422428903,67.01733545778691,3.778447533656129,31.41118139498222,574.7637769361239,0.312868651898294,45.332074186415234,1060.8558400588167,1.74669,8000.367683204282,0.1825016598855426,0.0060250864500215,4.483909961264492,10583.35017135831,0.4430226153770636,0.7552431656187188,7.198588384785957,0.6591642129187392,373.7961629278142,0.0053984210987098,3.90476,0.0433931478691344,3.11374,678.9830660378973,387454.1334200656,63095.6,0.225683,0.0084218136687534,261.2524016266665,0.2756036990366799,0.6687275087998208,6.83919,0.0146829769343603,5.874772540184312,0.1014911146516177,487831.3364087724,0.9517090234130337,0.4030397088332659,24.271965095000333,45.68953518245429,43.81764085137832,56.42779557786708,55.19084213631555,58.36223859804063,23864.02321414061,30.466038220311336,0.6772628226843739,4534.052432156403,0.3219946959236097,30070.428669782043
ID-615,Center-4,M,0.0,1.0,3.0,0.0,1,61,75,1,7.845725783095021,14.300728223949571,4228349.635493098,5.392687837733983,1.0306420511171914,3.036651112299966,58094.853169544775,9.74812659886869,8.663537403235662,0.295263,5.399616207097909,4.042760926301781,7.714458328676594,2.725835597976985,6.697653687992593,17.93591760052815,0.6539940043731416,152013.75965097666,5593369.201224877,0.0207866035910858,17.470232212190982,1730.784675798835,312.508,27687.455546954952,1955.1271831068727,5.945669941360347,0.9689264970092388,2.8463333303471146,2.7282426328865643,2.4217743416061603,0.4653887841747212,0.1945332232157742,0.9970379639634956,0.939515896302234,-0.235993,0.993989,0.3161008162716998,46.206978477225405,0.0004801752926278,7.873805203770747,0.9225991520119364,0.0108686419670416,30.74053223254097,4.2819937876305385,359.4241153974915,1057.676784024875,0.0298884125551275,338.88949430914784,1662.6769029154784,1.8657724118651136,116.083,0.0442306508343399,0.0187573491187805,5.572252456785991,8821.64869791911,0.8829521394200502,0.8595159539395993,0.2752974761253603,0.8941043350984288,2403.5784331413724,0.0079355175808062,160.76302984760184,0.0436227930392017,30.08390386314825,1563.1011671364454,24502.48440828741,6485.56,0.00123903,0.000476227,1264.8906436768202,0.2991135809575548,0.5779568827106263,688.2545315194291,0.0159713268714649,6.28568928215517,0.2706621046274554,1.09326,0.6998729149849301,0.8130832110329445,14.12063251720281,42.71334071001618,30.339093966647606,28.72838126426012,16.21968078883109,44.30760098642358,24580.8779334668,22.8646458347835,0.4989398528976267,6144.96662202739,0.2053566990440799,558.0,51.3066,140.38733068417122,526132000.0,3.1895424047349263,22.359074622074253,42.06805680138253,128.78901551225135,66.7249792431324,4.12072,52.74506960577232,-409.7677048582036,647.7093682745896,2.31624,1063.338892979803,-0.6073092205819772,22123833276.43144,0.1284694349730975,67.1971,26.3153,1396804.0667044392,4509.589018098519,28.603560819856654,0.212363,0.6332839241170187,2.045804645631969,1.688562266531252,0.181279,0.5330770660885622,0.7999415623595828,0.9954600467658552,0.9839733009970972,-0.1893875785157845,0.6700870831993266,0.317020601080086,9.47295413503142,0.1266807066527014,5.025822621148533,0.833035016152641,0.3290405605749001,60.65436387786241,2.582844811885553,20.367101301466523,1403.122616416323,0.2486334024134191,0.610339,1991.26914111197,11.785682565003384,5447.039023310475,0.4001856733124211,0.0100894628890771,3.574126857988664,4099.190141817905,0.4893974106160241,0.3758304189880441,5.829766815730875,0.76283964081056,872.3701828217953,0.0084930951259886,61.38451244042594,0.1223088528374979,3.11374,1404.6415732058233,457555.71012774383,799610.9123730361,5368.072674406609,0.0141364169949613,10.769748128689244,0.4648017000216271,0.5383564359484262,1089.8543597245805,0.017099675580851,5.486223496882768,0.0567245794938008,190.726,0.7003655565442064,0.3749513241003329,29.79776056802752,37.28371419103994,47.72303249273264,42.05442909559991,37.12746750395036,36.21466211013716,25411.82615583617,27.020332642037243,0.642380989744313,5603.715867597705,0.4062215942943093,20286.14435467479
ID-653,Center-4,M,1.0,0.0,1.0,1.0,1,45,79,1,6.947810894577079,12.18800932507339,8110.21,6.697810310353493,1.4276311169166611,3.24289811890329,1168.030720147039,4.573797562257199,10.558637045317951,1.8801011750631125,11.944874713832697,2.359558696242706,25.103451363116942,1.9492327069307345,14.066355668543894,21.78032099222315,1.0948386017451517,468456.25468560925,4544468.922071504,0.0324213130292898,8.469956371046335,2305.087623766745,9036362.858095728,9164.0400701457,1518.5789448140326,35.41704477237515,0.92195442598962,3.936392197600747,3.82541043643614,20.71338112448548,0.2752046355963269,0.1914752076083783,0.9939815356478394,0.9411539262338708,-0.3078780021223553,0.993989,0.1859930822451012,21.687237886544068,0.0160603616331858,7.161133559625613,0.977199,0.0219669307730842,30.91155578543024,6.323205156656302,89.96897279246514,488.54368428734455,0.00917615,290.77994975821497,1624.1671060996016,1.815775523998343,2500.75745125512,0.1185232323663503,0.0180115672640392,6.76789977634389,29158.82727036664,0.947064,0.9014031780028294,0.264310052138596,0.920346098887938,1062.6751730518986,0.000379169,169.66720045206245,0.0347357403702728,213.88926289682485,1888.6440366254249,3.34623,6485.56,162.77927141796374,0.0336395780152407,1098.1396912612809,0.2836105362498456,0.7095392012698081,566.5543580451281,0.000418855,6.823850354366018,0.42113632006333,1.09326,0.970114,0.6027961523131129,28.991494040414395,30.86607646676556,43.11800686797689,48.04888711525157,41.61015338444104,47.94613719192175,23833.53440895588,28.39579490615419,0.6809974957185758,2719.842489781735,0.4996981393112674,558.0,46.14960302554451,126.88536784612292,25883455404.33321,2.089474767231257,10.547456494288014,87.32182521130059,1030.4139577568365,17.238287328383386,20.618736588734915,42.73243068396355,-270.9741004340404,144.178,6.774469976360971,1080.2398599562755,-3.828011374832396,16318305027.019478,0.41505178211532,67.1971,1434.6534776225994,77706.23578130061,-5464.453775549071,0.664828,36.42255497922126,0.6594905080328136,0.2729247725464532,1.1476333865447514,7.935889175051562,0.6545258199286123,0.6251570282788129,0.9976675949546636,0.9603940804305672,-0.2719863759729522,0.7692750749669899,0.4343698000726951,31.90879802057586,0.2357101479583311,4.373701515799697,0.920413,0.3894671687854648,10.2048,1.3991559213998028,49.3674020766826,2883.158453732345,0.2669816915424998,13.779119757254849,248.07178591627127,10.559764497057376,3974.0613125569184,0.2303668453983975,0.029391721059772,4.557153172236353,9496.47020444218,0.5252305000781158,0.6585038180692013,8.918540288584865,0.7488154421039177,608.130975956661,0.0028625489698561,57.47063460144919,0.1396477511625307,79.42697263215763,3135.3476870199675,214.609,829797668.8805926,0.225683,0.0234264037578721,858.6239332811939,0.4905505299860032,0.7011451932041488,6.83919,0.0025502868707777,6.492412842755814,0.0322726096214856,190.726,0.6941878792098344,0.6733739723263541,25.497298107509657,23.65448123721504,34.97979771215014,56.04995407056496,43.219271356040345,44.80862862045987,14477.7976482234,20.00649279381149,0.6229630098035562,11639.137886911463,0.2467528418130255,35724.314033778835
ID-666,Center-4,F,0.0,0.0,0.0,0.0,1,58,61,1,5.536600729371678,5.508958280768116,7538732.86250612,5.09490723208644,7.231656443537293,1.79041,558.0,10.202182160297596,9.358452971735089,2.9680244046667,15.118835261751292,3.615973510376272,13.200689577240963,1.6416551381345612,9.305409956482537,14.139020371584213,0.7714601001457844,541045.928478392,8110.21,0.00914519,5.585035207098455,857.3490014459833,7895058.869060254,25850.14815889563,627.1838150848438,3.958315350080838,0.9340354957994808,4.765349188620682,2.72894767679896,21.827485528931405,0.2528548507648114,0.1119808042276429,0.994660310798764,0.936510662851466,-0.2890963496812616,0.9658395968223232,0.2692364091220352,18.501687889798824,0.0015139368139086,6.436854015745817,0.8986977477584658,0.00134553,64.849106732412,4.727050862272368,152.88626829467012,794.4759076745611,0.06850516089513,222.44704472136272,1196.3366162091415,1.09603,116.083,0.0374596851766826,0.0217385803147646,5.316625929342616,22976.79362101932,0.893769047458898,0.8801963472206219,0.0353675,0.9458906111504204,1637.0087557685297,0.0219641047061898,60.6900487403532,0.0102611777516566,6.42722,719.662822879406,3.34623,1241472.1070109385,120.0360422484373,0.000476227,2790.6434944396296,0.2729786683625256,0.4765522967271663,359.6355632426028,0.0079640659550082,8.434421011947467,0.2286203168879564,19212.37329487267,0.694082108436042,0.6300667995267798,11.295127089930372,34.31307726651839,62.89547687297861,58.71853565849061,52.60624748734547,74.49244987919626,51729.57013871069,34.278108071181435,0.6067915834334403,3531.544949679186,0.5624464613496405,24909.371321952807,51.3066,33.3375,33025988521.713253,2.98159740057082,14.974389764699689,10.181600727627456,485.752754575362,51.42657209919782,45.759803920132754,38.61657549917351,-461.09961073456327,895.6737299995215,19.36046010127484,1074.913193080141,-3.677877376217875,3354420661.0533752,0.2191319312284784,25726.93435069324,1058.084429577941,555206.0412708286,9908.387805178232,203.3532697888168,3.0628433718918577,0.7369243242450851,1.1459899489219,2.0091247083220742,7.131085314435589,0.8017666553734414,0.6917104566404111,0.9942578121485584,0.972835251335796,-0.1401271142690592,0.8114803335564263,0.4566561577193283,42.52899805574617,0.2369384347175617,2.657727031630564,0.7906167756305889,0.2522704382743594,69.99945879365971,2.441084308431289,24.254065846192088,465.89706157520266,0.2923382661591286,57.5029853712842,432.8628833083071,16.69575246509633,172.295,0.1816600703119676,0.0111786956575823,3.7027349526485938,2899.4531851241886,0.6184021560311873,0.6087007278546589,7.687433999278975,0.6674379057291973,1929.6004352200723,0.0051926395290064,66.83792085746359,0.0557104073308129,183.54383738121425,1209.607968298758,105551.82417249068,63095.6,6414.440606140556,0.00104556,463.6713723704881,0.5275014667575626,0.6104469533989803,6.83919,0.0162963935962653,6.475717536551646,0.079035815397508,300712.67580399493,0.981698,0.4556248345834753,5.58834,44.00216795195765,64.23817675357857,18.636630362275053,25.698300751068977,13.9284,548.583,10.933297910897966,0.6544391703270238,3870.073376513169,0.5221092090286072,35180.04802101345
ID-678,Center-4,M,1.0,1.0,1.0,0.0,1,62,64,1,4.092721627432169,14.882973190420016,8110.21,5.636289574524803,2.863792290664356,2.82261619326242,51611.28693274293,6.9890685346886485,8.364497202651288,3.839851570717133,2.71105,4.215092087996343,7.794343001493736,3.789557586333353,6.700334518700352,18.1652949763468,-0.3090411467648375,299604.8273948494,4936837.567592275,0.0871974847069992,9.537302729569838,43.7843,15066273.796846582,-4687.918978285776,946.821152587111,0.897676,0.97466,4.013358524770553,3.1389406267065887,26.826701417698374,0.3556890461188524,0.1480034350090307,0.99150154115195,0.9598104261956086,-0.3083838304070191,0.967416720062208,0.3620837489834372,11.323327228769449,0.0112837462668478,9.432269157889555,0.977199,0.0163522703038494,12.838,6.430832249298468,3.02726,352.2057079328361,0.0611730019901143,3.51945,2604.201083370161,1.9096183394164217,2416.0999120305933,0.000408215,0.0217042829028901,6.232885528314458,17093.322267975476,0.8452382114395494,0.9205469590947764,0.1928657647708448,0.979283,203.2638309150068,0.0079788564389461,49.14039380216529,0.0348386040723772,164.1854248133178,3473.3758094116192,6354.112957404033,5584357.15505291,201.6485262667616,0.016657387466632,1207.5818535652284,0.3059124002959834,0.6073019399653836,36.79994206489556,0.0283165242475925,8.102978215898961,0.0260017999900107,31331.18542216893,0.7212833481390352,0.6055423114701778,30.309509652966263,30.025812602830523,17.403661774097763,70.26876852520152,33.3020675318687,24.034169438283094,18351.62614308599,38.82729112320158,0.7870371701062808,935.4399557685828,0.3599796818295159,16678.826913058027,46.9556657676992,33.3375,526132000.0,2.332807909626593,39.84596328888615,84.47542366524505,66.3085,30.890053327819658,5.200175841831706,56.532729193059794,-1055.39,512.0016516704252,9.625287374990052,1024.8565574134077,-5.274681978147068,23187245230.295464,0.3647995948762479,67.1971,1332.2957552112678,1204193.7873743284,4609.742579083403,0.664828,5.041242337739712,0.536928733951179,0.5373897736148198,2.0373344830872098,0.181279,0.7768892692636704,0.8572564240808462,0.9973417699898932,0.9858963532184264,-0.1606718226180562,0.7087279666686696,0.4000950407349306,17.80907496887864,0.3375719399647902,3.704012388157894,0.8351613322709113,0.5528191901393846,97.91582134230126,2.4311068460218737,3.487567344053457,6171.742050339293,0.1457781948884387,59.20012691705636,1456.7514205736816,21.28189124162956,5679.315188324175,0.0665796986720711,0.0099781801394029,4.330540712450155,7590.729807870611,0.2378639822382339,0.5385287902785494,0.291681,0.8063656997446564,1286.8862356557147,0.0080841508420809,3.90476,0.0611903609044141,88.85304739041636,1157.10724090481,470930.9436151569,231437748.7830994,0.225683,0.0266301210320646,16.7564483386259,0.3107001407172686,0.4983409547423607,6.83919,0.0202464796006587,5.7936878174042485,0.0679028102738808,190.726,0.8697027996572921,0.4378649571577431,25.26683781057706,36.15557970172244,30.948924975035208,66.26511671609211,34.13105108245986,47.9704225302126,28986.626116728392,29.59337723406954,0.5628676602511291,1884.9394605111147,0.5327982408776025,562.0
ID-685,Center-4,M,1.0,0.0,1.0,0.0,1,65,108,1,5.752885096049425,11.793725315260358,743584.1040610617,4.820018411101125,1.5829483191519818,3.6017118571680395,558.0,25.07525272809282,8.782274191626744,2.56788924952749,14.372339438287703,2.922678114651532,27.9916,1.696137935398583,2.92476,3.229296144412888,0.2858021266968956,253458.3526296977,8110.21,0.0501177858598298,21.85457026154986,1375.036593030118,6104392.492879967,32384.383194666072,1389.4854238944718,45.70585423882025,0.8965441758892848,2.261064386997064,3.914809412221608,8.159643472341203,0.3066944007616318,0.2984959114282644,0.9972219933018134,0.9473664403423652,-0.2699130260267148,0.9761645243971864,0.129921196117973,46.98897359836759,0.000347025,10.31154735037756,0.9514027671743578,0.0155647239757748,91.90497213997295,6.252123339447191,151.59936531204988,378.52989049897405,0.0971203774551813,638.342985053783,975.2780362648998,1.4139484139130991,1953.2684675044889,0.0404015280062111,0.0360304172306092,4.840324391356314,733.2691870443973,0.8934604007481364,0.9084958388043892,0.3551520991749231,0.9769327868303584,2574.8971859681906,0.0122733945207043,171.11265136927184,0.030543357952397,414.91455259422014,230.8580965625777,3.34623,15231015.570917385,565.169048322548,0.0448344372601764,3878.040896265811,0.4605604577719789,0.5703212531859708,1097.0920364170834,0.000418855,8.416506477627843,0.0701353241346029,11446.54930696289,0.8528601864472083,0.3164629314811839,24.29939460508148,61.54375243259862,32.27154719195449,63.55568884595344,39.89677011475992,51.67133229638824,47239.07972406647,24.342575002553268,0.6700120170745285,5541.615770295515,0.2839899096593054,32469.07476766069,51.3066,33.3375,23263588189.79364,0.9677800606561516,15.71330641258364,156.35410924593185,479.6182717947046,51.49981892316279,37.428158000636735,46.39920462134859,-124.02250972090008,1528.9892779664538,23.226822269221223,1090.5793563294767,0.950869084848204,14177989521.041138,0.5166688652479476,67.1971,1148.2742621075774,174180.34854072946,-2358.6173880560955,46.77999949756625,9.840527730505816,0.5862342508589045,1.4720503089393993,0.7152102907886221,0.181279,0.7059308581548127,0.7549411192218138,0.9956658853863466,0.978931472150284,-0.1514000208468786,0.9015729136052704,0.4453238109018658,35.0157950410129,0.0125889,3.514938434421817,0.7566995762418802,0.4106581518249033,73.05284598419313,2.693777659779445,61.89093776311987,3398.050786329686,0.4153584556781515,29.71997726645273,1080.7295722428446,18.819925457221537,6908.110823217756,0.00100254,0.0094420076068736,4.473995539628647,2428.845467203353,0.385299495274448,0.4209060022631909,8.695321249428762,0.6370068423151185,1188.5650261550377,0.000389061,14.173095116250302,0.1170300098305965,47.46882368164917,30.1957,102567.31024002652,63095.6,809.7309950641525,0.0227698666307053,404.2225260674737,0.2143695460835443,0.7017312016314384,756.7256883172843,0.0038208140323005,7.01149480178712,0.0568454206953455,190.726,0.7913586639036314,0.5136063016686164,24.96420053281083,37.220886833103584,44.91710307372983,52.2172276939892,36.20827097350538,37.71413816296362,28817.25996853905,16.999492114274343,0.5991395836394159,12771.6302098271,0.3725617712397454,30126.977549963944
ID-695,Center-4,F,1.0,0.0,1.0,1.0,1,59,97,1,5.592285327188122,13.79363338254896,8110.21,6.7997377445599225,3.830493761934764,3.1693791627128527,14042.446258440204,9.11691982158186,11.55931515526614,2.731021846694013,10.186508901509356,1.8810674316296323,12.416530470809189,2.130133397110537,11.52867309835565,2.99426,0.3196858562246738,51573.85338353948,4128751.079162696,0.0576874836324143,5.2029763784819,1169.6092978415174,7412201.642195879,-3132.671586632958,933.3069053436186,48.675480328434375,0.9058738131267314,2.421652490409987,2.890521467162526,11.585892401560946,0.4393336247746486,0.2548781585953212,0.9928446907418184,0.950819960633294,-0.235993,0.9597537535877484,0.3027930026916466,23.82128323448999,0.0058398110751148,8.346987694169997,0.903859876988004,0.0291704898136628,46.93932535726303,7.053158111266363,3.02726,569.887136438956,0.00917615,3.51945,2938.7334884852494,1.772945253458846,1413.1722767495005,0.075396587373829,0.0079358272077853,6.221453219600493,277.587,0.8763310517122319,0.9289070867961596,0.0353675,0.9384709313937396,901.5694754927624,0.011228473076669,213.8262023900824,0.081476160222847,49.14156479658652,1797.386592859957,3.34623,9337472.465309145,130.18570632685575,0.0646547223399253,2.18182,0.2337115338675279,0.7348145584824741,2.66496,0.0055569680193185,7.997931992712276,0.00671548,43445.735118132856,0.7867109127669281,0.6600067362335105,27.94768513705902,48.18884275721945,48.31472735061821,73.86680633426074,25.39953944286393,68.74658904752728,8400.982147889014,24.541131898219906,0.6161134003698536,15881.16580662172,0.3686961266473725,48248.61817515064,-22.952145887599023,94.7396020258178,3990516553.74469,3.2681218018187126,11.352510652946226,82.70336806510859,760.7661538145221,13.29092417619593,62.312207940514845,54.03238774077981,-946.5343428158392,750.8825377533732,9.258254104717048,1081.4659655729824,1.238359050097268,34802614205.67278,0.5581292680726453,23612.46281596062,1365.8450497027927,768350.7669850084,8479.787029221821,0.664828,5.279539050599344,0.6701725107532561,0.6452973925474665,0.9986868884594238,0.181279,0.8949085704065454,0.7456858447088818,0.9944079156789204,0.9743265412709304,-0.2392458948176741,0.9366047034282544,0.3355831088351644,29.66355598317117,0.3079593308246713,3.328373114810102,0.6319447458086227,0.1478123691867674,64.94558835086046,3.765264575382557,0.224451,6688.537410305642,0.3124124611702282,50.10021018495346,1420.2706021420431,12.811417192754822,12699.302401242032,0.0768314306639657,0.000499152,4.076876635809696,3546.729605481372,0.4090169104769367,0.6034107613411602,4.293413519952202,0.8245473082162194,707.3009422786536,0.000389061,88.87187494877512,0.0629570868894193,3.11374,1714.9207939884325,506536.9174786469,1428473353.2343907,45.2433353366971,0.0305583605982905,5.90323,0.3133414196512835,0.6482779561480279,1230.875700708213,0.0281576232218027,5.45671937342336,0.00580198,193541.2551392256,0.6293972117574786,0.5170228779776872,26.07338895440919,46.42270552805066,79.742458687296,40.7487902208724,41.04371596992711,39.438885070592086,24844.312274693857,26.56670579831541,0.71241117323747,5376.835663551951,0.3059011769302807,18226.649241863768
ID-700,Center-4,M,1.0,0.0,3.0,0.0,1,56,93,1,10.596309535534772,7.464653587655179,801246.5084065914,4.974151742769648,6.344310323960282,2.9172077073610425,21073.193419560244,11.453888990283817,9.468557215607063,3.0936743452385533,14.462329682983086,1.8350484464999737,17.109781427922403,2.3212568122431443,8.058456384624522,5.613306776147875,-0.0465019522931178,365108.3633751437,1146211.206499461,0.00914519,4.582638271767478,2294.1249617125263,2499607.623814459,22031.62703799813,367.8447547512161,65.17191695089645,0.8908422301796024,3.733929880309781,3.258357968500255,0.393348,0.4671228498851779,0.2788497869448051,0.9971910180893376,0.942930477960305,-0.2534196352369501,0.955815847672058,0.2464301146856384,6.41898,0.0108845739534459,8.052686674677652,0.9044590250404524,0.00134553,91.0237767718884,6.199683155608138,531.9523735307364,916.1754252145288,0.070866277557137,3.51945,783.6798096546828,2.084080235897573,4837.194029762327,0.000408215,0.0236011213637733,5.569353926682595,6786.75486313032,0.6761175991963668,0.9087474882948546,0.2064315632954341,0.979283,1830.659537506585,0.0100313903674088,201.23322981965148,0.0364393461806466,97.41224996296236,612.0056496126554,45487.85284382278,8764678.69209894,306.5518811733946,0.000476227,1367.9629748093323,0.1342426371905742,0.610994219099668,938.543183039513,0.000418855,6.701678976116895,0.2657918904378161,1.09326,0.6438709556723197,0.2791994091507226,16.675623644021645,60.64598140944902,22.408698765050445,40.63248750166342,41.30056592432364,47.3324504266834,17114.845284426527,24.85859764847474,0.5864442557665437,1884.5702912108773,0.2286126602465822,63873.52740197513,-27.71495322633364,52.32978893489979,45582659876.09709,2.7932358664704875,26.47150196519408,154.3419541878754,429.91976548102656,47.36489289271518,20.208839649285324,57.40127961706986,-579.9320002018358,2018.0886710602656,17.48519175235155,1065.883888264292,-2.4794585575762187,68174706570.87624,0.4186119294811584,346.61411374691306,1718.188957447439,1449616.869233779,-3281.7148909463986,178.70387634397574,0.212363,0.7385844572236805,0.7491618759851648,2.3999550015909072,2.1103483111361463,0.5098688547754929,0.910101829452567,0.9989754006874214,0.995225,-0.1679867088846204,0.6668841740285418,0.424672357733315,5.1024,0.0450376615504748,5.70263604476671,0.6892927866539387,0.4692401901013984,28.650541738257367,3.2837789296676103,29.254342734112825,49.2996,0.1787434387085665,66.27138915169151,2512.366160545552,17.85334592822587,1455.1790036296625,0.269883006780251,0.000499152,4.392821767104649,3528.488458238038,0.3966251903160774,0.4006061099563731,0.291681,0.7458710856614235,944.7474979617064,0.0039779457893495,40.829280451522976,0.065537390126463,64.34793606977435,1618.626377990421,214.609,646093534.4490463,3140.862966250167,0.00104556,704.0829771141224,0.4435402112914175,0.4876059615309585,1047.2840631300137,0.0209084968834227,6.3047675910294645,0.00580198,741415.161809221,0.8081588915774369,0.4102185592155676,20.522732807472792,11.4044,64.41987907022238,44.11220695140808,22.453384441951755,35.87580886234444,41516.612497973765,43.42859984482234,0.627003291638154,10806.834756420096,0.132051,562.0
ID-702,Center-4,M,1.0,0.0,4.0,0.0,1,59,81,1,6.24902898832013,6.460250955210856,329583.65227932227,5.455148097084099,6.0461430449581535,2.958954640552684,43057.314183835,22.13642354933644,9.462669302676764,1.2477973200019918,6.833851790937834,2.785271444809384,20.35692604315924,2.862344991173867,6.303240024250946,14.59629722169304,1.51143,326790.8407859304,1732382.6872465855,0.0398235198830468,19.291051415826963,2292.936696828006,893480.021774573,29295.84456576118,1738.122299267372,37.860111844684624,0.952621805616499,4.227354672665932,4.042631830777035,20.21802796174929,0.3519295353485439,0.4490620733073936,0.996843552137726,0.9604366489062808,-0.2892663659542791,0.9682205084645802,0.3216982907929935,40.4607908101369,0.000347025,11.563770346783672,0.9766170324886329,0.0084929826792819,97.52186873291878,6.6200296425420735,439.8605858420809,432.74308462786064,0.0670924416617612,3.51945,38.346,2.0066187246441207,382.676231198588,0.0297516097349373,0.0229479844717837,5.132452034327337,20809.0773670618,0.7168700275027516,0.827933042244375,0.2031371756020743,0.8778868891608269,1705.9379143724043,0.0079601315119032,60.27508604557463,0.0109059255708383,296.07259634872014,2453.875091631407,6584.688743242395,837446.1155929544,316.98685135181114,0.0315148373798699,2.18182,0.2779543234448079,0.5997445100866181,1491.1054661260905,0.027391015525156,7.759320526855461,0.2540501274782213,10195.784551806397,0.970114,0.5567833676705127,9.13247031025192,41.26181904348313,33.50517664841263,49.80238001787822,35.58980236630844,35.58223504362833,22009.713469103168,19.532540498630592,0.6304688555520505,3512.197700909437,0.271027833588533,29007.52329877108,-6.498519210310762,112.64093244165824,526132000.0,1.6225611627110914,28.27074877448044,52.74890950171278,1066.2961476392052,55.9658566047228,4.12072,39.77621150134357,-415.64929755558137,1457.9094969698813,9.902683404112192,1060.9389171160155,-1.934055492629652,29169063445.102715,0.3380116486983058,9261.018697663105,1694.7558168935134,1049809.5204577907,5628.396881095218,77.07721226367053,25.90783846418612,0.6536560485251148,1.6244490877309057,1.719069950367038,6.891344607452034,0.8316611133400168,0.786188199008778,0.9972141759873416,0.9895394112073368,-0.2322873253194917,0.5466161013758465,0.3995737536715556,23.57901267659023,0.1446616931802506,3.394839675233446,0.920413,0.218270054807941,28.56481256039242,3.4164152313787057,30.105699474986995,2385.464507725926,0.1479867096908903,56.55168634195757,1076.644622441799,8.153536309856628,2388.9776946287698,0.00100254,0.0017547114925097,3.46934,4337.242275885076,0.3158863132123687,0.8335629473626653,10.253555744544206,0.6837171903288319,669.2881581776749,0.0221946582432488,75.38528320327613,0.1884235959502979,3.11374,549.5696036706863,313126.1438211253,1032996174.7947376,3709.9062061609393,0.0209665690959496,155.01443086123692,0.2771629210413205,0.5632533639457536,1510.9073322910108,0.0334628761336491,5.1547845908885135,0.0552134735126536,650386.1724024971,0.4919815653676456,0.7754523091327256,22.71114146000808,30.34460045720514,62.46561936633727,59.721250788691805,27.0629572650138,26.36173635906069,3893.849533155276,40.90422629518065,0.6060997734418441,6720.520203694619,0.3272290614555744,34196.67141075155
ID-703,Center-4,M,0.0,0.0,0.0,0.0,1,67,90,1,3.894102609819426,11.659878655217998,1679861.7011986177,5.4534373166184045,1.6846133285156824,2.7873170975941206,9897.573410320469,13.269328417590016,7.560307297734052,3.5641944853326963,6.871904120236865,4.623829672512173,14.642147415587322,1.853951317863345,10.591067823453017,5.743645892527032,0.3123332107882385,138348.74907002033,1464114.582507716,0.0111013052470612,6.243328246114944,1269.9263611193874,15810941.385665491,-31202.44538864406,130.8134702113584,35.00927871574051,0.8978920675315465,3.654793495527466,3.616955255670292,24.759356447740927,0.5205600956581397,0.3636290958653862,0.9943597077566526,0.9504506771011412,-0.2807960442168301,0.993989,0.2771356517683087,6.41898,0.000347025,10.372238324442336,0.8944492454667861,0.0279081735484992,85.26180270137692,6.500611468682287,290.39254717115153,1150.982246411044,0.0348408164223969,3.51945,38.346,2.1233836416657805,1617.9514474447255,0.0508171793118808,0.0170947985695624,6.008399698505672,18334.628412705253,0.947064,0.8723962651721391,0.2459875028683455,0.9331103391491384,1719.4171872321908,0.014804304488269,1.93333,0.0825322729183081,392.6974618492517,1367.2145816970483,3.34623,6485.56,221.67103381175124,0.000476227,2.18182,0.3502459187639131,0.5533387564241738,627.0879836942105,0.0141413937807356,7.084018238447399,0.2112068816159846,1.09326,0.717536323563205,0.3260723618275046,23.859161188554666,24.957454876322657,70.95854970230243,23.30659335043085,47.45485324411304,14.7986,545.25,14.274592985770225,0.7344174772362959,2393.13423069407,0.3745532246404988,558.0,3.216547624428367,33.3375,49276896298.02698,1.818215188632963,42.41598878272672,72.76389888891754,1109.105876606448,36.07640660175999,12.919462149909496,27.788676754677187,-631.2507625964328,1331.1926613105572,2.31624,1072.4455889498688,1.088234762394903,24744560601.12184,0.1116158753277119,15667.520490277171,1622.5632470736734,5.8552,6141.6658042067365,155.42075117571764,24.157841583727794,0.7615978052710801,0.7106120497215249,1.91584712706894,0.181279,0.7652869745109528,0.6949689203348993,0.9938915849199792,0.9557355374587508,-0.2254249728876057,0.565703412889708,0.3928934204980933,5.1024,0.2948300344682777,3.3749870522366865,0.8892548900703554,0.0424666491849843,89.83880665456144,2.8804559361880355,5.647068984586617,3032.868246202203,0.2923202446915,0.610339,1637.911650880356,14.759286912703136,172.295,0.00100254,0.0135725530307396,4.382267788082015,19689.706664090507,0.45877592191546,0.653066080820816,6.390579934590829,0.7366405611043485,1601.4788458804792,0.0055514137337143,106.75338066533968,0.1424693814223878,3.11374,30.1957,417294.7206401923,421006046.6244869,6937.1801769882695,0.00104556,48.36279629278762,0.4132593118800059,0.6374060905251611,276.0116888659136,0.0164830187504945,6.117584512842275,0.0750187933641303,349991.7413435697,0.5529206536122317,0.3600789439592741,29.272457085188456,31.488951392383285,46.32096678335693,43.24592559785155,24.56580086966248,55.64961603745669,35184.96398911699,42.177790010937045,0.6623461298568509,7786.287648230181,0.2580724835747056,562.0
ID-712,Center-4,M,1.0,1.0,0.0,0.0,0,61,101,1,2.4465677546177536,10.402391048095591,3972725.225765491,5.281008723127608,4.712938800185178,3.191967981671449,11582.83482759424,12.673728249994586,5.8855807763590695,2.6783714411603934,9.599977017418144,3.3525683435294784,1.8071,3.0382018033323703,7.500415041133403,13.188420337126551,0.5363174746915969,187018.443556713,8110.21,0.0544058936587928,3.9950341601048383,239.10386831005792,312.508,46237.14247416643,1325.974102331431,26.499440185744376,0.8810672103386558,3.438278120927448,3.459312629510566,15.513319454678925,0.5841626611056904,0.3427705918778791,0.9894927601847764,0.955961554349993,-0.3724713030312179,0.973953380994385,0.3522075447265771,24.840765364918383,0.015327833494248,8.43306654530731,0.94831662274396,0.0014385981909713,65.26858636217129,6.373434501812978,263.6701814506223,526.435339701536,0.0755797849031929,217.7589042166356,2122.698265135898,1.4112728834561887,691.555491632223,0.0197659125557653,0.0140358684963029,6.59183032125708,41698.73704254567,0.7765652596502923,0.9262336876630936,0.5399139223091796,0.9702171766959182,26.058,0.0154563896223589,87.32199824598244,0.0527808040332328,189.21291550022664,28.4667,23917.723436804383,6485.56,372.9445901263334,0.000476227,2814.7322139886346,0.3008571237397564,0.6081435925644304,1852.7168418730253,0.0210891067184732,7.958279402355217,0.0570380910595391,14777.666360252171,0.7733820048347765,0.588798616151724,9.814933919870931,53.31511217135386,21.649009387633058,23.17740639224286,66.42413583347945,64.02479066307464,2700.978748031649,26.50333176102056,0.7497575449149845,8161.265460515,0.3558533105900946,14809.989346780256,51.3066,67.77877234824335,526132000.0,1.9640894387484087,5.42996,46.30747950777373,347.2905800897647,31.006380070875394,31.46017676197734,52.76315746455887,-533.1346047956706,1145.872107347572,11.07169093611496,1065.5316883718176,-1.688565573635716,11861227974.92543,0.2723125978097446,1341.5482642018123,26.3153,1024324.9554625896,877.6329811703041,0.664828,0.5290923991990022,0.7028726489474376,1.111032945579736,1.3326833556174744,14.41397274121416,0.774825140986237,0.6119479931781168,0.9987364271800506,0.9749320917458306,-0.1796842453564037,0.7698971178812786,0.4769158584643288,24.088628587396173,0.2351450191589242,6.133532632071079,0.7118503548745829,0.2075652081357039,83.30024489206657,1.6658480352805527,5.72457131767882,91.22421587677523,0.1808734301418594,0.610339,28.9544,9.476298478982494,172.295,0.1102771056971412,0.0091414468345791,4.317557496389481,106.226,0.2733713727344366,0.7295778704606591,7.551416396084484,0.6309772395273419,614.3918130514393,0.0121010769105257,147.46763808219805,0.2169447134295508,3.11374,73.0125682945127,902860.9825937496,63095.6,4362.106721835907,0.0640467433386402,470.186623210377,0.3989062543216304,0.5299743663915588,547.232479390863,0.009129629159677,6.077841860201402,0.0960229043423082,615269.9410067495,0.800742694280622,0.7566311277634337,18.44015502488032,62.54542910956725,44.115357960772585,54.33063430464844,39.497440331107626,55.94989709318481,7931.375255144254,27.329618596166,0.854322,7537.762172802562,0.3608572474334212,27170.50187453816
ID-720,Center-4,M,1.0,0.0,0.0,0.0,1,53,93,1,4.880912572105436,13.76375263982974,2142126.8366028927,5.867896506985486,7.009505270025104,1.9123529661095424,47702.45676745573,21.268972207020006,4.405640994300301,3.365652732744543,11.51597330663262,3.029339836861597,11.63557461156154,0.3701025490416088,6.6278275448739565,24.09579508222905,0.3426020454634864,242858.04975410044,1549224.2937276033,0.0509634798175127,14.691208030741173,1202.4431829859195,2969568.6234091683,12597.72495490602,834.4394674183696,27.287597398031828,0.925857518714432,4.635268460815279,3.2638286092774083,15.821681635177193,0.3171843290334084,0.4847330454264079,0.9952719513993398,0.9349609037066502,-0.3255571660203649,0.9568206025980672,0.4392663711025728,58.0825878385954,0.0187557432377292,10.117353490105785,0.9218763655038884,0.0403681917427595,92.85773062092018,7.517052731910581,5.420757106479904,1220.4022975659568,0.0430824054053224,110.66169935253068,423.2658521371668,1.8761240641850696,3825.550967613328,0.0480287565956735,0.0156877682016563,7.093169136253034,20727.404368355845,0.8680571183576331,0.8420768697852163,0.3654944086110786,0.9070274519751632,1919.882797515252,0.0051620731982099,66.93640811528513,0.0427649830452067,221.65184239001283,56.69983735349325,6679.419190477397,8325049.255057546,0.00123903,0.0318908697663666,2156.8217883215675,0.4782174130001115,0.2733960009170842,2.66496,0.0168633886016236,8.83279,0.2234702231373309,16961.170685868994,0.630512709209041,0.6894128141084529,26.98976163598683,11.9315,20.21112654657565,27.042532490176715,50.22860108044854,71.06096764909438,58255.169075040176,26.7124669567794,0.5770136948189908,463.203,0.1878899824243832,558.0,36.47478988772183,175.567005904057,31555648358.070244,2.3102525171754613,30.52462707518773,22.362017367730424,509.85220837662166,42.53909455039567,32.32286933379938,47.4113204629611,-467.3263565691585,805.6307153470469,11.70385602305736,1043.1191531077357,-1.7783858347843315,22954799713.074184,0.4707766217225972,6671.500646105865,502.4851155251662,1024533.111218115,-5851.85561747516,283.16359837869544,19.74219866192624,0.5075559911943809,1.2923531075736467,1.8607441767305604,19.76028002680178,0.7260976333000843,0.7568435455647958,0.9971697313750204,0.9781273391589062,-0.1399987821626727,0.8888555529287149,0.3356779811214458,44.47554860013385,0.1952095582467213,3.112806548911945,0.5140033418060515,0.3116229520859206,80.30084341057284,4.869390020067216,0.224451,8368.540741594814,0.3122758478855526,40.602610376093295,259.9417425102787,9.83821876563125,12326.100070035112,0.00100254,0.0005015675485676,4.9160509633537215,5337.418678676292,0.4402318573352748,0.5238496626237749,0.291681,0.6759330846303715,672.1144764867668,0.0009573977726458,69.59270119965448,0.1303359284557236,109.95645954102676,2067.741160277076,1065987.5589135902,1163505520.0441008,2570.481576778725,0.0122044142963142,5.90323,0.3061357485686827,0.5084653816213042,502.8262790039506,0.0218626091118857,6.600059063248715,0.0310249086499546,254972.70315543428,0.7094846598052406,0.7550715607733529,37.589617874931534,36.70328367307263,48.3859960107671,31.567305569042773,47.02953227892727,54.647083763678125,30927.82854264584,24.07422928951867,0.726962979049651,4756.53814543351,0.3763172404042453,562.0
ID-737,Center-4,M,0.0,1.0,0.0,0.0,1,57,88,1,2.957143549308108,12.507626894932107,5470776.398778454,5.857318735326433,3.324072280139536,3.290406404792704,13174.215122659498,15.874657134122993,10.227052326461358,1.250166974569356,2.71105,2.350103956063461,1.8071,2.225927999866605,5.860611699955083,18.77293256585913,0.044352890831337,312896.97856544843,8110.21,0.0537625091528004,29.185128787854268,626.6768936690875,6618830.148582027,12992.640601161876,1462.1877985183166,0.897676,0.9102444687818012,5.895719769189245,2.6251204816982243,7.591405853243515,0.2950858606973395,0.1183576630790299,0.9979320359431648,0.9459656185834496,-0.3161086404392718,0.9880893495379846,0.319017940722784,18.20483650940101,0.000347025,7.9782624093220065,0.9169952764764284,0.0385686378515153,72.75957548892139,6.551043151957584,235.89649912169537,36.2218,0.0280907904762043,6.89952573968381,2233.917134827338,1.09603,1036.2696006259175,0.0357366643714462,0.0021345362893111,6.38183543583072,29233.71457769097,0.768518952942124,0.7770339593186677,0.2188189385531004,0.8664597736241355,2035.836909258712,0.0127336526674211,3.1882969126960354,0.0168393020116192,148.25662498724665,290.5946079653385,3.34623,6485.56,659.0017834332419,0.0055895816825366,2.18182,0.0642722,0.7108318993915719,1321.3235786583923,0.000418855,8.262851821445658,0.0572088889296875,12238.471875809357,0.825236767823144,0.341355134864577,21.72502217808536,44.31602679439966,36.17838996130577,33.034030819813665,47.361720625319975,39.662209069052814,27065.34823617756,20.537753942772444,0.843337,6302.40510257378,0.4088970982110495,38072.42030807289,-7.137565383096374,33.3375,526132000.0,2.452395873165884,21.629056199209373,168.55935642532722,851.3024881463543,74.85929006410058,10.025833367184156,35.597293858413,-676.464003052249,588.9267201993846,7.37066907970145,1065.9672662187086,0.3284697628687071,20348161730.22285,0.310440503839157,67.1971,702.8269126469874,679301.5977099579,-3252.4515374858674,70.12113363354156,0.212363,0.745483635982271,1.523137502024994,1.7746520669949155,2.23093746797094,0.747854278028396,0.6939871497347031,0.9977534269833628,0.9951096526378184,-0.237494796307085,0.6399957475036033,0.4283002511627262,22.999260251133503,0.2004158945193597,3.561308072126124,0.8648917918254728,0.4524650113070121,84.02150133576959,2.899562204749792,6.575343501389466,1394.1724302077869,0.1798211543393535,24.82455092946064,2096.246453970752,1.74669,8383.20396375388,0.0490858481921765,0.0121089271425324,3.568906603064629,106.226,0.3783111672599219,0.6519678601648358,13.624307166887444,0.4185305822792616,782.610703774105,0.000389061,116.57235062347212,0.2052794710295868,172.18911865144187,1202.4718732919955,144049.2327572579,717229405.9267558,0.225683,0.0222728061273085,5.90323,0.2560975462812954,0.5245985053261821,850.5228213310118,0.0129716708753493,6.121861644725696,0.0160258459728656,713554.3846109553,0.8529495157650893,0.4826564707231122,5.58834,22.00309005523372,60.82966793096594,56.40231666549676,30.087091989066213,59.36252347340642,21169.17293315617,42.69466086955286,0.7400373996545946,6377.262931257557,0.3967043334262757,5731.492645992217
ID-746,Center-4,F,1.0,1.0,0.0,0.0,1,56,72,1,7.6465090022688225,11.079586044441175,8110.21,4.816366710396544,1.1795942703739082,2.4643366773356448,12787.467151407123,10.815157568258751,6.343062002535048,0.4572586302565637,9.796442417705162,3.951871491556624,12.355600095941906,1.7212179369588358,7.480092644460523,20.86071601302229,0.7298443191485123,753856.4836726012,2676334.810063476,0.0092705201795774,7.797583257187714,3299.680542658162,230874.11639074585,-2824.1196018732776,1381.577712854389,73.98480515084567,0.9320490252271504,3.635992065088513,3.964521527856226,3.74372520841934,0.4079580195197012,0.2560419194719974,0.9941989365788854,0.9422540688248228,-0.2711527682574751,0.993989,0.3402455658078674,24.46221202481937,0.0075071146294621,8.463991691524136,0.8826714332944233,0.00134553,40.35137637275115,4.27059035392697,394.2941837805344,36.2218,0.0144515176330265,202.09945310995985,478.3171826497961,2.2202369918569587,1814.224254395797,0.0041376804092326,0.0342515461280014,5.822443771053888,11360.319557963794,0.818109563007215,0.952236950601411,0.510195215806546,0.9547450484164438,1626.64867713163,0.0161737055994201,180.72422668878667,0.0484041965603128,307.2717673243567,452.9991372304642,3.34623,8132565.523258532,13.074825950779044,0.0472919958376226,1904.8267250885133,0.354661308226306,0.6580550529464376,2.66496,0.0456271366800903,6.543556865246208,0.3279442547828953,19001.456267825462,0.618757055444467,0.6628550856915941,31.56263153116529,34.37923584255803,22.976342468096284,47.9806310107134,16.01986535405106,62.723664224204256,47774.64370255029,27.33326642998712,0.6505767008747675,6882.48198033098,0.5419810561245446,21040.16269743615,-11.140563189692578,46.57452050623647,526132000.0,0.829978,38.72906924301789,3.83943,877.8258528820872,35.3238087802769,12.221157028564356,34.15005154597731,-32.3284,939.4959519243924,24.79847539582794,1024.768605936635,0.776059456359044,17042759365.824268,0.2870913930957433,3427.081239225073,1509.9053136327125,5.8552,-6202.792184426724,134.89894386724748,0.595494807175367,0.6763677242775116,1.286837116882134,1.906839964948184,0.181279,0.8039505779253175,0.6242096577567264,0.9926442001318794,0.9880545990728488,-0.2614479814898641,0.8711887576830306,0.3346548301165223,30.71568233862771,0.2139785214394406,5.676796789959606,0.8646126972028136,0.2685010769814036,90.37288345858832,3.4697598142160246,9.261118842657773,1916.4472514137733,0.2850144824960037,41.08361654905312,1106.2500058665194,1.74669,2427.03493816782,0.00100254,0.0131629586645451,4.770528700974035,106.226,0.4088537349176293,0.3078938080011226,2.670431523415385,0.8288481571032698,17.3286,0.0049225956884724,46.69981053813101,0.0152311,111.50647968230628,1030.473356603584,214.609,52452068.23177376,1761.9430872391597,0.0257874741600148,167.31727037882754,0.5434173468391909,0.782106,471.34491511684814,0.0082653789128282,7.51511378471104,0.00580198,470313.9561612789,0.640105756080944,0.7932208159042664,23.287068052552023,53.21001418830017,29.351726494937285,46.70358262331713,14.440838138565889,14.205806744154362,18522.357664430736,24.659064424700627,0.854322,4178.285528477672,0.2918933188355521,34790.94210976326
ID-747,Center-4,M,0.0,1.0,1.0,0.0,1,63,84,1,4.873532901921921,12.147101237501843,4618540.968722332,6.305093512173541,4.576985194041072,2.328521502389837,9079.77761547438,20.50982966432255,5.850300234940766,3.2026620933120067,5.237545330047712,2.9765249052220657,18.06981449624676,1.486069442671924,10.224780921293895,12.419046894579912,1.4763391062481728,2087.32,1723110.9652374373,0.0582322463100973,15.821616842255494,1365.8404839470154,9420318.240505852,17968.699617105394,766.6380766947176,0.897676,0.97466,5.097607346810581,3.6427861959860737,17.07398916134926,0.5300299072491274,0.1537995672408766,0.998305,0.9287965028702166,-0.3341371070702694,0.9698616111781088,0.1349693235520092,32.90564950345349,0.0005086059059747,9.85697113462365,0.9730737948414192,0.0099535109173387,37.12496658875334,6.16674740001557,463.1696871071353,881.6871886824842,0.028527392753685,381.6028620511529,1273.5866033144114,1.1354332175686324,116.083,0.0014242110028091,0.0051871653000116,5.214889511854733,25023.966822779432,0.8315908267029136,0.9451928364860084,0.5186873555946165,0.8755155737901238,2646.345679281403,0.0055023132249018,163.2928795564851,0.00977157,247.3713202877979,1680.0163272816917,5907.319010847203,6485.56,0.00123903,0.000476227,2.18182,0.3899836289142577,0.7050405046784842,884.523519322323,0.0205089027621051,7.660132025622493,0.2325806676406336,17689.05069209155,0.316487,0.6528357413578781,22.542628617825848,42.2666683314317,44.33528927160598,39.8663939589438,12.3693,56.41762981691191,29124.09111117865,44.32857949354391,0.6191600925302606,6930.4966521453625,0.4117066878666162,20864.125109523928,51.3066,67.00892168704009,10068448225.348642,2.670160869315402,8.189250817750533,102.20529290266944,765.7725729185447,43.49510350595612,4.12072,64.98636746309627,-327.9728816588794,144.178,12.026422055882772,1085.0077417363373,-0.8879952600703964,8698613300.173628,0.3179219246772937,1073.458350777496,1540.8638058545257,1603404.1802634285,8713.997406145392,298.9707604839343,20.816810739319,0.5479297064615856,1.5093020074441834,1.1719168352573774,5.993312252993865,0.8351796545780834,0.774993345477008,0.9996835697187582,0.9864304976234932,-0.2623912362630213,0.6973462917637616,0.4296867604118122,25.81157806047561,0.260838136537232,4.476151590249854,0.8273383550351958,0.2843067014810126,10.2048,3.609052845215612,58.7911358457062,1777.7985173258878,0.1609473189220965,28.83864072977906,312.9052193552902,8.143716568741064,2219.4005872327384,0.3687495454363149,0.0107004703819681,3.8515448213488623,106.226,0.2857520766884614,0.5724933336695996,3.884732818845564,0.6066256420025924,470.8655982866583,0.0103468119707305,49.68167741240705,0.1360640937366994,104.46615600510566,662.029978274315,618059.3395263415,63095.6,0.225683,0.0151804853785649,1278.4427475519842,0.304394449542698,0.6743281520468037,679.4602206160384,0.0106649351746036,6.628258178787208,0.0268813276154404,158332.7426505959,0.8323756714762619,0.6420228959658633,27.60534968978068,27.678465898322827,71.36233174802965,30.60753571622118,26.881227895956783,53.81197082457067,34334.0904662989,34.493216999036555,0.5327192026209788,2779.402754330616,0.4341996471429037,23746.41015652256
ID-750,Center-4,F,1.0,0.0,2.0,0.0,1,44,88,1,3.68286278464465,10.447312320231395,3349957.9490864207,5.882811253266732,6.435361592381457,3.4203925070515773,558.0,13.574160128255953,8.481325304022716,1.662941852815567,9.8710611606599,4.007559142006801,20.97414756994777,2.418993801991056,11.785926433972223,14.167440374496476,0.585756024744531,210102.11747818624,8110.21,0.00914519,4.96392391857202,428.5703354488779,312.508,24201.46189486073,1101.8528235389829,34.69474777131407,0.9416210056037632,4.575698895048715,2.587293482617302,13.006430510995006,0.3079284229434212,0.4948988233471969,0.9936887975277536,0.9523606905414717,-0.235993,0.9711165811838036,0.3616648888060947,45.15660525465931,0.0119654342366064,6.888804712374804,0.9288260168593164,0.00134553,89.21171427417003,6.903551962029162,3.02726,954.631205986215,0.046311234239899,26.06485367919396,38.346,1.2315625118088496,116.083,0.0239619383312952,0.0280087884309607,6.0340363148428215,11355.553549405866,0.9115814691109112,0.8832946353892014,0.5379733984462385,0.979283,1003.4109352960476,0.0234648559470089,131.21955697877524,0.0601839847436339,141.7712539061247,1642.217989730709,19415.75800911758,6485.56,0.00123903,0.000476227,837.6053272297066,0.2653135520053069,0.774879,1164.6413226655932,0.0031841866203501,7.482771511867014,0.0759015895775584,1.09326,0.8083553761583285,0.408104136374472,5.50212,36.228647999337184,44.15853012247779,46.96429592820262,47.11689406043144,43.23409346223095,77896.4378344169,18.08680775716196,0.6769191053555771,5429.483499262683,0.5073482203450836,558.0,-15.209411352355543,33.3375,25605081107.39564,1.84017312334438,50.88097639050335,33.10982409348074,571.2756486214762,54.20880086971346,12.965965203661517,56.44156188515672,-705.8991291821758,361.3001383881832,2.882618538371583,1055.2674989534669,2.0988776702919765,526132000.0,0.273189474849085,24859.452309120017,68.79560868616446,1415453.7068055077,13899.825469684309,0.664828,5.969852179125302,0.7121934478036918,1.5319200748663535,1.4164905785240367,20.658209504066782,0.6790447551463741,0.7234135554015965,0.99840560413378,0.963181018087654,-0.1104376868394138,0.79995869215797,0.4459524526032655,47.912657989239975,0.1424917446548765,4.79128629116584,0.920413,0.2265186573340142,25.324069992325263,4.256266786822112,14.132457131162065,5312.558597823145,0.3374794538819802,3.319253288716941,499.4115508949553,9.091180939871553,9431.58475462879,0.2499832850457989,0.0177273397626375,4.23096475784306,8601.582674970206,0.4760818775900863,0.625561350559886,9.550684621035224,0.6770329814443967,17.3286,0.009343996164046,3.90476,0.0824244019127355,63.977048270610624,30.1957,484246.7835374632,233174892.9151119,4021.184870459503,0.0466584414371349,5.90323,0.3421503776951629,0.5710448729126213,498.3979040769006,0.0079402511724342,6.166039888493303,0.0556675737872769,1022999.1723427472,0.7049046909420106,0.3331649373759087,17.095092396613317,33.44178799028195,53.31825231989787,59.411651352877485,48.04929289314882,41.539348176510615,28383.674497276377,32.481096598832906,0.6252769246929681,6754.854257386949,0.2083789800146582,562.0
ID-753,Center-4,M,0.0,0.0,1.0,1.0,1,62,98,1,4.378649479659576,17.67345086024539,4998948.851047342,5.74951539268935,3.3680151809750987,3.2351772362515185,558.0,21.138731723337727,13.759225637153287,1.7170736058948792,7.608638039962618,4.330880941696325,12.389422541232918,0.20577,11.640124527604751,2.99426,0.5382987286748975,578448.5538480636,5740428.457802981,0.0526800741224241,7.526538082659538,311.0939403443673,15371572.45468436,42829.13575697174,11.2113,43.56890071417635,0.9212232483312488,2.4528373923178712,3.340432856881027,17.938972701964545,0.2455967307478027,0.1893865965918762,0.9976289964111402,0.9568642071101296,-0.3725543497100347,0.993989,0.1132687490260613,43.05676238136713,0.000347025,10.86043706491246,0.9140410132059732,0.0184461818540636,13.26625068895217,6.216697201534086,101.5716654877922,36.2218,0.00917615,210.94399080716147,1040.2995424531514,1.6101274294631722,3147.3804050822846,0.0094456227600571,0.011810708129536,4.6040997228255005,35301.142173206696,0.8289712762561025,0.9437682430577092,0.2914988363841884,0.9476247456968426,26.058,0.0083176952532148,169.86952185505356,0.0429112306340071,329.6598986608517,644.6463301626777,3.34623,11822752.989384023,321.0570890941663,0.0208736535241821,5975.630661545147,0.1863474461808637,0.5507907709872301,1421.9833005212822,0.0296966454122862,8.83279,0.2972673043897126,21499.733733771485,0.7392115171911096,0.780041411944793,15.7399550863724,53.73243592794644,49.596754944928826,50.41342539570813,29.57165747522433,68.52752402207086,545.25,14.928317377706424,0.843337,2539.4595824664298,0.6040824578510734,43493.65369993184,-11.462551056342946,162.6445262951118,526132000.0,1.8381660453054989,37.963770173664464,42.88029475205568,333.0631818209949,60.71510693421235,4.12072,35.35550484429511,-154.34907107901603,1315.6402808235189,15.092930515100536,1035.4543636952685,2.0728640790682817,37089472355.42091,0.0948953430320488,14665.703273454475,2217.8429228886366,5.8552,12055.250922632107,136.40398801282905,13.337791708892574,0.5704600674649896,1.2611884881179465,2.05762648629636,7.336260940688488,0.716388317815588,0.6946807506052478,0.9987573344995508,0.9848136326998524,-0.2163195844453579,0.6389673941317631,0.4148493652815931,24.43706498871161,0.1040890974830753,5.539239366587008,0.6522647051611798,0.4458219361094686,45.26973354923759,2.247384070803452,0.224451,828.6515598667372,0.1883691891268233,9.205125615550148,28.9544,14.075260655592675,6002.353904797721,0.2205973061625648,0.0141618016234909,4.522741187774978,106.226,0.5038051258685506,0.4826011555746723,0.291681,0.5569101292522189,344.5914215472877,0.000389061,148.19079095594822,0.1711848161228735,103.58670760450006,2841.128209811733,538650.6993432788,47283558.394008994,0.225683,0.0446255739476188,414.5634521431895,0.3625195603238609,0.6437849184697008,1139.272272508757,0.011484493011753,5.877659214523657,0.0798925683863735,217943.2395415267,0.7613475486560675,0.6243476257401636,15.62843507371375,32.96960436934318,28.138124876012064,37.01820413871189,37.29445993518966,32.35368925167598,548.583,24.443611149035327,0.7689868098383916,2429.0030261350607,0.4079722891913385,685.5392974776078
ID-757,Center-4,M,0.0,0.0,1.0,0.0,1,56,75,1,5.459327273842596,8.50223896959672,4601414.986121078,5.515866537715483,4.620222413571337,3.091960937133683,558.0,19.24058555758693,5.783597202115205,3.22683026841511,5.669031393825257,2.6466086108822253,17.89036188439403,0.20577,2.92476,16.18282758567363,0.3313142379281366,2087.32,5548369.71164588,0.036585420592038,9.049517052931376,43.7843,2302431.41817472,-13353.80689664547,1695.2518507146156,38.64707646247915,0.9388321527276872,2.4289437776263254,3.443489235138695,11.608251075969156,0.5082158895700631,0.4110654703302649,0.998305,0.9482204260458352,-0.3409442371322393,0.9672077864105884,0.2834700929288219,10.524834610551904,0.0110662154547524,9.604802293301937,0.934082134167072,0.00134553,56.28597949845195,5.411994591036417,78.01452567309676,848.103593278081,0.0329420679008072,458.2480780725045,1905.438251108256,1.9957814736436248,116.083,0.0426527978946304,0.000384061,5.734164524399131,38157.4270044604,0.9447997453803832,0.934560995289571,0.326304078629804,0.9592642583572816,1689.5973882259425,0.0031361322353443,1.93333,0.0749548676081925,100.9013524066303,274.1707268799507,24482.10051991636,6485.56,59.616587458169406,0.025844876749685,2.18182,0.4149030088959798,0.6355092594275179,1304.988123447631,0.0182444732849867,6.963385833064709,0.2392488732491265,51029.85897516334,0.6141771950203425,0.5342933270185826,22.226727899680466,34.47267053632906,32.76350771044291,29.63893104237954,51.211189136308114,48.22657029839569,49733.96402249064,30.85923894961244,0.6533307919366064,463.203,0.2385863539826537,37775.43196880652,-17.841234511151796,42.46434581694659,526132000.0,3.435674161035765,14.324200738986647,46.875405578540814,667.898041420965,33.47001001250316,23.1621279889909,39.47774340301649,-32.3284,1631.3843675346725,9.190600719076649,1019.494886262984,0.709800756015953,526132000.0,0.2190064144216464,23361.104068985725,1161.144370234076,452311.7894798252,5439.44797300887,0.664828,9.655052861658913,0.549876321994781,0.3026560709036586,1.095329692558063,15.961147829896248,0.694508585444335,0.8740002795883064,0.9972785856563204,0.9910426742271774,-0.1416994147557196,0.7742672358674023,0.4751926750280996,5.1024,0.2900206448592294,4.225278129087263,0.7230749563713375,0.5790817050147671,61.76996828640964,3.06451033967424,18.244196278135263,7503.891614483729,0.2380906121977312,54.728542700465454,340.11382671816614,5.245888790291702,172.295,0.00100254,0.0401846664212663,4.174599038830444,106.226,0.743155,0.828700077093684,9.04057477720546,0.6754565616333394,17.3286,0.0144589846614837,9.37149383188798,0.1332135649965413,16.449373568496746,1716.3805357640526,214.609,133895871.29022232,2785.7644125548977,0.0208276006999276,1115.6527041086513,0.2253687877518373,0.4707303764679603,877.92762351032,0.0131893121153706,5.376094531065202,0.0227743453837812,878688.4589857837,0.796684780347809,0.6538837117459704,10.13876264534198,29.13734596262269,48.525809923982166,35.88195777511414,24.827397401179866,33.80679865808224,30978.237361192816,41.533150888768176,0.6580155147121273,11350.422191139314,0.5707348425519417,29953.08368928286
ID-770,Center-4,M,1.0,1.0,1.0,0.0,1,66,82,1,4.679523753043474,15.174426448182857,4947392.6568090655,3.650532611215741,5.6369828094369625,2.460054465417211,27094.67770844488,16.246118022475972,9.23576103940737,5.20426,12.24201841699987,3.5593540628282687,10.895806993245484,2.372613216802879,12.107811185229604,2.99426,0.4552875115487639,64127.88951376687,4526347.957688928,0.0338918168931406,5.38086996331514,1914.3423158545256,3995625.691244987,75162.86239887908,2933.5400121396992,42.2710516281563,0.97466,2.736407597396666,1.29923,19.60362802130878,0.2255141848886911,0.3376513254511482,0.995053071732168,0.9513043340817872,-0.2833711679925608,0.9603748821000692,0.2345037071327917,6.41898,0.0145233926911749,7.280691227725997,0.9294828940051544,0.00134553,66.84533839775203,6.920114265633685,267.9475101902976,1359.3221607523742,0.0103237388135589,256.0112223573873,2287.936811074267,1.92723395980322,116.083,0.0616803669606009,0.0294522070110233,6.365704337948865,14468.41589201873,0.9322752650061916,0.9302244773566092,0.2855282775530212,0.9313693597717702,140.63953042048158,0.0047391862937012,73.71724115620025,0.0639979894331694,99.23293261092395,1978.167224424576,3.34623,3969506.9739247775,0.00123903,0.000476227,2.18182,0.0642722,0.6012734680445628,124.70558947329828,0.000418855,7.786272160066964,0.4037758587678496,1.09326,0.5281262084348769,0.5921398630250362,23.1102461845806,54.64888385689737,59.44399501253148,14.210262606869836,50.0784851392174,31.127962994068312,20193.76156072692,19.26922380244231,0.7210422428090597,6543.472436393037,0.1864942081739401,26828.51449716513,51.3066,114.88319335051096,58277129445.03308,1.959013976887866,10.295299646872548,47.41041737479082,638.5007536399008,51.80220365047562,46.43226250685104,58.27109764089966,-156.76328183794217,144.178,25.40470379755765,1067.7325509873408,-6.718730956702833,526132000.0,0.4563094368685502,28596.399817422585,473.89474878531496,295263.7443656145,-1420.129631488829,146.1993576994209,0.212363,0.5922224081171062,0.814379227714332,1.7717622400382371,8.483750815628635,0.7084064788215794,0.7915477017903984,0.9967143865218874,0.9829386248706382,-0.0680050751153883,0.7865256843315045,0.494728,53.01051331970391,0.0950439798442101,2.654336341990492,0.6105318673477085,0.2370729178793886,56.96479109060715,1.9693805024303848,14.72914857053561,4916.320133936891,0.2969144681397976,17.492314632742822,833.4451448659506,7.274889935180086,172.295,0.2415929610468501,0.0155747328210438,4.3961516333423125,106.226,0.4339693029453869,0.4938631565541767,8.814169566754762,0.5806243227276671,296.61365795619656,0.0145340171543639,63.814645514379386,0.1249992698568049,194.887587434605,714.8398413458378,214.609,63095.6,0.225683,0.0307771647469104,398.35929584782673,0.1402955954458057,0.594620986176633,1058.2202639278437,0.0139965077568023,6.557248735038284,0.0402725157621968,289932.83862972946,0.9116920653363918,0.7442358549051264,14.36423498435984,64.349285234712,27.513577533653745,53.132674053241,37.16114497919421,40.68051474819939,548.583,32.11769399052034,0.8517663961301203,6583.237998510413,0.4809340941189424,25056.22971681564
ID-771,Center-4,M,1.0,1.0,1.0,0.0,1,50,78,1,8.55900094442609,3.9520535650962447,8110.21,6.743490118905739,8.459760360627163,2.4389054217772994,558.0,23.11590172029988,9.545257808832968,2.296238997814271,9.94830602166216,4.592251817796962,14.016795005483209,1.7972800166213228,12.98844546234167,10.999605186734808,0.6102109199170498,294131.3254142265,4906816.986813202,0.00914519,14.055794321384496,43.7843,7507578.969976319,19854.06077340118,1208.4822817817835,30.701964502920344,0.926979074510632,4.666592764791988,3.351617951477208,6.703209887553642,0.4155308267573651,0.3337996747180299,0.9938987272857204,0.954525468986124,-0.3016894661099979,0.9704648081516236,0.3469927817577408,29.206897267004937,0.000347025,11.313124123985205,0.9478312780414409,0.0052653050967511,76.04683266877012,6.580951028522863,224.67657101798667,475.5843467908996,0.0663646317359669,367.7056653370312,3396.6702275103016,1.852554774996206,3029.636947617266,0.0148439776601635,0.002709513076192,4.961475630760863,41122.38734373772,0.947064,0.8532089632466411,0.0353675,0.9178735576463588,26.058,0.019766868652742,149.9808525607032,0.0555945020164032,51.30235249476408,1558.118270418248,3.34623,6314446.25282738,0.00123903,0.0655831771262734,3782.2311188206186,0.2475345342145523,0.4576311882761288,1230.6497325137807,0.0127119980907612,6.127821245071454,0.2781700066039437,1.09326,0.5158007240464958,0.5833121380550106,14.899789486019458,28.257368814382176,17.050070422068767,45.015919085091056,40.49052350966991,19.50400149522845,28636.30581644453,16.39108948735093,0.7174537401878202,5628.142758384289,0.3224191743264067,558.0,18.743578153234264,97.80853411752814,57120307718.29846,3.030365154626252,36.565979155076846,57.88679098444743,434.05156124699965,43.65275191666434,46.10058230866112,65.1334,-441.679975950064,1110.7056722977416,2.31624,1063.0806419653422,-6.721335679462255,56797365974.50459,0.1684014668822753,67.1971,2277.4612575998435,5.8552,-3932.438841863065,36.2056868147004,3.287674982648743,0.8224154520922878,1.3288990349233911,1.7995916170773854,1.135460469328808,0.8346539317296776,0.7808246572606661,0.996614306224185,0.995225,-0.2225873046905706,0.7764551754567484,0.360607706288403,44.73309449073248,0.1974731057615028,3.3827834513583306,0.9198603716210568,0.2108908911362699,37.49231832230976,4.1819516493512605,20.47899056631705,3419.844893128874,0.420728845196003,0.610339,3104.5651418537923,21.52268837472792,3164.997171067371,0.1126437608344091,0.0115145701500941,4.783802222841692,1220.290587532773,0.5144628532397152,0.4731183432661497,1.0390613085387357,0.882034,1077.6301185217494,0.0134737598174996,25.83005432033299,0.0152311,3.11374,1184.5162560447295,392677.6666859196,884675675.7850466,6721.1935504841895,0.0273022676038768,804.4425058051563,0.3844943347839835,0.4841955219306333,630.931985943594,0.0103835273761909,6.910834153667281,0.0309747561227511,349170.934655565,0.7084138813538036,0.4718410261230817,27.407461736401395,50.71149880633194,31.65277253534989,62.91428227835726,12.1655,44.07885503002296,37244.37792520323,18.024853689829868,0.7191597299468736,540.5084559998779,0.1630578285649874,48941.552330865765
ID-772,Center-4,M,1.0,0.0,1.0,0.0,1,74,80,1,4.889133943617349,15.001588468211814,488764.1507956686,4.555539902747884,3.482337266569228,3.315007206266205,3133.02547206073,16.630533116826413,7.1355651592725895,2.933852228837962,4.486755683661743,1.3667080006738606,11.775943219278188,1.756126985121978,9.745286786297347,15.866389152944535,-0.0031715970438385,2087.32,1453351.9210323193,0.0282922838002724,11.33003588069419,3870.9532650496494,6633344.297527213,42619.78165890879,1474.0726984473526,25.5255494884438,0.8860068029483278,4.377638735056991,2.875024420362273,3.0618414272845467,0.2995230660498628,0.1074512033152496,0.995529781557817,0.9473614429132272,-0.2921404079668401,0.966308564510578,0.4575016512010839,35.622832086535176,0.000347025,10.412042258132995,0.8848690621525308,0.00134553,35.20675666178758,5.396573253199435,362.6217753072173,612.41874338106,0.0419974229817375,3.51945,38.346,1.803638622858992,116.083,0.0343931382474758,0.02339817895358,5.514794849034342,21706.25336173997,0.8505037010080035,0.8150030364056902,0.2727769354518276,0.8401074099035255,1499.1888827152168,0.0101744977166499,38.83224751658146,0.0635846012873546,212.8209719924133,1511.2077659433478,43981.21434128676,5460763.342472238,0.00123903,0.0089840924019525,920.6933810823906,0.2277082863521046,0.5463045825463319,68.55275113560555,0.0093498253855944,6.866936375652626,0.1759731268322371,1.09326,0.712513089596844,0.4875347844150762,26.15404998290738,12.650949671436996,51.92794726568908,30.537905028882985,46.5790691229239,42.60758171879556,42949.80121655709,45.1750683352072,0.5631229928806998,4921.7096593284805,0.4171351097255184,20575.955109434537,18.069838521099022,132.89308185510365,37789836753.54492,2.3096689192450923,24.355528713356392,155.08287177550858,417.7061700330365,37.49252140908051,4.12072,41.47037228532563,-863.382830003537,1073.4761170478475,6.949839696593809,1072.598579976432,-7.248130324075327,29844524477.35331,0.3792608315230143,67.1971,1222.9927321717855,5.8552,976.3123886833552,153.91019519579626,11.127089699501973,0.7723678495324908,1.3011723188146396,0.69169,0.181279,0.6929122938967149,0.8100465638952513,0.9967358484769956,0.9875574621204408,-0.1398346881102799,0.6717311509671176,0.3636896821753292,34.6653280900223,0.1429499981280537,6.285511194802657,0.6341729711224651,0.6607957903416628,23.99243602387249,2.9537188492461275,4.160100412315614,736.8683760436392,0.2292895070459971,58.265746012026376,28.9544,1.9136606837771484,172.295,0.1036339960129633,0.0120290019292549,4.683107303675173,11503.836420941008,0.3872425917282479,0.5363601740147447,7.4032434757474785,0.6687279764431739,772.8424678508155,0.0047246520286305,95.8537917829094,0.0886671535908495,3.11374,1704.8111965868975,277404.7115624718,1418837886.5533264,0.225683,0.0584359120023057,5.90323,0.2993853112830152,0.4396142540992026,935.0638712191754,0.013516577813054,6.406642789651586,0.052893224459092,820498.4181155972,0.803878773318444,0.4745546904373728,21.17652659563602,55.08723377529105,69.25513806306598,40.04026490146964,21.03974167817959,45.47708661214541,16965.627581905617,26.759385496057323,0.6457078214546391,8488.053586293783,0.3393638450216258,9150.337468342756
ID-789,Center-4,M,1.0,1.0,1.0,0.0,1,61,55,1,3.3456461363897643,13.32484245248362,390390.32324683154,5.29676895238288,2.662567136706796,2.6502765810067648,20825.793737855216,27.46539810691876,4.797238733807207,2.2206634079053105,11.962211750048834,2.941858369768748,13.45945033434063,1.969595085796237,11.702837068973892,9.02033950421369,0.3177099545794508,2087.32,7879975.049155474,0.0284943560504387,12.655898703388456,1693.762330457934,5588992.952367358,16617.806408629353,305.26451737205537,73.78655226609575,0.9300715035441736,5.296737386767726,2.655137856533807,0.393348,0.4258799447960231,0.1968196688940497,0.9963824760270368,0.9396825484314052,-0.2631974384978561,0.993989,0.1498016167912409,49.72336166736344,0.0036679965054942,4.45707,0.977199,0.0711519706099015,68.91030018622453,7.78685,343.947593150893,588.8751365739752,0.0546499579257168,299.6830285720414,38.346,2.0789854160909185,2645.3268128980653,0.0226056404742443,0.0224217708282587,6.503624916698051,277.587,0.7852976235932176,0.971112,0.4510680175845848,0.9677402576713308,221.6239577985709,0.0027369024601565,180.6767989580649,0.0540379004471936,20.08020686834066,746.1858264714242,20222.450282452177,7031790.451701854,0.00123903,0.000476227,2.18182,0.3417235939745132,0.5889468865611132,2.66496,0.0166373885233855,7.060292099043522,0.5843281114434407,24521.30840618271,0.7640304454299984,0.4034845192986103,15.18323029327134,37.18403335654206,40.34051682949176,35.80833061205682,39.36515320758701,31.97875268834304,26491.61347999315,20.87695386529206,0.5546405681348255,5449.733745755097,0.7067701177335579,5643.151183596996,-34.93147261669605,110.43780793105589,25192578937.93685,2.705940636181748,49.34271313346619,66.25688333184247,524.4260875285096,59.91853454360855,39.02974790649427,40.22990278606228,-236.0876185506385,144.178,9.88263550041365,1080.5975006198746,-1.4449730630883466,39722148807.58177,0.4062532198580387,15753.437439505808,921.7294052037678,414380.0269924033,-246.5925255488462,129.1159616188773,20.456486016617585,0.6497924207529227,1.6847394666436166,1.1802668555542164,17.471521405692304,0.8805894709319767,0.5852130681187213,0.9948710658613577,0.9694305209089944,-0.0593655518813315,0.7393268756910403,0.4480394819065834,38.67491553259784,0.3048933717030478,5.5159863477559945,0.9159549443633044,0.3100853962332522,15.297349977154408,3.7207559685887626,15.02935834900008,49.2996,0.2116937342488015,0.610339,1710.0567535557384,1.74669,3021.663946909832,0.0211171292561691,0.025447495927525,4.689360433751232,2556.804028564545,0.5417608765226151,0.8206398253371374,3.254551388011957,0.5023521486099003,2502.984713682051,0.0113831315643616,3.90476,0.1230666046086992,191.9056033215352,633.8197785667356,25601.441465566648,181465745.16937324,1088.734636620026,0.0108564782717346,5.90323,0.4017186516545004,0.6253612509467366,6.83919,0.0031028123712767,6.3019111992376216,0.1030815450605974,171354.77344526674,0.6101271732338979,0.6296339456783817,17.66582834771068,38.37577814913502,39.18935759817651,80.95639129752462,46.974125127990575,31.71464356355097,51992.33541420743,26.05341495916365,0.7015089233932088,458.685,0.4562578378649232,38156.114103002015
ID-807,Center-4,F,1.0,0.0,1.0,0.0,1,49,109,1,4.722750565169574,6.567235275839212,8110.21,6.8484,3.305756000757686,4.353697318198275,45656.36204873708,21.89878666379004,9.338614935007794,1.3716288131403376,12.031266579197906,3.615015927649656,9.115107890872778,3.140558210460548,16.940919952244553,17.481141120594103,1.0382635510055438,614062.2326429562,1578057.0558780995,0.00914519,0.134882,2663.0605151914706,312.508,-9136.028885666292,1053.2472177992313,27.51610302852387,0.9221201435679084,0.682288,2.9218089087320687,10.358202360981744,0.4937299262726919,0.199968450965484,0.9934782182690906,0.9429730692009954,-0.3591651692264582,0.983128786206995,0.2660247606870267,41.64914671358767,0.000347025,8.896017827115012,0.9402628625551108,0.0238231269552275,112.4861310242584,7.428835378195957,457.66284829356175,511.7551683448257,0.0300882186997138,170.8785173277384,38.346,1.9675877957537589,3136.875196410655,0.0240761107431494,0.0168727712236036,5.215942879948325,5359.698840251534,0.8885488123075734,0.8906680300266935,0.396407801478029,0.874545678718041,1475.42326597413,0.0128698141850499,1.93333,0.0188057731597192,179.59154094033133,1195.0613514139918,26786.21460623665,6485.56,198.39516817131528,0.0433486147563726,346.8564385413945,0.127849256247948,0.6582842500743885,866.9194382342514,0.000418855,7.506906409174796,0.3531825401255683,30684.235539710928,0.7575598099253882,0.5480949338732566,11.352924965446611,42.95435686197236,27.3837007026004,81.09180496191068,27.605287543613954,38.8194899071955,996.6818596251732,56.19198265410219,0.843337,7094.177507581482,0.3795645807502236,19054.51924353322,51.3066,98.54594685825938,18192766118.02644,1.3609566779791984,33.37151841156089,31.811817299944348,180.9860717683996,58.618484920620375,33.40146476335809,63.963075459835714,-237.98194449308428,846.9249198413385,22.94879496923736,1032.0879504802444,-4.63368762286764,41460543077.65637,0.3411652992890244,20430.50231669406,2639.951503083334,5.8552,-8037.0636388199855,134.09605948554767,4.927561502401924,0.4602001774305656,0.174711,1.2685083624788185,3.645682684869252,0.917477,0.8296355344631794,0.999872,0.994582417498834,-0.1206445138358145,0.6617196377530006,0.4818506336481634,46.33928509272082,0.2078179806396732,4.783107048860442,0.7271062953548548,0.4066985804761728,88.01940507492488,3.1095429018730933,28.00755898782885,49.2996,0.1427102175689126,0.610339,28.9544,11.268890066645293,6510.567711736498,0.0449806626196782,0.0107551624922601,4.405776686027176,11368.972107246163,0.3550005844786412,0.7276364135542407,0.3220901946682966,0.3929419800005287,1426.0152559809662,0.0020045122674714,77.60939596837588,0.0152311,141.66216671439608,1857.4295547084048,214.609,75188017.2732189,1895.684864817847,0.0728644259259427,196.22716454390363,0.3632012550643563,0.668839287830761,73.90003501843135,0.0292539654669674,5.836798459419718,0.1608451872712585,190.726,0.8337326794390338,0.4946152962106716,13.98184571146015,61.059555650957165,28.93696706956646,56.34213851855437,12.81294323418561,44.178185617794654,548.583,46.09141259142747,0.6908705186196986,3629.6143273287753,0.6132912458317046,5736.972295176813
ID-821,Center-4,M,1.0,1.0,1.0,0.0,1,60,44,0,7.849620869696789,3.948701269347608,8110.21,5.433556846722031,3.5034211933257,1.886921241737728,56911.10674037701,23.595510411727496,9.702562724034104,3.614115350174633,12.709741935476844,4.473860890240896,1.89312625334841,1.7195965590488105,8.368716296081121,2.99426,0.9251941827686776,223073.4725320242,733980.3329176431,0.0412521352677589,0.134882,43.7843,7347085.17936482,-15762.397114672996,1092.4005162394335,42.4364515189266,0.97466,0.9354282609275544,3.078055750397956,12.267283655832282,0.3791344214952287,0.1954262477895498,0.9913500358626748,0.9538439487941184,-0.2577391871108586,0.9534137901525844,0.3237531081923027,54.06782550763237,0.000347025,9.430042557834277,0.977199,0.0101189112925315,54.41367199247915,6.758062334078252,3.02726,672.9247204127873,0.0289868786102762,25.599445562925936,218.07736150880044,1.4438503195691206,3001.9836124084736,0.0210440527292754,0.0361513296203519,5.494572733828848,277.587,0.8683810305926616,0.9244023724228868,0.206600596020761,0.9437677312074793,1706.1614401662546,0.0092788900458095,1.93333,0.0622129976992474,436.54227822038246,1914.6026607686977,3.34623,11183348.979025248,260.3231132378436,0.000476227,216.8771073328835,0.1663719434727844,0.5110217635891395,1396.699668476937,0.0111061933850495,6.650327670013615,0.3112379257206836,1.09326,0.5361837335026419,0.5662198579020906,22.73243170151365,60.12296201635328,13.6015,29.542941982717075,63.032172815410384,65.71075163421993,545.25,32.47843152251039,0.6592147304598303,463.203,0.2537751836200869,28238.87168706872,0.612705190346797,70.48445817302994,51894708589.22566,2.487807323253983,49.24320829624007,16.311196724331545,66.3085,42.6365248519775,34.00666075184007,44.97359533742917,-32.3284,144.178,10.35199166301877,1051.2789679106882,-1.166049408337669,526132000.0,0.1776982301052876,3013.9549274613514,1516.4025485981515,5.8552,-1975.0835998734235,95.75469057223648,1.1180108074334294,0.4046597685227219,0.5228436222606268,2.460376434092975,6.828492341482692,0.904271798776328,0.485427592974157,0.9979703569041432,0.9925261068736329,-0.2326598444993698,0.6088102004363459,0.3720629094447529,10.195613000099106,0.3587979779476789,5.584591859620949,0.7580696054936791,0.2750198137224862,49.26711746969946,1.792613430915892,47.2257721530009,4899.970644942157,0.1204209599599785,76.22908844729095,2028.144616391784,1.74669,3955.5733079302186,0.2013736763243902,0.0038726702463337,4.256872093923679,10219.256322321084,0.3144813651294985,0.535242881974876,8.653574750361255,0.6565485464855252,1064.0634578849013,0.0121761885644926,39.62576856003733,0.2216583661464745,151.06914589718457,1720.6453751581462,342272.0155634869,641780184.2854835,4077.246995987533,0.0102649940266739,665.9489911576399,0.3820187692136221,0.4021057113700365,6.83919,0.016637604742503,5.564162418366987,0.0909915629906102,696545.5635449463,0.9669129114408708,0.294034247097605,20.464836564667458,52.828485364114265,64.10832495823067,19.557984420023047,28.041197055989947,65.35145241142497,53654.542701015154,19.131166869435887,0.6289310847833117,8768.584061426254,0.6746812409475061,562.0
ID-838,Center-4,M,1.0,1.0,1.0,0.0,1,42,37,0,8.359718439094488,14.489542133850552,3843528.8840884943,4.9610182213611616,3.7714265286584654,3.853113655195848,558.0,6.200796430459826,10.167495464098096,3.5326329971921133,7.202705371177505,3.780352921827197,21.211978804671183,2.4805290532563165,4.373911225596876,12.881043331216537,0.7513081166391953,252743.0915097521,9739889.114491394,0.0317132506185472,10.542729573778043,1399.5911879413488,10519765.898481252,36686.072029627394,850.1025729346997,58.77939638794524,0.890765905566568,1.325766418218229,2.903502629254561,11.267752708960046,0.4132028452034363,0.3334009869096158,0.998305,0.9476904010863226,-0.3748870518733282,0.9575695319513232,0.1588025403084724,36.45066906750648,0.000347025,9.08457908914063,0.9765555679730356,0.0113495455387001,74.31769480955414,5.075001752259412,3.02726,36.2218,0.0374341534465493,223.12225629599965,2697.388135045196,1.5381368932383783,4161.752522683145,0.0189642488579315,0.0049100250418633,4.585797555268139,277.587,0.947064,0.8910986722304918,0.4597102904168912,0.9222615944353156,3366.871820897578,0.000379169,146.4577849036537,0.033701185056004,116.92155849914344,1756.3604309292043,3.34623,3613383.913255345,40.04439144089919,0.0104142755499535,2.18182,0.3898296183616901,0.515565750260186,1251.804236497626,0.0041106631031109,8.426046234036605,0.439303788538266,9717.53042940823,0.62200488178308,0.7480746804635291,30.82294728940451,25.40141245033552,42.37812255153391,65.91633827074071,44.35257078438868,36.54989622451153,21137.788981311256,41.56197368915744,0.6493296769036387,4955.552142658093,0.489177131150427,18545.324868582844,12.532121089718842,46.01815644533911,11819578631.060995,1.5802536826614966,54.91444569676931,53.77026612498519,66.3085,23.872778020455616,22.980390643902552,55.76622834969667,-652.4854579422846,991.7157519492516,4.038166481918674,1099.565165508183,-8.104682994141152,526132000.0,0.2424800455368126,535.8487018327651,3116.262688168308,5.8552,3898.322831337794,82.60383397765091,12.631954924810898,0.6759227707208884,0.6694406637498826,1.4423879035790974,7.659220944289977,0.8412940798102523,0.6689855062264877,0.9962307921674096,0.9612530394014208,-0.1554516074546526,0.7148415620948143,0.3480674620600752,16.68373263201463,0.1311492837079233,3.2750239460147967,0.7157357219907199,0.0729563873563618,93.68206115057332,2.426454822406732,38.3307230579956,2453.070042292753,0.2507913142186388,78.60140802524418,397.06025137258695,11.731972439105242,7782.600051037891,0.206392593161197,0.016845261402334,4.492717250332631,7052.329359581204,0.743155,0.330659121973111,9.405375092935852,0.6535219824879568,141.7844148295798,0.0079387708160625,119.38811753182306,0.0724272752189479,62.91919330738723,30.1957,214.609,525555382.5354952,0.225683,0.0302262086467945,5.90323,0.2507366147183833,0.782106,1513.3359879649752,0.0264491604750138,6.449371666728729,0.0507111952668398,634605.1674244734,0.5996232348610038,0.4460618011762874,29.144696402314068,48.48613455552493,55.71481164002174,22.983118066881616,27.56432880632876,39.3394096243342,9098.73593112885,27.36644572720502,0.7999368498075219,9154.011620925252,0.4975567197813265,37627.12786197432
ID-849,Center-4,M,1.0,1.0,1.0,0.0,1,69,67,0,6.358629745158396,21.746893532839174,8110.21,5.822772092795523,0.476152,3.1934022865532574,41929.32561047994,20.801667362421018,6.917161702642286,0.7379446650742333,2.71105,2.79581993129054,10.317713001698198,0.9576706427514446,2.92476,8.726406776113894,0.1832776223298965,535019.7922496119,2903353.265195977,0.00914519,15.072500247373618,2123.324884258428,4942314.411887084,-2411.2806029814187,2362.306963306123,0.897676,0.97466,2.0469222695285514,4.0983672976427625,7.843560893654409,0.364041645038734,0.097145,0.9908782145970838,0.9533808377036496,-0.235993,0.993989,0.2426220245898257,12.95543842266896,0.000347025,8.470814813459857,0.896772094270012,0.0124772202301856,36.928741053378985,5.664241250904817,68.12874803192933,222.2686910855652,0.0175569602605569,200.42145481208505,1758.9228653813866,2.3000414175925914,2370.7233362259863,0.0293001784550893,0.0308446617282941,6.255471884841778,51975.13841102906,0.8031386917062661,0.9093019486955388,0.1530421949899633,0.9789521107261734,3210.1900982849675,0.000379169,122.76647603912237,0.0433315232304348,6.42722,2035.368917566948,18887.739101491978,3328604.206053017,178.39277866064583,0.000476227,3560.716398169574,0.1310583560015533,0.43707794160038,519.5361306113003,0.020291480570784,7.943413466053084,0.0458758738398518,2870.157720235644,0.6131004449315177,0.4545812042299005,17.171712420982324,26.74841060833557,35.91285936981346,41.22582792428231,12.3693,61.89257864021727,20600.897465566195,29.99943542711096,0.6605376549137836,2439.9368211245583,0.2019939706813303,25429.33552434553,-109.37904196848316,47.03172261097028,526132000.0,3.4085249746754056,31.96788776067134,68.66593533999884,66.3085,58.29913255311881,30.24629189302827,49.98962528030507,-55.654651962769854,393.33116318785073,12.849612727649523,1033.7802651734437,1.531384433333841,12125917519.92307,0.3652930265359221,10828.535240516028,665.3957990141246,1161386.6850714954,3262.4845662210264,95.49453123492192,10.898260315717543,0.5931896682986536,0.174711,1.2958000962249356,23.255998235438927,0.8354392646810747,0.6616892819647414,0.9995288709760268,0.9865185033055514,-0.2026401047929023,0.788152472615045,0.4747472340409151,29.28352372490201,0.449666757748328,3.90841606427498,0.8254659207170032,0.5615617649075102,24.523969523486063,2.554053361465382,11.44160906203913,7779.7392433165,0.3234417726304581,0.610339,1468.4134296771656,5.121096595178594,172.295,0.0637729026287785,0.0062618183892943,4.600053320989905,16497.517854724665,0.3574649005834123,0.464451912863095,0.291681,0.6124384740496296,642.5253572110815,0.0106888376981611,72.82789622918989,0.0364106628471308,3.11374,1745.1405992423104,718614.1384177889,661376364.460979,3920.459794255735,0.0019317305418391,143.4994794497365,0.3277642189265115,0.4797284687246739,1187.0051120997423,0.018267609432435,4.935138343817723,0.0699872994666727,287374.74803625623,0.8314801945844555,0.868571,7.691395433427683,15.067735844776454,42.59085289092451,46.861869169293286,30.441554053335665,33.19564350758576,16108.564129927505,28.806008400112145,0.4782056834896176,5117.011419418585,0.4967837884119531,34643.32222854298
ID-852,Center-4,M,1.0,0.0,1.0,0.0,1,52,85,0,2.9673880308502145,21.238729451426405,1071338.2147204278,6.304558481873628,1.4376868715220177,1.8447315971456208,33304.73731255787,13.349281116881471,3.7968548075508552,0.5471452002831781,5.385246460059665,3.2921956835578694,27.9916,1.3886478712859325,5.968171884505708,2.99426,0.4579617533160939,375148.6473473881,8110.21,0.0379121431293436,1.6403699679778891,534.3796953865319,9043040.38579942,52912.54585462469,819.3362482893567,29.1546013925879,0.9643328412061982,6.180860922853065,3.3966122483948267,6.486087204945637,0.4515252183108031,0.3518309078260663,0.9935393664366182,0.9459059679493488,-0.3157319867177895,0.9645477928766092,0.101875,24.826006044145803,0.0093073994421534,8.295741035323017,0.9016973608801118,0.0115315043563935,19.1887942932676,5.245119352934685,228.52940446411856,307.57337919274784,0.0340011514508402,374.3972635615335,38.346,1.105933891746655,1846.29685117479,0.0252181624520298,0.0173868460851801,5.144174628554518,3454.932621813118,0.8465569814466474,0.884173107009652,0.0740274351976286,0.9406100765509968,1417.4552860626782,0.0041205313291795,71.54288579759644,0.00977157,477.9302359864295,2723.110211862739,10447.82600261676,18185334.51603781,0.00123903,0.0450960250799903,2724.251238458512,0.254508463247247,0.6513477212159765,168.20890318703252,0.0083461226227609,6.907969196928203,0.00671548,2997.1039056938525,0.9297317027252372,0.5962765583528579,20.362756439968592,51.44040355669495,41.1174813501749,51.39414245569132,28.43555820206504,35.13530116770262,9066.95424222763,24.196129579942177,0.8383321367928597,3373.234453355429,0.13282,57938.70014418018,-0.1748537136369892,33.3375,10472815883.0762,1.797938226134042,23.440104717540017,3.83943,66.3085,72.18485700145641,51.76367537772802,36.31315234169691,-1029.32864533857,195.2860555116195,15.741698639067844,1084.133780055107,-4.283169238557411,7236424573.496437,0.2195484497118859,11396.434940948226,1815.583430241478,897692.8847588312,-991.2238167457012,140.90247125072364,0.212363,0.8832662267684673,1.0194759385450969,1.5304328892530454,2.6382101737283383,0.6272903298059775,0.6478408409697921,0.9948882760528296,0.9868347060541544,-0.0967838341918512,0.65457646505908,0.3033115849778369,23.830429077994403,0.2024454259284834,5.437305991882034,0.920413,0.1833336036254108,10.2048,3.5363453955644344,19.74723786935688,6659.23549144137,0.1580657529135787,24.053313488845724,259.8748930622165,14.298517056861844,4556.1481394235125,0.2806970160445904,0.015795293878485,4.060811167567527,3504.791133375241,0.4509122998230072,0.3765242945274965,4.357846248798831,0.6744161878795218,17.3286,0.0030275726099736,32.053351557968696,0.0815016688122853,14.193320835700424,1569.4466237349266,87726.93775270323,63095.6,0.225683,0.0277463771212815,866.5598068914614,0.4349414821453177,0.5345292802893613,443.9083779464266,0.0186944273758013,4.807340555360768,0.0218314158169064,544551.4542250677,0.6856057198129849,0.5175439694533528,30.356718146588506,38.53575356035426,50.25836994459301,48.37584399865345,44.24856172128343,22.155110372865725,548.583,15.453755372295582,0.854322,8171.203645367749,0.3153523518607268,562.0
ID-854,Center-4,M,1.0,0.0,1.0,0.0,1,62,84,0,4.465954015437416,18.6390420288527,8110.21,6.6154865944537375,1.6025198232362527,3.260050006329849,56391.74650859965,17.214669869892134,7.356227106112746,3.494496280076144,7.68674783458243,2.9550737211883584,10.468892108724642,1.0363525966645268,11.72077526064582,17.867515567692866,-0.2440146518957219,260110.44389541115,344891.9633720586,0.0599798371749329,0.134882,1861.9082621513924,312.508,44967.639308892445,720.9612221803266,60.78633541693678,0.97466,5.02428995041693,1.8575818253888403,17.04887235073184,0.2218933539163596,0.5561742771382246,0.9945831217086132,0.9556193415016104,-0.3201843179276392,0.993989,0.2809904771680628,30.06751109188844,0.0082308809992239,7.626853931236497,0.926171330861666,0.00134553,62.68714127366965,7.589992519999987,368.06789211674726,36.2218,0.0738316271142011,596.3055824950876,914.6244277498696,1.1779123034891736,2108.271766636292,0.0392694377261267,0.0131672488490636,6.518934645610139,18703.57356252509,0.8584373874040698,0.8962228238072304,0.0699867394864037,0.919000457056514,1384.73882911615,0.010515232401902,12.90449608713155,0.00977157,467.0787795855098,459.0626549531042,9646.727313587278,6485.56,0.00123903,0.0120742781027788,2.18182,0.3839738577957721,0.5055227333992991,2.66496,0.0178736321000609,8.31249256890208,0.3193326501180873,1.09326,0.6924315600811802,0.6224955018677352,31.903190593298632,44.24260624585296,71.53228570435063,38.21749760021479,32.58889757947773,40.62718276579054,545.25,33.391734647498126,0.6706504001763981,3587.1063547470294,0.3497064221660301,24880.613206742004,51.3066,33.3375,30739687014.13956,1.5575380352092791,22.91905782955047,15.372889655121853,660.3802194213331,51.67638612483421,66.49066288054277,47.59815277132667,-36.12357338146781,144.178,24.02150945455951,1030.1731785445954,-0.0092650551379115,13013007033.344524,0.4837949368707019,9359.326858084129,1857.3267071536927,1305590.172347561,11430.108735621125,40.39862083974296,6.907061626652073,0.6480077349493705,1.522103287645749,1.874311135250956,0.181279,0.8855441289290863,0.6095496373012248,0.9940599547330512,0.9698450743197576,-0.1515378713481292,0.736456103132944,0.494728,40.149156054753874,0.233743028773345,5.011958039189709,0.662917082802821,0.25685562418051,96.34066399394943,3.265781937310757,0.224451,49.2996,0.2125115765376433,25.122500621657185,28.9544,1.74669,172.295,0.0788866181751408,0.0081746514968124,3.9378873550680873,5368.370630967319,0.4338919494604495,0.4680311007578746,1.134736261002984,0.5204060753177915,160.38228736245256,0.000389061,3.90476,0.0454579023936399,23.1660515239246,679.6346791236635,367836.13100552536,457946247.8072538,2276.8230040161498,0.00104556,963.7110488211252,0.2662176670544201,0.5342324806898439,1891.4736982079253,0.0072353312783113,5.635583391986689,0.0637592520277848,406449.6878741725,0.5956849843547268,0.7046643181262295,29.275285684102634,47.59146553286124,42.05186075914832,43.16198824672447,22.032625376198887,39.9798411935359,15551.00041448747,25.176122663401923,0.7471631803669546,3073.6620595992385,0.4349178970319671,38573.706942852106
ID-855,Center-4,M,1.0,1.0,1.0,0.0,1,42,70,0,8.29461351230686,8.255152936073527,5650975.506935529,5.475261905961055,1.7897756055314284,2.9501621838601984,48410.61438785483,11.783868016854136,12.320412679469634,2.2685142332328456,5.004229120204653,2.9540964480916454,6.202198940630309,1.9393813744910289,2.92476,13.149963499486926,-0.0076729346243053,390684.8339332213,1924537.4658868664,0.019212443337017,12.756386842743495,1970.880806071193,2065834.4582694788,-15659.941306309122,472.0007651534687,56.61751052464086,0.97466,0.682288,3.947770904009769,24.71998275751205,0.4166125353339127,0.3328575991419154,0.992175954221886,0.941965621585753,-0.3241047270523315,0.9673767087991828,0.3129288993933763,44.12996087188359,0.0097243687678258,6.587065464060122,0.924119330639864,0.0247211535752091,66.69915765986488,5.5251740121719335,3.02726,345.79660962618414,0.0957975044061299,46.19071919474597,1014.0973598774536,1.6885371495014263,4117.789689715005,0.0404703664302311,0.023658160014523,5.345649858587297,8164.434115828091,0.8942780775365988,0.9198938851480428,0.2577181359287359,0.979283,1570.3081473182494,0.0137547798631687,22.262163682221967,0.0654487102706813,6.42722,520.1052727377839,39523.17486315785,6485.56,245.18695269454807,0.000476227,1764.4526284287797,0.3092855482162379,0.4000263813947008,1375.0681296388527,0.0209565181337536,8.265887873354494,0.3520024870154059,12753.57314070396,0.6734834722177068,0.5469621903275552,22.10946506704021,37.17924543965228,39.3888968385272,19.853654994420594,24.175147563010466,58.15701177876328,39732.15566238376,37.37371715031672,0.6653769234530521,10304.744400812624,0.4959294010951334,35365.396571561665,51.3066,109.1078575036972,28922228441.475388,1.3812867599484928,48.90321461874599,80.66705743836017,142.73170594037518,48.81689668494143,46.83641948059513,61.28602510894177,-183.0401132711483,1959.2263606190488,8.26838442393475,1037.1898097891783,-1.2891245751939788,526132000.0,0.2777395104202225,1311.2201530947486,2110.3844786539485,103595.73455944816,-4897.572549670143,293.3436039528391,0.212363,0.6578743926567411,1.782388262233475,1.9529084620904271,3.3276211466972705,0.6934200567827074,0.7908090844940286,0.999136937279656,0.9883395761892692,-0.1651003425945006,0.7481400280571615,0.2714616917871266,41.89300333111504,0.2696777255410096,4.307730433617011,0.920413,0.3296733186887701,46.19826754119201,3.962088930810752,7.179953826245077,1064.8810122634186,0.217214287637275,58.590835400004224,1982.2834797567768,3.653698715079375,172.295,0.00100254,0.000499152,4.089708757372685,4869.126420650207,0.4339937254949297,0.5583500944847046,1.268715328881416,0.633322117661401,17.3286,0.0029637416874314,3.90476,0.1199168492500103,28.83546869369836,30.1957,40223.691286665206,914950094.8801886,0.225683,0.0386904633883209,613.5450681683138,0.3011106614440413,0.4337347205257951,659.024117188593,0.0138957327850666,5.863604695138386,0.1277011492569173,190.726,0.8192698396508795,0.6927162125069605,13.35821232253918,50.80557474580554,53.83420802959503,38.10717391887017,24.31256151204019,48.32885195519048,3403.897947098791,21.92551715370814,0.7091969352813284,2004.7400850839983,0.3714268597666663,22940.35766564917
ID-866,Center-4,M,1.0,1.0,1.0,0.0,1,55,77,0,8.116004431886603,10.192975295866214,8110.21,5.465574760860918,1.4965725369039051,2.065649316164221,558.0,23.2389304852182,9.623631123324012,2.736243641083154,9.366305686771472,2.732021382896134,6.808244376265053,1.4158143019004097,14.732269047336194,16.64602333114679,0.6692514609946562,2087.32,978742.5537242691,0.00914519,21.20492417274189,43.7843,6180289.799371452,-2100.994350527936,1153.4254641667765,58.9047168615226,0.8526634907935253,5.101575922106121,3.4250327786332613,13.452010392841538,0.3709375664024976,0.2941732424110788,0.9923582646819056,0.9509326484578782,-0.291235440641358,0.993989,0.3047222267346792,29.003352961434537,0.0155309538081344,10.020325632888268,0.977199,0.0167677301157805,85.28934324873717,5.258222664600054,192.18483557520827,600.8086326265831,0.0753844006360312,3.51945,716.688489484415,1.787185161879024,1567.2321590970996,0.0254950222094693,0.0056878430303116,6.192311801488869,26242.35529653233,0.925018529540828,0.9060401395870952,0.685407328773154,0.9110043934260232,977.6470156887616,0.0201448839948175,157.18196781808058,0.0472312039957818,593.3143578170843,28.4667,3.34623,5802982.755838274,294.5916036122238,0.000476227,318.67512404072136,0.3767988348564911,0.4090587301339705,1053.1487975668415,0.0156712850887712,7.196750411732491,0.0829825253418138,1.09326,0.7237670007330788,0.4518510693669598,31.580018460821407,26.26810533800821,27.233206731905284,37.51363813840941,52.69739173168097,34.90284993285856,545.25,16.833675277010904,0.77743867854431,463.203,0.4491241287601624,56097.69696344083,50.20189689283378,79.6144126051278,36475021765.22279,3.154853619936085,35.852266425121186,77.22837523885283,431.9980312759647,14.030327026548136,32.673254662803345,55.9426988737126,-32.3284,144.178,14.536795284723397,1016.4058595650172,-1.838048650793202,6828844296.966084,0.5164983693699808,23828.171322821858,26.3153,2494885.394360055,14433.979809800672,37.73280326305452,0.212363,0.7741394207696694,0.9972515969625012,1.022649995749722,4.748748294216108,0.7742623189693801,0.7398815635474042,0.9996683548572848,0.9579603272156372,-0.2055765720931509,0.6170367379090302,0.4028029245320376,56.2161,0.2066038632946813,3.074145176303315,0.8893412501137625,0.2337234047008339,76.03405216137776,1.2171911355292224,16.584702247349654,49.2996,0.378763222717204,0.610339,456.5393937303831,16.783954898498372,1500.480980471517,0.00100254,0.0096662391501686,4.1643411520430975,106.226,0.4728696006896542,0.5968579463239921,2.0040014820802816,0.776455841443793,1619.9302840498397,0.0030796844023395,28.92467303471479,0.0985495429392396,131.77434717540768,457.1432351518444,214.609,204509958.79329216,296.81644832499774,0.0339974886438157,728.45193043956,0.288139600921363,0.6764715856154188,910.2194536893452,0.0014351116971652,7.67214,0.0850128755044204,96972.22747258445,0.8742330865685484,0.4616631367548105,33.92906712573348,14.48874391350039,45.86906500659982,52.3854525459242,43.308173366358936,44.117414362445615,25100.65297704749,16.143438406114907,0.5826548040522381,3582.1717289052726,0.3569512061672202,31861.45959022712
ID-880,Center-4,M,1.0,0.0,1.0,0.0,1,67,85,0,7.05826997312089,5.313422147476125,8326475.108086337,5.045335696833188,4.63042788256004,2.260723718650332,39514.86757000475,16.914719238880103,7.495073710477635,2.034004790394993,11.611249055408566,2.751369518783653,25.49097634426442,1.811061921733545,5.2066390679613,2.99426,0.5003157419193214,2087.32,694245.7016663341,0.00914519,0.134882,1465.32254528088,2914041.1064777314,-25825.701377086218,246.96467353477868,19.46720161431677,0.9080400660902666,1.9665402488372905,3.5370517436730182,22.49936784138282,0.4576155455459656,0.1857666222764481,0.99252615054373,0.9552401051315456,-0.3056298166868374,0.993989,0.3343809932350461,28.47872170133596,0.000347025,8.928410482397856,0.9414242694475412,0.00134553,48.76402704996373,7.056799943583935,378.3145759903591,291.4581523744873,0.00917615,254.66302364242227,1407.40343606435,1.7706704172863097,2339.963309408716,0.000408215,0.0141888093106506,6.431454539147913,21219.8224558318,0.7995807686760743,0.8414814190479444,0.2367172133411949,0.9647351804366664,1757.861384106631,0.0171701600566218,221.74715631020743,0.0503698101978788,6.42722,2806.8966139724253,17873.749424780814,6485.56,0.00123903,0.0165706999566718,4280.977741970343,0.3863107265571712,0.5441311185811212,1005.918154237392,0.0050933968555893,6.460960018064457,0.3026247188847163,924.078336983106,0.6895144894850678,0.5282543130330841,11.869413836710873,41.10186633616756,20.18533290440148,53.949531659529626,45.41909464210789,37.599687245478,16391.256656158188,17.859527428621774,0.607677138758373,1883.3061558207428,0.1651022655464071,27028.84030961577,51.3066,82.57096815840286,49463924959.42477,2.6632498035363192,36.04508073216599,96.58939818898476,1432.7057496297568,62.00677098602031,4.12072,29.58645277066162,-368.4561470282749,791.5341213389017,2.31624,1073.2574823690588,-3.876901500020473,53013053994.043,0.0879434086056988,67.1971,988.4857911000367,5.8552,-546.2051177842618,0.664828,4.9987792367862784,0.8355058012036564,0.7032956394610952,1.9228171167668664,14.12419870449328,0.7031573906330455,0.7934089491135811,0.999872,0.995225,-0.2900506208712956,0.8035057948706372,0.4043868180994585,44.90334535715514,0.3047953015875357,3.455022524015718,0.920413,0.3852711722016148,68.37079665923008,2.4106882587145217,51.9579167880466,49.2996,0.2372051553290352,0.610339,1626.3266382030358,1.74669,4070.855691275206,0.1793590707766283,0.004531714356011,4.091663111484589,106.226,0.3561801470773896,0.7175058692371564,9.023264063510553,0.7747652618991185,1052.2987297975328,0.0007397963727695,93.58711834197392,0.1672387883119963,214.87336249576347,138.31383303367045,357226.9831601176,63095.6,3232.7103882006822,0.00104556,523.3542318097111,0.3097537785686249,0.5823929259236104,1256.4355104027056,0.0073413410166713,4.557355750657603,0.1242760418533872,1034263.4643584036,0.4840769045546782,0.6962883498535174,33.28635628542998,15.70398856858554,55.87203555155265,58.40838906460471,42.86910863849169,63.9184695071558,548.583,30.53089174587804,0.7104704141226146,5921.486243722582,0.3148024985187681,34579.08983525624
ID-884,Center-4,F,1.0,0.0,1.0,0.0,1,62,73,0,8.299352627635631,24.04240499010892,3623356.8454412143,4.3781212694157015,3.3673486981642045,3.448583627562768,2991.7227496896,3.8993286690907145,7.459373781190025,1.0751024182849545,2.71105,2.7026973813787283,18.366825833195293,1.957886655417977,11.154702523643856,13.99713925733278,0.2443653927515,223194.4935587927,2046942.3943656527,0.0566561939727971,16.63006196792881,352.5424112065694,5458458.22255409,-5496.43095366526,2861.04374744956,38.52753247895603,0.9584320108161528,4.362347131187323,3.2467426868799136,24.253889072964384,0.2367179813080024,0.4167470455879583,0.9937102343843084,0.9494218523490976,-0.3737206491554998,0.9898299902468654,0.3423824126574113,14.371728198757522,0.0010514540245143,9.927578422263808,0.9151219219497844,0.00134553,48.59049829348238,7.686390931679465,177.76026439301063,466.99533356307023,0.0219466645786104,444.9951773889612,1855.8473554251675,1.09603,1959.7058880897823,0.064576206188991,0.000384061,6.4687426197871885,277.587,0.921577520985716,0.8393326035688334,0.1021792568317213,0.979283,1448.646516768142,0.0082146742932446,72.00669913108048,0.040666526216754,339.33190562890377,1339.352718502677,3.34623,2628697.661336759,0.00123903,0.0226766320529456,5397.112982743551,0.4924352738910983,0.377251698988453,1383.6314340881363,0.0074390786674377,8.316277658051487,0.2488615916112519,1.09326,0.762528091715239,0.5779911333012288,40.74000967608295,49.25919349113984,61.83396787100237,53.40518796417339,33.67613556108196,33.71132987681371,46602.95667426368,24.1738382199854,0.5878693953278652,7384.413889962065,0.392896375628998,72319.63875602817,-11.70686824576628,170.48105674391817,526132000.0,1.9874249857547128,24.037171156195328,3.83943,68.82264183630264,48.06652218109687,66.11947403490039,59.79208001541289,-452.7668823861425,521.4638763154916,6.868385392807797,1031.6698715472708,-2.223735558506619,29407659796.348022,0.2871762003075753,5147.328120927806,908.2004228985174,818191.4104044287,2444.474964954148,26.814098326467487,0.878959995558044,0.3699971467457983,1.622696519554455,1.8402584498643977,12.03333173165487,0.6755587137322786,0.781166249114846,0.9981837828202372,0.9875493147834032,-0.1458794852691934,0.4470981803753327,0.3136040012992102,21.084414077625453,0.2718526955302433,3.3519657645107754,0.6652587227158302,0.2978858255907059,22.859520058191062,2.81769532837788,5.42477827932343,6867.6422696644695,0.2262380446978604,18.605128216534546,1243.4593832657283,1.74669,11597.85791108821,0.0992134483544176,0.0084704777939009,4.744956389602292,4466.725998693506,0.3411797356303973,0.5709444251657533,0.291681,0.7463673148642416,514.7982236072903,0.010353297467987,62.87652868463679,0.0625635989764115,3.11374,1278.7398066294618,521547.6472126584,251659799.03399432,1344.5778470569192,0.0102367739396521,784.5388674869137,0.334991958037657,0.6103550136328665,413.8576045775474,0.0235915868034036,5.049408751191434,0.0546250625221953,190.726,0.8709538356126969,0.6289476367550878,29.840122877279025,45.08323004948337,46.78949060929106,41.46303322287399,33.81091575309113,84.43114319286911,37088.33515520327,23.299307170161896,0.6072819459352197,4284.66528482238,0.5265961583539159,36068.10138494715
ID-898,Center-4,M,1.0,1.0,0.0,0.0,0,74,96,0,2.214076923675675,14.660482418708233,2215220.1673685685,5.621670857352822,5.162637806346385,1.79041,10220.59256682135,20.91312445744062,11.137343206352966,1.875610046195296,5.224296195320608,3.1037765869160765,15.01104434932969,1.114303947319104,11.232515357120564,17.68527149229207,0.521941469791614,70412.82305481294,3771006.408616953,0.0752210877682767,4.376128381828746,43.7843,1496145.614844439,24185.44191573273,11.2113,22.849088719580067,0.97466,2.903059592626432,2.938731213728725,2.0781152870424027,0.3238185829032298,0.3820005191301995,0.9963655387976996,0.9371341942684216,-0.2462169916634322,0.9906287127310862,0.2434771003034128,36.3167506633443,0.000347025,10.828435393803028,0.977199,0.0266348278707896,40.34967158981662,4.829243254624175,11.869759561611364,435.0409592575304,0.0187020189648719,239.71882010740148,2014.7229181251623,1.142720023669778,3685.391070953317,0.000408215,0.0234432935982591,5.567329460180315,17544.405240348366,0.947064,0.897033053589622,0.4217024218508126,0.8741977119385926,584.9462222134866,0.0103682037770479,202.0540615698878,0.0357448505220654,335.3564295921169,1970.300275704696,17653.158816421783,7869933.714315883,232.21073431068623,0.0110061053656165,3804.746973966908,0.2474695280433678,0.6491390388264158,1109.1376713433067,0.0184964272390989,7.29372355051078,0.1475437758486169,28896.98650408853,0.7872338221629229,0.3779266204488166,12.067151351097255,57.6320110754582,63.54522534449554,48.87270938729737,12.98994288252622,14.7986,18539.53810339517,39.11294146958873,0.5646974910734469,12020.223011122294,0.4242868823912937,6281.499181962616,1.2126315443943954,67.3450251288906,56199852846.97183,2.950510734076333,7.28131575277186,3.83943,66.3085,74.34206455371506,50.06865732620384,54.04972675691823,-518.5593400001842,655.4624760652179,2.31624,1033.927763878541,2.42615464372554,526132000.0,0.4275631767274971,1458.633420189818,2429.470303496783,1599189.832772634,-3363.360458120892,0.664828,2.178698309446583,0.5317892109110627,0.7891038217917505,1.2225240962413697,21.90130806697611,0.5752642770660698,0.916126,0.999872,0.9842010062478016,-0.1062659214035428,0.6200174054424078,0.4129551363415093,10.125869594601337,0.0758251449338801,4.33878157103839,0.9144743299848492,0.4972958573104721,58.39662685236958,3.417948560965933,63.59943906141781,49.2996,0.3119059315182052,0.610339,1713.6868554873756,11.687017778502192,6399.747691754455,0.2336858691181962,0.0162156874008637,3.946728777501895,20432.925345901906,0.6183164765874892,0.6084983024368299,7.733499313478199,0.6304420709027452,1401.9821916129033,0.000389061,119.20001037810437,0.1276680263797225,48.2686737585729,30.1957,214.609,677219322.5677515,6459.906655397544,0.0448490924891835,5.90323,0.2601980774619294,0.6134667202153374,390.00541636006056,0.0032223160878441,6.184896543055718,0.049629420028076,190.726,0.8301163358225988,0.6636097944568016,31.662388839778856,47.032089265614005,33.92090334404657,13.0384,48.05913423154466,63.2887253224228,50591.48998593541,38.00487119804552,0.6439703233914427,9662.8639362763,0.1873967928874713,25680.088435344413
ID-900,Center-4,M,1.0,1.0,1.0,0.0,1,68,59,0,6.254084388919062,14.216249351046937,1245610.18154527,6.619883041175741,7.993438250162268,2.6328876542006374,558.0,7.89886863143975,9.687423566221897,0.8830504885416249,6.812545176095596,3.622297594275328,18.797493435300773,0.20577,9.71428374737205,18.24918101312416,0.5934273483818973,416131.5683997268,3544306.295786913,0.0404915154396176,21.25450155830301,2224.3086923150763,10392591.08351914,32342.33905362294,1240.9927239374952,38.65999441411685,0.8658519158258217,3.044273915507608,3.456293702497037,6.652292812112443,0.4965385180620772,0.2414546622846644,0.99665630136934,0.9497518921305566,-0.3579315765853045,0.9591098482718636,0.2784617883902027,46.17550877059609,0.0289317114796712,5.617387214719651,0.977199,0.00134553,67.44888148652711,7.503728945297316,170.3524427770826,416.2401791167658,0.0457020414487371,365.80234282466006,1932.7470319374804,1.1632899033157584,703.0448210059651,0.035930511351649,0.0163322951123525,5.455131524265991,9063.598679084049,0.9100850082618004,0.8909834008061421,0.2142695489437725,0.9638339500069606,941.4466244786817,0.0058648313450243,86.43746165611549,0.0352315818035639,281.46076018453346,1193.7396838716306,25552.04995751023,6485.56,233.14405142298293,0.0645418048822712,3019.83653985862,0.3290841682108391,0.4773811558663922,746.8164782615953,0.000418855,7.498050536160401,0.0364169703304766,71194.80573788045,0.6804484778457764,0.6656650890429058,20.125083080508947,62.65367492126278,36.09068003449672,28.13666374491564,51.32376612124741,45.97119068027098,654.7857643453094,23.97565445081032,0.6033351172035133,5581.864883794417,0.469287917750738,558.0,21.07405012792736,33.3375,29402458614.838142,4.225474963483273,37.75964157289668,29.55961587262001,104.34481744867423,46.1884084051274,51.94586218740168,36.20717775785188,-412.1937626393741,1534.2112536406137,17.147137890932225,985.89995689561,0.7905691272210538,526132000.0,0.2492407525905069,11745.008191551986,2112.139175784004,958939.2865873307,-3362.4507724897703,0.664828,0.212363,0.5365412290933672,0.174711,1.343247692596324,5.516310296649023,0.8825124633028774,0.6157449875847115,0.997718447856448,0.9699237022379172,-0.1031936011055962,0.7947493018901841,0.451240993077626,18.355222545062723,0.1620790653077929,5.722220747831567,0.8636245656572072,0.201614530024478,54.33372530325645,2.713314562859153,34.53124784478674,6052.845375495159,0.3747795674819539,40.09160235790469,541.9473456947569,18.81994179918959,4662.200975618709,0.00100254,0.0049430060272895,4.649770258500461,106.226,0.3777839903025416,0.84282,5.255523299068683,0.6577144443235319,17.3286,0.000389061,3.90476,0.1822208476163117,17.31799959426311,30.1957,360117.4024675708,594324889.7374318,9488.891049340984,0.0446379060967983,499.14234552920334,0.3532054692513205,0.7471055841395581,1040.1163986878826,0.000562722,6.1662222522618775,0.0877697396887055,644957.6001578993,0.6179167241265167,0.407811511962544,26.66146959815897,22.52899458547176,24.05957769554181,30.979676998363868,42.09246652158489,54.89639248336713,25247.93297931881,14.705004653101168,0.5821075691459638,4743.8135914894665,0.3831696310477594,46551.067667238814
ID-904,Center-4,M,1.0,1.0,1.0,0.0,0,62,40,0,5.693069590422349,7.360825897342652,8110.21,6.299030666428919,3.0801983790189955,2.114043031500864,30816.312724711068,4.591791394333862,10.650465978995928,0.295263,4.010936140186478,3.888661302416452,10.742901195423052,1.9574116969595416,9.68744812319766,16.06139971758718,0.117293572762087,160704.02024013316,8110.21,0.0199567130049039,3.7948742117827785,2052.327221644958,312.508,2098.2216962475354,195.39512150067145,57.09955339750893,0.8931286314947374,2.4294212458588174,4.168719750313767,14.256253720365391,0.3420759476086425,0.1502741336850195,0.9981232906139632,0.9408572201426016,-0.306700564456049,0.9636983738099384,0.40800059073619,31.318090399061656,0.0013584543325739,5.583907426175444,0.903337519150421,0.0052785288721902,72.93888489937758,5.938453596038069,493.1691420277873,36.2218,0.0896097917492557,58.160641314082696,621.2222390141825,1.3258137097397986,3822.987221315942,0.0186783259881824,0.0148706700252645,6.491639222242065,20852.481613294185,0.9192364493291996,0.8420886312429745,0.5521742969071821,0.979283,1957.8085408342029,0.013660947144911,73.32894728150563,0.0564521627669482,244.96867719588195,590.3672407512845,3.34623,531197.6068264128,89.573909703633,0.000476227,2251.4880740424323,0.0642722,0.3675756843305909,677.4447387675526,0.0077023951469586,5.73918991277327,0.3222497861280183,38741.833293417774,0.7576081771465042,0.5899449257859841,12.27554718749827,46.779386061853984,28.15822667877996,55.57561654734973,23.353375690193893,22.700095765071666,24471.59731096812,29.04611538632404,0.7527621664385923,677.5278630244757,0.3865157258696479,32818.40192511676,7.112555256726494,91.41207455344868,25915179506.11525,2.4289135686797345,24.76508496016698,28.93686703531852,449.6165347146596,27.911231234840177,15.792126770858369,48.50516364454241,-674.4706990193613,144.178,7.910765277228877,1053.8820107322583,-5.061731720968572,38881489863.48833,0.2446721079327947,6920.012290060481,997.5240821940286,5.8552,-5409.089760863731,56.34912265174784,7.38082601613427,0.898971,1.486557141327469,2.106215927047638,0.181279,0.7388312553371355,0.916126,0.99859473309739,0.9800398387226484,-0.2718440514904467,0.763260121336455,0.4363993217161859,25.288429518081585,0.1131082279039813,5.402595762054407,0.5005396082018387,0.3229591053206085,45.53301048593198,2.768850184331285,0.224451,49.2996,0.3067382704780148,59.19792864471277,2938.59562717601,5.090180373916352,1569.9874153441042,0.00100254,0.0277440790011444,4.302018493857071,106.226,0.4612116556461428,0.3674917276399621,3.914151129610954,0.6745428626447534,1184.6182384010012,0.025354,50.22631806497076,0.0455543083368155,70.83667976130079,2609.085103347381,191108.4294075189,505958831.68472254,0.225683,0.00104556,676.1466397272494,0.245167471177187,0.6756812771027801,1192.4908542886851,0.0253261480436464,6.5005859915619935,0.0909349405796019,190.726,0.6767345725865126,0.4096714639574155,19.887484522202605,31.92551750121845,52.85894527783071,63.81365717201885,20.34982493321817,24.77532184965524,30276.072969198583,25.336760636449466,0.695926856931318,4397.3854661375935,0.4303177787520914,28777.9851203684
ID-936,Center-4,M,1.0,1.0,1.0,0.0,1,61,73,0,6.315726222044932,4.425845597662102,8110.21,5.915768817828003,5.935710905003778,1.79041,19740.577384268552,14.891017177841473,11.946233907345364,3.492908060344948,5.219436315535513,1.877351448854048,8.028509702068835,1.173406437622903,8.595709959365838,7.045729029937642,0.6164393521653656,421225.2768137639,8110.21,0.0454436889696882,8.302777472002802,43.7843,11751258.566090934,42287.5824173104,801.5481225501194,1.881724239251188,0.9073707849814217,3.554896347323174,1.32684272503609,17.506714140093457,0.5240782236837594,0.4244516941622279,0.9936690660632748,0.9347747462894684,-0.3510907037706149,0.977478492960322,0.3147528216693799,41.38414478887622,0.0125214743433484,8.483538041324175,0.967478022265472,0.0317225040311401,55.57079279827167,7.272918046200827,385.828443946547,287.7494995909191,0.00917615,3.51945,1609.0594319404397,1.5986050875657316,2916.981347290447,0.000408215,0.0079619028343579,5.218268957200465,6267.820972748091,0.8036927579743118,0.8887787924463043,0.0353675,0.979283,26.058,0.0060890973727718,171.8262429087321,0.0550213542573093,455.8197189498672,2519.193396621451,3711.745773863128,6485.56,41.648135173741935,0.000476227,1860.74009879023,0.3271855662513286,0.446418903346493,1639.407171952228,0.0083130738116899,8.45210419035975,0.3567296799508804,1.09326,0.7337105910430942,0.5878717320402504,28.21421247958836,38.73950654899147,37.99215805090903,48.06366415952981,12.3693,59.8220391419236,29750.74721347587,33.96247381709479,0.6087581028120366,1590.3919322227505,0.4393870788929115,31791.40990100048,19.706656771038748,62.91312433540777,24540735192.43881,3.625976709681111,15.338160090451304,23.24144292895281,66.3085,48.63995231656219,51.60528242670407,53.38745267216234,-476.31991842962645,814.5445544240649,7.40283220658962,1021.5259993436348,1.3477397030687106,70119204317.98004,0.0808784,17664.513843639266,1060.2857711430108,267359.8111307904,536.9699796138283,0.664828,0.212363,0.5359983713539038,0.5758672993140814,2.0802660838686173,2.657252286803097,0.6368519408130889,0.7079631316301079,0.9944260960919784,0.979712025594453,-0.2709762437162347,0.8852963580582383,0.2209741652054856,22.384964203746705,0.1542307902627802,2.266962041403494,0.6942331810461828,0.1649553795492642,10.2048,1.840862524740721,20.69576958944389,1435.6485112196217,0.2157099621304576,0.610339,3204.87,7.314888449612065,8434.406501110625,0.1648101555900726,0.008906056805667,4.331859730678416,5959.153178737875,0.617869222132451,0.5707188995928495,2.8099852940289134,0.6901243461396969,1091.5964316854738,0.0106883432472926,16.27468560610815,0.1786077115718673,26.38405337211925,2730.301420451702,214.609,63095.6,2386.5392785845443,0.0598025556737976,5.90323,0.471004647140306,0.5785726886813325,962.3969089187252,0.0085599541724375,7.105068301580028,0.00580198,190.726,0.8093493913505957,0.6464028172772314,33.02052651753443,34.579421865890694,22.82106979322732,36.64885661361055,29.176539902766955,55.498355189945066,30872.836232117486,30.152561568653606,0.684393320998581,6499.088824740213,0.4708486987559978,30855.672704118817
ID-938,Center-4,M,0.0,0.0,1.0,0.0,0,56,82,0,6.926279551495224,12.244070305065902,8110.21,6.500082699169616,0.476152,2.2465677829151023,8472.631102156365,11.470003682185853,3.349728897444104,3.066604082377078,9.628437749555788,2.5002255995865577,22.20030461184321,1.4874233964295895,10.538525015348108,20.552695625691207,0.3892365724226526,8875.23903350938,8110.21,0.00914519,16.92717989741493,43.7843,9267579.839397388,62710.08389896127,855.4602163443293,16.281961589780792,0.9473305707862464,3.8900116459726384,2.955359125399722,16.73955879635033,0.3742174699606805,0.3549444329719144,0.9954474041146172,0.9578261176102344,-0.3465977543183504,0.993989,0.1139960202979476,41.37967689872904,0.0007232404687153,8.223855557891651,0.9534453686952894,0.00134553,91.22677922827133,5.537560551679491,362.2895883683952,528.010731853239,0.00917615,383.2084094481294,3184.7567235226925,2.17384868629934,1538.6043645786306,0.0790463172494991,0.0080854527486291,5.91409528968965,7917.660730064276,0.8142990985405096,0.9238688201993668,0.1155628391930991,0.9046460596539178,730.3843281720051,0.0092906805369209,79.47115877012584,0.0367682346949897,110.69144973447584,28.4667,6880.591420041765,1371070.0713495798,356.963518212622,0.0275107197309542,5630.722405029153,0.1985831735458336,0.5253996506736327,803.180081242951,0.0216444002808402,7.1180084811010165,0.00671548,27507.39961399268,0.9310801635151073,0.7185557551385764,14.745632013970551,40.234943855453125,38.43768034870037,35.2854830554401,14.737831975965888,48.69445508037674,9939.83424652739,44.93035040319317,0.5959219249812278,11370.642927541589,0.3419219439638948,558.0,48.82791875812569,69.90234929413835,11153736801.095749,3.450031913875024,42.55457321712444,87.11869431582319,526.2781012380999,82.76408762267124,27.25883758356474,37.8904586259014,-258.06625021287465,550.9638137643566,20.97980785500281,1049.8755751484891,-8.74599,12179419863.397,0.3587613371544892,3598.518994243762,788.9314116465097,81791.8246506716,23344.988534294447,13.53420125249654,27.223407067192973,0.6369663370255899,0.4248994173659506,1.936838735156996,0.181279,0.7457826214083835,0.7435261892521737,0.9985730018203506,0.995225,-0.2018468601800069,0.949142,0.3395474089620029,56.2161,0.2873617813948411,4.230733718038413,0.486053958281309,0.3026958490281872,11.650391313166567,2.859749792060616,23.27237291170061,1718.9221690848144,0.4447241981476181,46.75394969795626,1477.620241502368,12.816200590602936,6870.211565278964,0.1046477111752706,0.0140070510597599,4.541448450191297,14600.128403297427,0.4266413579894798,0.5909216374805423,2.64361625713203,0.6675227575430016,17.3286,0.0087770881478885,89.96109702084814,0.0496639585959961,5.79698538007484,45.81914785146752,276219.867139339,596230141.5845602,0.225683,0.0080827472935513,166.34228926232248,0.2689539859752419,0.6496904308128837,734.2844360834605,0.0114950878149494,5.696919774201304,0.0095629574470142,1018459.2947550486,0.5402399183167265,0.7645149081377561,12.963847412396992,22.819978937094096,27.85703423630836,56.33374773169513,36.83452426752067,39.66518537867573,20629.633343345413,23.995573925870985,0.6674346401027235,5820.662625392988,0.2786513399279867,44483.70588740514
ID-942,Center-4,M,1.0,0.0,1.0,0.0,1,53,96,0,8.30163766430632,8.837265556697602,2012000.919230988,6.8484,0.9883541341761484,1.79041,10602.99980308936,31.08902195244672,11.246710196260638,1.826729501410321,4.900928791559261,2.36488661207032,16.59271079256914,2.7617059399416672,3.3581612079344545,13.771505817018047,0.1834217975613267,399716.4902589567,3188842.339504993,0.0184896896405868,5.430747427244228,43.7843,2092757.0009055487,28240.89002278132,1074.3543276287958,41.777421602707136,0.895286685595462,1.5155564215471955,3.498131515686985,18.22297713526634,0.4534734940482393,0.097145,0.9964018776529762,0.9233155150901334,-0.2596024011398742,0.9820764931948952,0.3512038259529595,51.51028405353741,0.0063917803514561,9.264873213933008,0.9714334812131672,0.0282190573382375,29.560675692869985,5.328886516555984,3.02726,686.0001203878844,0.0296239157670778,172.84605188541246,38.346,1.8179414071333624,861.4562309802267,0.0117684781080983,0.0230969538598235,6.242889874848321,24226.357377127213,0.7125363747424414,0.829861545611695,0.2950671636971618,0.8812593951953587,483.3570822023596,0.00970716745465,60.75115361170072,0.0441985560047218,236.77154263065952,28.4667,3.34623,8964689.105810521,149.22167183410255,0.0093359673574851,561.310324861546,0.4404258155917989,0.5250240108640791,702.7639726006277,0.000418855,7.587505005114998,0.5280014836875636,1.09326,0.7178387132425016,0.5801466693955294,16.832760793575606,60.38802557205392,20.1898267805005,52.59482504032505,37.73761200806546,54.13945448849981,31145.888983747915,29.930767746556693,0.6066123176261875,4469.4401289588,0.4053314964938939,24450.08005128993,-26.856585079514645,112.28920907246132,19085562140.626,1.6232092044168005,21.234392321801824,3.83943,280.43417934516924,35.977126455689024,15.888892859231426,24.30349911943673,-346.4516946892612,1636.3828622925782,11.558198163956224,1075.2989828495156,2.211054626290616,3921582955.995235,0.4215305420159851,9929.345006078023,26.3153,48331.5510051747,10628.032337001903,0.664828,19.09419862359335,0.5367269555960593,2.106429777128056,0.69169,0.181279,0.6368557596881355,0.7486422521088879,0.9956452414002624,0.9817519103829084,-0.2634605010925503,0.6474767206092673,0.494728,22.94526357917247,0.2850166542074405,5.104233512638786,0.6622007697988666,0.489095695169859,85.18283755610022,1.8179188497566456,42.76478854168404,4748.554975867924,0.3633516290809578,51.97034361171988,1219.7132745375536,1.74669,4671.506515175579,0.2230435712702863,0.016112984725686,4.768713894873638,20067.17987148566,0.4622041290682036,0.3246900970352139,6.979896679016899,0.6905789758628862,143.2812160473499,0.0054942644105269,120.6514457120666,0.0406986228526427,3.11374,1267.7013723796886,774601.927777114,432498965.172423,0.225683,0.0305311049368359,489.2473154889475,0.1922631583846411,0.7555109612386783,631.6274958506742,0.0233394217425309,5.287466017127376,0.0380391523822558,108293.19480222285,0.8330636980058749,0.8313836638582057,18.037499293284924,28.1360199883924,51.3839127365049,56.10536946304184,29.730833302296908,55.38905945365342,11802.65917113973,28.621857208076555,0.6169140593843918,1293.9213094954348,0.2911052258013651,19789.58575468812
ID-944,Center-4,M,1.0,1.0,1.0,0.0,1,73,64,0,4.013122932645337,12.111152885159232,7051388.455187947,4.494621556859277,3.776482905633148,2.4663835025650007,44424.85850876627,10.621301891686285,16.674727938941263,1.733959934867332,4.993641068008271,3.909651923464648,20.784160585582512,1.3133111541618394,7.691262818358375,13.828200658127225,1.067652262225565,345735.3119377572,8110.21,0.024129875216965,0.134882,1044.9993776824056,3024736.1350960177,25203.47305751282,1307.46282585746,55.99858860278347,0.8922234377580843,3.165789178411882,3.138992544087853,13.09986607802676,0.4775825600379333,0.097145,0.99807301976138,0.9516147134796712,-0.3351706304572162,0.9872785590035992,0.4115184784328154,50.62400067583963,0.0032566466886531,11.442448778259337,0.9402294681841182,0.00134553,70.14195553444739,7.421570384168066,111.69198312086183,621.7709607363884,0.0141076648512282,346.5371596675866,2626.523855988355,1.5746286655445552,116.083,0.000408215,0.0010520033159742,6.270899871242249,277.587,0.9356583836417232,0.8361081813259299,0.4218547159760574,0.9686958675536094,2264.359224152102,0.000379169,123.58447505442848,0.0638299972373633,302.37257475785594,1051.771875794241,3.34623,3910180.977202538,56.85802807578453,0.0022775336209532,1033.2943129372734,0.238930059563866,0.5019297846578555,561.8908385283272,0.000418855,7.360224105102237,0.2390769253539845,22998.97479022172,0.9075426677028732,0.4491651738358247,9.700505418535531,36.02514761337444,33.41412140257129,54.83363247795271,22.396938423991088,34.17569157411991,4616.643872352512,22.166531688988016,0.5126552478645259,6779.636205872503,0.2614586007359977,31205.002701597565,51.3066,86.61129164588799,4548352947.963554,2.566381491339535,5.42996,47.90639825325921,250.60055529671072,54.23394787187598,22.921652898918246,39.0105537948751,-356.442085818786,144.178,20.44151354710996,1044.1386578885977,-4.398571250103,60595918260.39688,0.5629104779726112,14723.235596922188,174.68782592147045,5.8552,6124.4604198180405,0.664828,8.032122946835337,0.6904123907261407,1.334122620026546,1.8688305434088328,16.90029059839674,0.749632662684,0.7810630515310678,0.9925312574377536,0.984129757176015,-0.2085046140098695,0.8194281046331539,0.2401795807622009,26.762541365791748,0.2151421266002421,7.50181,0.7585151832718815,0.2535600006265911,51.0561917435572,3.056059527536044,22.165974670182244,4341.581763941921,0.229370697757008,0.610339,1572.1735926028946,6.448760339434603,2247.833440794284,0.086603554475764,0.0059859224091593,4.393384995458868,106.226,0.2229481811396763,0.348637614587984,0.291681,0.6318376984401257,17.3286,0.0105216608150796,3.90476,0.0246582988321817,219.5328988263041,1114.3190614986393,311318.00411267293,63095.6,0.225683,0.0567342546430815,406.464606762835,0.4151668201141533,0.6411492887089751,6.83919,0.0073767601951201,5.215508437055422,0.0505920799871067,190.726,0.8521957665625051,0.5932896950290258,22.4558629106904,30.2145880971404,39.75247974023652,20.20563963575188,35.94882608090414,60.49182436140985,34556.809049388365,20.059095781410285,0.6130099946699131,1222.8410754841643,0.2270323872444199,562.0
ID-961,Center-4,M,1.0,1.0,2.0,0.0,1,47,47,0,4.225928994410742,5.235551996368472,467463.8526964419,5.522573555064201,2.9523960041640174,3.2106713533425406,55636.67163498108,7.520983574407301,12.592700707325909,2.064441576360172,6.95578557209786,2.4341725475553764,10.11639759959715,1.50913467379489,9.614655185161736,11.89978635963949,1.0803388766798532,169134.40424293448,102210.2344880047,0.030690907184408,18.10752659198176,260.26121522742943,13193559.148592262,20400.04640754441,942.9187882314455,53.82762050324442,0.9580619447929876,3.1829628277917026,4.103115885031519,15.769731369368284,0.4426358680788156,0.3884884570123084,0.9956489161017964,0.937704938308624,-0.2963063767569046,0.9716202279823886,0.4610094165251914,51.573289360956,0.0086798140830257,10.834857281305965,0.9523167882013484,0.00134553,54.98487028907603,6.764905779670793,3.02726,1129.595079267125,0.0456383949671533,405.3925366199754,934.06550903355,1.09603,658.1015645731543,0.0200425036440725,0.0089730524052443,6.12082220698191,7505.3343927543165,0.947064,0.8688857398419871,0.1504943671127211,0.9252196227746567,307.94459966666284,0.002317663773236,58.31516820879558,0.0500468150103412,355.2538944379464,28.4667,2685.563581848166,12750699.4834066,163.0450020166825,0.0320402038466254,2.18182,0.3390436617245532,0.5499661935155434,1393.6881466398174,0.0035746471131743,7.983186229825435,0.5694049230309732,3239.0288146230228,0.6927114352500418,0.5319613827804888,10.734860437562922,16.281641327528785,38.97331421994264,72.52236641949712,29.10347564567607,65.68984191323128,545.25,31.33996204781217,0.6427447553448752,5575.200509816148,0.13282,8300.37547388222,1.94559235974814,33.3375,57513439992.59216,1.923214685543784,39.44583631811598,109.38415498351902,488.09989687799634,53.01241861820337,42.41472027350552,26.095404218742583,-620.2009726773024,1491.0173257678769,15.294922181469362,1052.7516457380175,-2.084833561069741,6945032235.26609,0.5262494237193671,67.1971,26.3153,5.8552,11489.130237566626,0.664828,0.801827043412283,0.625764357693846,0.2316541746158197,2.040798264916749,6.129213138563106,0.7353650026083218,0.444713544889096,0.999872,0.9766242461543204,-0.0814544281857406,0.689799703647424,0.2937021510391873,47.576780175919,0.165543756613504,6.342710760568635,0.782707185382014,0.2197376273621606,52.62910738487694,2.75716480617737,29.2323366757995,2241.6703109628565,0.2201014473274962,63.8504136488225,883.4189780950348,5.201471386074605,835.7191164053788,0.0583530183147004,0.01244137504218,4.320305465612195,423.6392421497876,0.2409779786253676,0.5116811290967088,6.815457357527386,0.744843503578652,17.3286,0.0083929735142404,99.55380456953702,0.064827188347223,96.00310732920326,356.05456080475415,635526.0190006946,63095.6,51.37733252251064,0.0328408520687334,457.90463319045017,0.2866936012967452,0.5897263416332144,67.80241301658202,0.0271795068960565,7.025473918441236,0.0297591898371539,871002.3032759093,0.8186686108275512,0.5087935406379351,18.86175140993999,13.676495786395732,54.11365424766292,50.8083344552237,37.646542870741165,18.11241669236001,16361.34477479682,30.95745722107032,0.6664846501256868,6213.038779318406,0.3971970061779313,12578.049020879356
ID-965,Center-4,M,1.0,1.0,1.0,0.0,1,68,83,0,5.571524240585691,14.14429531318249,1950322.6851157453,5.507450949034378,1.51090126916224,1.8186893173558445,10785.280718620195,21.188278835951056,14.830587865830562,4.184729384542415,2.825987054082701,3.218657422917492,10.59870608324526,1.7339952676408703,2.92476,20.74239299480848,0.6963348348480609,114309.49487497176,913538.4279962402,0.00914519,7.074091317153535,344.6455745681622,312.508,-15885.67277123887,651.3355091394867,13.791473954375729,0.9039446250998232,4.129727928364033,2.631565253183149,4.900820176555141,0.489956092979245,0.2253274985963077,0.9935977499944416,0.9450607422592124,-0.3666952079368433,0.9826701996236796,0.271263906955918,31.817271911100946,0.000347025,5.918008949239455,0.9395964458554958,0.00134553,31.71653003813528,4.52884058928844,139.21584005260965,159.23435342716934,0.0396713560392818,316.51086460669865,1355.913189629544,1.9124546215948144,1518.7461916492607,0.0381461028775771,0.0239523595699949,5.694443809576744,28109.336913163534,0.945928060190499,0.8780329306838178,0.3633850329018528,0.9253724078119778,1970.0915303837312,0.0075136452283763,256.350469190126,0.0713916199627523,6.42722,628.615876705698,3.34623,2514259.6142920726,386.1336000077443,0.079080958119437,3333.8465764898765,0.2543248787860101,0.6006889172166354,2.66496,0.0309689229259249,8.23391716682798,0.2167289935805691,1.09326,0.8738981718734291,0.5559220864670524,36.08228007878076,56.45498740576734,38.258663591635695,46.704636367396745,50.07272167970115,29.481364574772723,545.25,41.19814878626701,0.5394621159991261,3609.549461624171,0.7477341035083609,558.0,-33.38241542320444,55.30001023881379,8040082590.510805,2.188147755620843,8.0372524475845,26.00934260172687,895.7023438503712,66.43641725724098,32.90619637544078,44.4048252478721,-509.500706407482,874.231244615981,6.642914178640119,1039.3683900836318,0.1167744226919285,6314762979.27372,0.5272452329423375,4407.086301365318,92.8681172439658,5.8552,10529.166167718326,105.23814159281048,7.753523588445877,0.3126339053598661,1.206480080887701,0.69169,3.2770166913947203,0.5751177535533342,0.7429104373444083,0.999872,0.9607734263732765,-0.152656783195475,0.8929580163419881,0.4293003066935916,27.64666319694048,0.2280206571147068,4.992886424374103,0.776166502873542,0.4760677724368508,86.53556848093649,3.0443655162795547,0.224451,3288.489731841743,0.415344305753156,30.91421410561416,1270.5153893242516,12.533545436423688,5929.486332063874,0.3112131124865863,0.0069104581882365,4.070112707567304,106.226,0.4105893943043625,0.4290479842298219,5.910706361713291,0.5226949270433334,1015.1737053125772,0.000389061,12.208197909741166,0.1107910850042895,3.11374,57.74505907062998,12182.295729779951,320547185.2673701,2074.314916349207,0.0057946865506508,110.69899000881682,0.3705658272409126,0.4405234572506626,1667.697532636398,0.0496642194131116,5.387386539462418,0.0077928148222455,190.726,0.7620881126301969,0.6709076412644157,5.908318045270617,53.34172052438141,38.44027907610528,48.78079907771027,29.92791307769281,48.22874820854851,43965.69394576325,29.35450685200658,0.6693145772682385,2008.6748266942343,0.5822039271868775,52591.28651075743
ID-977,Center-4,M,1.0,1.0,1.0,0.0,0,57,98,0,5.025607253298928,8.936880850559712,530102.1622032445,5.347263602690973,0.476152,3.0349991434916754,15802.791456573665,26.78409401988809,5.756931164672074,1.6514654035854623,7.226415389189098,3.10365286481742,9.80982921547595,1.469894950329735,7.3117986402565585,6.803339207743663,-0.2642591381275886,114684.92968956027,1606264.807439485,0.00914519,8.302256348379819,2001.6531103261425,1526319.2411626116,2300.163177294867,1334.386554356565,66.84965006755121,0.933462396396438,2.8285791755195664,3.6523139941030887,13.491463153425832,0.2751593662685695,0.1052476509111598,0.9895592825789672,0.964869964607822,-0.2908124260344455,0.9641969984118246,0.3871889028066369,59.88305770538496,0.0017295821245036,7.172366326993616,0.9530678847428335,0.0129407693191823,46.37055071929515,4.604566839527264,111.58947991083669,36.2218,0.0387059979051544,288.30062985275345,2464.6193642435965,2.002963078754959,2893.2946409611554,0.000408215,0.0210985548321805,6.4076604004338575,23689.68459841387,0.9353577658217356,0.8141353303635799,0.3268506364540369,0.924683163456073,110.73633491358927,0.006278322078048,47.58792359343982,0.0254332171801431,253.0195136247748,1527.6022653586515,3.34623,6485.56,88.4417771118481,0.000476227,3895.047693940309,0.2459319751362894,0.5755330851584117,656.3670848547306,0.000418855,7.302932814269448,0.0983980844540704,443.629375811257,0.970114,0.6398661631736522,29.4973945980592,30.79479904656288,58.03089805901293,75.0710765542142,38.31658774869679,51.97600353722569,35581.27734833333,28.84896446469909,0.6451457888488874,4014.255444590701,0.4245540754335517,30276.846432646467,20.544982746884592,128.74642421216018,59565696124.21329,2.322035978337199,18.639120951452263,3.83943,343.6131662365871,18.8592265566782,30.639126514973928,40.70764379484164,-252.65921987761803,313.65706895517536,27.11875561711379,1049.4607057683495,-1.0302768475100952,30067353302.422253,0.4143984950441173,1191.0808457690782,2172.27992647636,534923.9432390217,14514.73033531492,132.18829774493415,0.212363,0.6772783883123595,1.4139836465039597,1.5974570159301569,11.082309235981343,0.6464964127585794,0.8410550297186655,0.994931898659437,0.9696996772344204,-0.1571488963745982,0.949142,0.3462514421442468,20.741009344249832,0.0159541640460611,6.306993199955916,0.9079623918420664,0.1318952455238473,16.115082392566762,3.855587510021501,17.87750664046124,2531.622847912748,0.468352361557291,70.35509508599566,1359.934700794391,20.064278311418512,3455.971510672807,0.00100254,0.0203092159499174,4.294774560932669,106.226,0.407544352334223,0.5755794599580433,2.3194458053017324,0.6489562153628263,446.0822307570335,0.0040222031970601,39.47584118631532,0.135619568691602,69.51102572573313,1508.880691980291,345566.9763773762,776264394.1660607,2868.3665095763463,0.0106214650008449,5.90323,0.160749223948799,0.6067466752535846,1240.2430373975403,0.000562722,6.473612441057902,0.00580198,325108.1780099577,0.4438351975596615,0.8502342625525553,7.46155669640471,60.594715640691376,49.734043352542905,47.566931787070914,33.83666829551625,54.281263426338654,548.583,17.112435689916815,0.5860335002908712,611.1840268597226,0.5470617495370342,562.0
ID-980,Center-4,M,1.0,0.0,1.0,0.0,1,53,76,0,5.215142651444081,3.46337,5079071.907731909,5.894403858388932,3.230718851207899,2.6856491862011653,558.0,23.89052077123809,9.884141438329232,1.2840616106332567,10.49349995421268,4.35491979255907,13.283920933404977,1.1424454682123082,11.887099476608991,9.243688131487708,1.51143,602803.2208133118,3845982.540699972,0.0418471721678158,0.134882,43.7843,312.508,39365.042677358026,1253.2210409829515,30.57383239259861,0.8933295558025425,1.230037647234646,4.4432,12.745518393008629,0.3691805158855306,0.1361969890076162,0.989956102088324,0.935436088689392,-0.3686092593174279,0.9627447783506344,0.2008384576368997,31.80891736973635,0.0045351755951924,11.686486929209838,0.8920613676456031,0.0195814601935032,64.79699368404728,5.35569456376727,14.18241371111502,802.3152642476839,0.0639461042477756,23.9004223198052,3983.998478435614,1.9116694839752888,3452.548939812948,0.000408215,0.0143764907972863,5.953645600314052,15102.669408111848,0.8564647992401492,0.8987792588639024,0.1804763927124068,0.9043844641185356,588.154582234381,0.0084083609001151,1.93333,0.0611574800645696,60.83449214718651,1400.9753626108102,1872.211355460147,15051009.36371681,0.00123903,0.0362928034914561,3372.57644673677,0.4151452289769272,0.5068097058809692,2.66496,0.0040422438580881,8.308373281701266,0.2967624509893622,26808.67942473906,0.7480458739517986,0.6995316101315251,18.70794112351383,34.56021042366926,46.28818689085738,45.1325246946458,44.803956594122766,42.57208426000931,8665.053679443521,57.85943630336393,0.7982892749465695,3607.12772317759,0.5655431442217465,558.0,51.3066,49.71483035621731,1838933707.724609,3.2371691221433827,14.573587594689634,105.3111907628316,355.9314667334232,55.70160745776309,64.17891685227609,43.8655349638798,-304.2956514290573,1384.5437652816283,13.541194525923531,1044.236772404433,6.098553888633786,40654882350.86629,0.4326056039357967,7098.444788895019,1515.1046129885335,5.8552,-15064.601294701084,98.29578106119811,8.316036595583405,0.4682162198886953,0.174711,1.3341499793154583,19.62093278957673,0.7096735634154081,0.6903647855171127,0.9959498871625948,0.9710324314905988,-0.138611659348141,0.7094823507873103,0.3392232311416242,28.71670498158,0.1200286119815415,2.7979309326164823,0.6984630364984594,0.1573681454430203,112.432,2.514327172898813,0.224451,1604.3309124598668,0.2310183931406393,0.610339,2150.886184984623,4.73041469246352,13363.00118769965,0.0154505499392844,0.000499152,4.801675145763432,106.226,0.4371447422455711,0.5792993222872366,7.901629911842196,0.6588299873248922,1625.959442730567,0.000389061,57.004120890444966,0.1334702761764852,24.629902395865184,334.77067272751844,369522.55422343855,461932745.1410288,0.225683,0.00104556,1105.6750751528996,0.2649324746934763,0.6073682467804998,855.2660496136575,0.0281781242729638,6.640196257311398,0.0434410771153078,44097.4762025106,0.794031884075648,0.4852367381083675,28.41833154662168,60.58381104490287,41.32251917240095,59.486390542410845,33.01354378431114,40.89467426999763,49934.67152517362,28.446585561403715,0.7441185378924975,3937.9773901146,0.3001023908730431,32757.8727726907
ID-981,Center-4,F,1.0,1.0,1.0,0.0,1,47,39,0,3.224209800571743,13.422333847689885,5725235.996387674,6.462226479199628,3.517191328304094,2.9578119902276203,558.0,21.8355110849958,7.969770051028819,0.295263,8.151470714380704,3.8781859229495312,5.801548500567627,2.5021233831744385,11.019294419849311,2.99426,0.4944620440453952,2087.32,791056.0637953592,0.0465035687636014,0.134882,824.9440320992514,312.508,39276.02896479264,871.6639371309006,46.88568205197498,0.940589231573756,6.840490315625863,2.6449251554746738,12.621243803924203,0.4978035334889867,0.2906885011394359,0.998305,0.944631061043284,-0.3197450885042918,0.9708738083005274,0.178520312891406,39.05365237835094,0.0085799267649223,9.20765358128794,0.925585618041338,0.00134553,67.27638602188247,6.458507473219684,3.02726,157.52368175487416,0.0328708529502153,212.25894627076377,1542.871195358567,1.4518052878260654,1459.6407545441214,0.000408215,0.000384061,5.730243764968809,22946.830657214443,0.914626415019752,0.9405798954250832,0.1992217559678988,0.953669519840171,1912.5407241259973,0.0167213562972186,1.93333,0.0713905597917547,277.872955593259,1046.9184592160468,55107.31216050187,6485.56,307.68721557550776,0.000476227,772.3441411969417,0.3299159472541954,0.472602502762401,518.8267100016261,0.0096521906888536,8.586410313928518,0.2164790378247897,7701.082405808331,0.748740273268687,0.4564494698005206,7.595108518092929,59.41304222370847,45.88057277296954,52.0746367698406,12.3693,29.809800632462377,13706.134264212737,36.17028781536212,0.6412900495100057,1290.6745812130698,0.2340744773793454,45673.38585813194,51.3066,33.3375,30970824587.50324,1.6512806208248008,21.99444068930244,101.47162800374274,66.3085,77.20120801308502,38.38586327736961,51.87645656661644,-1055.39,1473.6170914903685,15.912466389237656,1031.9219467573532,-5.55061928140021,10688662271.922922,0.2967997210577947,11120.409874854997,400.6569931021377,2009982.260916059,3951.9483439994056,232.83100338039503,0.6439587258468737,0.7762308552849767,2.2373699583474247,1.2857835945741056,2.343060180498614,0.7891626766149976,0.5202217774524134,0.9954794549707272,0.979092290431926,-0.0889803970766682,0.7780384846368688,0.3997200621579785,34.71351844394,0.1330029905266659,2.8505744960380657,0.690477895820726,0.5561279308948918,73.5300933771634,2.629681277671879,0.224451,219.56507819843767,0.374881997059485,85.3614247386002,511.8766935845428,8.119447453398637,5285.190281735131,0.00100254,0.0222440713783225,4.602149218856871,106.226,0.3722211230712953,0.694390196139198,7.357262140913798,0.7345573176432285,1702.766428967962,0.0049633753949156,123.18149974088948,0.224604550769347,133.35340413074607,1052.3176770823268,214.609,63095.6,0.225683,0.0647270420208328,408.2598633950124,0.3289369693424966,0.6457793691232152,131.0696472877092,0.0185223772392922,6.870388655028515,0.1427991349826117,190.726,0.942600105342082,0.5620438979016128,33.18132669623104,14.944433260483258,39.06998342270357,60.79187919207919,59.81790430069356,74.18928008039549,548.583,18.71008971827407,0.6977876141270272,9678.716271903924,0.3600804741503235,3752.6525613012936
ID-988,Center-4,F,1.0,0.0,1.0,0.0,1,54,83,0,6.055648412302271,14.485377600139872,5773450.842540496,3.940310947580744,10.0962,1.79041,558.0,17.272370333258742,13.98772770644822,1.6397441080191184,13.750761132967703,5.675595008421053,17.82387302477636,1.7014120910435369,13.143038583252672,14.388976237484496,-0.2600845133440512,64211.18914120352,783475.1892055628,0.0245727284060613,17.242859872459245,1840.649694977409,5607336.374793124,5582.229687327244,897.9575791162978,10.316016095972287,0.956246869773404,3.5620881913577893,3.985562959984585,13.153870626578486,0.3536161726891546,0.3686838307044952,0.995545425864727,0.970106,-0.2977820597148178,0.9761136831405224,0.2382382634848704,30.370396993541608,0.0061957770043053,6.954636284072337,0.8735301058992633,0.0204726747839371,18.201270242793985,6.400464951681034,386.3063023957377,36.2218,0.0437347311929,198.13311811927383,922.5228395766228,1.5198835802867314,116.083,0.0315185661441516,0.0302815444747561,5.621941353182145,22529.583015712487,0.8150493396615162,0.971112,0.2114000534788029,0.979283,26.058,0.0084502251041067,42.31592135600762,0.0289584898445662,300.5112230863229,3207.704265279838,3.34623,5432198.354758375,412.0790245529118,0.0113265883486538,2.18182,0.3352009148849576,0.5111842961877919,997.566118834956,0.0159919090694229,8.643865972087642,0.3758909055173283,3304.510884779193,0.651243241256597,0.6263471616252325,19.055127234202228,39.50578548475514,36.92475837799274,56.18891018732146,21.546779239892835,14.7986,18285.676434330657,41.10267839292535,0.7481435300465032,1619.6108167255695,0.62082558002705,14972.727924663604,49.31403260244205,103.28241628636846,20714038461.163628,2.372227042517045,5.42996,52.809310556573465,676.7823732124795,15.83074504576063,30.69686167952696,47.44491058476504,-327.2151011849556,674.3652203084342,2.31624,1005.0481737505576,-4.229830701651089,526132000.0,0.3131393744249944,17084.458694643195,1080.9605307136385,807023.5966941328,987.4646545560186,0.664828,0.212363,0.6874484830795318,0.9725694900771668,1.5996114575564846,5.775980493057988,0.807245861445348,0.8559476472351057,0.9988844158167446,0.9865318464719832,-0.3315355322862037,0.7151495385838798,0.4294204905621591,39.70886525297509,0.2449663994996784,3.768393695469087,0.7699143002029512,0.3026863328305987,73.26478969763124,1.7538855897168362,22.27274144099384,3324.734068496207,0.2829267045040073,44.71718759986306,696.4799553782502,20.940870981503693,2419.8196305130955,0.2261295246725788,0.0095358882145845,4.860397782497654,4118.0287564883365,0.4382633336230668,0.6133804363489879,9.469880956297912,0.5950211692746334,17.3286,0.007180520385664,3.90476,0.1186003952450873,184.21296710487368,178.78938437436204,586088.9709756029,331023840.61070704,0.225683,0.017077599122474,492.76584716324953,0.3750070281033938,0.4948229443288708,1204.3477447309974,0.026739604376434,5.081926367157071,0.00580198,190.726,0.890600755898521,0.563154096799422,23.9244207869556,39.92518711114274,54.93141108411908,29.57353181627269,35.522239843242495,30.98077169325757,26162.234969386307,16.29412864948913,0.6737614821723333,8388.418477753785,0.4308094932614154,562.0
ID-989,Center-4,M,1.0,1.0,1.0,0.0,1,49,68,0,2.3181584156528845,3.46337,5616992.172951361,6.318281090594268,3.474711250903104,2.1712924947976746,7937.827706593109,5.584737938163027,4.1800475788386615,3.4860707090898626,10.612449233594084,3.368304677883482,17.28878384814912,1.7533093881123976,10.104528568142284,11.924736808135084,0.6740962454260774,120220.04813056636,8110.21,0.0394727298585105,15.505567670214733,3838.262710765896,4437422.189147104,56972.85350210307,121.97786543405134,11.841999145310734,0.8550373484416491,3.192391133576435,3.156056800177408,11.3395907669192,0.4029484359045113,0.3411289344959776,0.993832210002885,0.9426749675745912,-0.2859071545055652,0.988801998296922,0.3057360541963426,18.381362346855127,0.0279613339745055,9.580698450247072,0.961745990461168,0.00134553,91.98173372801384,6.617653208979252,174.61156052529168,429.1396314345141,0.0614611949373806,385.1173429229492,38.346,1.2559459918217537,2904.9001738505463,0.0331771640726478,0.000384061,4.813641035116353,277.587,0.8589729310096015,0.8108350754831213,0.382545130954511,0.9160124705625422,1386.498641198321,0.000379169,213.65758435530205,0.014106727579403,360.52043142208834,28.4667,14238.930935318958,6485.56,0.00123903,0.000476227,2.18182,0.2491228823291179,0.4569816489004517,213.007244603594,0.0017253339262101,6.0883033121008925,0.1682360473408413,19520.60353097704,0.7379480482815706,0.3875358934793647,11.896419526731792,37.65962567840759,26.32740693031248,40.79286859791373,16.388808740194058,54.48664501165767,7483.953144518011,24.52871355849393,0.7568188311854936,6605.665732569805,0.5075062271950687,558.0,46.967505223562895,33.3375,21405425405.23594,1.4597507417868507,17.623638066091427,85.55925778917425,628.9380693627869,85.5358572892761,33.63553619814963,52.36109125339392,-211.99618843605023,1811.6790137760927,10.259555080435389,1031.341127772344,1.6498176450722122,526132000.0,0.325279906302138,6566.043745056011,1167.169183507238,5.8552,1249.461413133554,124.1338364918928,11.596877186337611,0.6011568480150525,1.3785379004268474,1.574514291057395,12.725048411057898,0.6720901375312348,0.6538255295703225,0.9958042673081648,0.9807589241632524,-0.1756562265709489,0.6228837393497488,0.44605752207742,26.26937491651494,0.2199955394124527,3.61805280603422,0.768804837711542,0.2523295135378277,93.63858939411534,2.872277573408115,11.7188573370262,2558.0000049474093,0.2113152829070129,0.610339,1224.8096528681876,21.67623638095024,7486.997646182337,0.0698437248309018,0.0045080042872681,3.9068178377395744,4086.08341031372,0.4544571889307036,0.5555784929083637,1.930169564788292,0.6207473198284499,877.3794006432769,0.000389061,131.17537615241963,0.182144915740812,94.43804396021451,30.1957,583067.1851192525,63786375.50811893,381.8815128821466,0.00104556,5.90323,0.4392853387478223,0.7331009200640496,735.1178696379372,0.0142431229471471,5.341652526642014,0.0779666328284856,146386.0223258197,0.8080408071318274,0.275024345944364,29.50158492359457,64.55204234883325,43.85108599692947,46.41039668347641,30.51012028878815,48.71525845606731,37363.83745511567,17.664402889034882,0.5708774158250064,2963.573014799899,0.3450365034722056,49621.8422975055
ID-992,Center-4,M,0.0,1.0,0.0,0.0,1,73,62,0,1.9971822666839656,17.486539747091946,8110.21,5.969270880117144,8.205911539800901,2.695235329370856,17089.007203937825,16.234971598605206,3.165935581714717,1.7435956749212496,7.329631727706965,4.005334888953319,15.535782623516882,1.563679257171895,4.122340407006967,16.168116843626336,0.0711193858301759,86679.6222605305,1923805.8137248743,0.0235930674531829,3.1998129215278026,1976.8915218527045,13289574.41501196,208.5456983004456,11.2113,24.15734122395256,0.9232825751367112,2.897783094021494,2.8231638193450053,7.396546512625212,0.4709359862235872,0.2609855376810476,0.9937334463237184,0.9631913317468668,-0.235993,0.9784799041798224,0.3550949501795461,27.52240039841437,0.000347025,9.441642057640124,0.9093962375340748,0.0474095584021195,85.55738821442026,6.69877767526584,3.02726,539.0134037814557,0.0528555296637728,3.51945,2220.916457641044,1.771286975755648,805.8337786656082,0.025321540161447,0.0242902181989645,5.814884900495775,13845.701736264216,0.749039682086151,0.9222725349138402,0.5547539478704494,0.848804306411881,3198.740687457814,0.0077312752014759,56.47942051878794,0.0350241226405941,169.72042903193622,2379.824753462196,3.34623,10249207.871960727,0.00123903,0.0391790458639041,1011.291570644894,0.3153623487360262,0.4987755864050495,592.4675224542119,0.000418855,6.318116739565031,0.604953821917784,3064.0449282662566,0.6524794891428971,0.7041597805135502,19.73087408180594,35.25065216100411,62.35050538275844,46.282090619727335,38.12031081018952,58.32782198899604,38613.14236387607,48.18510373278958,0.7980403561106114,9839.667641985694,0.3463574542147085,24518.09107308418,-62.81868744628969,38.87984645717096,28027599062.04765,3.1000810777057417,14.43061585198033,10.409882766463303,380.19976931352807,35.3230981969855,4.12072,49.104349431079655,-555.7657067035344,1455.6212896724105,2.3559564616414264,1004.1140474638923,2.296402740830863,526132000.0,0.3645112673247627,3305.865020176816,1540.4817575971704,5.8552,2990.3055421251847,0.664828,15.225252269885695,0.3997854009978753,1.280223863878426,0.69169,22.8200435665771,0.7689829052773223,0.5285239134056058,0.9980950002410444,0.9802513980680966,-0.2108176618756674,0.7260792671042702,0.4668534282278697,21.42212703516945,0.2902899474043209,2.3014490699915355,0.8894380120589089,0.4259609743814528,10.2048,2.2470202719596792,21.72398783555365,4622.043200274323,0.2394955140447918,16.32186095477427,338.1440567817904,11.33017475463656,5993.607153703999,0.0223333527736721,0.017174883703765,4.167184588312049,18451.59268498189,0.6395698922803347,0.2663073798608096,8.208472076664,0.5680494580215769,582.3920045630676,0.000389061,3.90476,0.1422459307717936,93.03778678949443,891.7420297782579,103110.8500733042,63095.6,0.225683,0.0223616484222847,5.90323,0.2968884769240268,0.4003270728803845,229.6874551736016,0.003177591901113,6.285772646912199,0.0179267445755106,382488.57589119737,0.4166949005117457,0.5869484018539258,17.499766524481927,31.695689785694697,49.22444473385693,62.65921911875979,37.8574493302712,24.70377541670405,14230.204695429866,29.829832311585868,0.6258953016051416,5395.963519876077,0.4296405850172038,801.9512541869708
