PatientID,CenterID,Gender,Tobacco,Alcohol,Performance status,Surgery,Chemotherapy,Age,Weight,Outcome,PT_GTVp_original_SUV_10Percentile,PT_GTVp_original_SUV_90Percentile,PT_GTVp_original_SUV_Energy,PT_GTVp_original_SUV_Entropy,PT_GTVp_original_SUV_InterquartileRange,PT_GTVp_original_SUV_Kurtosis,PT_GTVp_original_SUV_MTV,PT_GTVp_original_SUV_Maximum,PT_GTVp_original_SUV_Mean,PT_GTVp_original_SUV_MeanAbsoluteDeviation,PT_GTVp_original_SUV_Median,PT_GTVp_original_SUV_Minimum,PT_GTVp_original_SUV_Range,PT_GTVp_original_SUV_RobustMeanAbsoluteDeviation,PT_GTVp_original_SUV_RootMeanSquared,PT_GTVp_original_SUV_SUVpeak,PT_GTVp_original_SUV_Skewness,PT_GTVp_original_SUV_TLG,PT_GTVp_original_SUV_TotalEnergy,PT_GTVp_original_SUV_Uniformity,PT_GTVp_original_SUV_Variance,PT_GTVp_original_glcm_Autocorrelation,PT_GTVp_original_glcm_ClusterProminence,PT_GTVp_original_glcm_ClusterShade,PT_GTVp_original_glcm_ClusterTendency,PT_GTVp_original_glcm_Contrast,PT_GTVp_original_glcm_Correlation,PT_GTVp_original_glcm_DifferenceAverage,PT_GTVp_original_glcm_DifferenceEntropy,PT_GTVp_original_glcm_DifferenceVariance,PT_GTVp_original_glcm_Id,PT_GTVp_original_glcm_Idm,PT_GTVp_original_glcm_Idmn,PT_GTVp_original_glcm_Idn,PT_GTVp_original_glcm_Imc1,PT_GTVp_original_glcm_Imc2,PT_GTVp_original_glcm_InverseVariance,PT_GTVp_original_glcm_JointAverage,PT_GTVp_original_glcm_JointEnergy,PT_GTVp_original_glcm_JointEntropy,PT_GTVp_original_glcm_MCC,PT_GTVp_original_glcm_MaximumProbability,PT_GTVp_original_glcm_SumAverage,PT_GTVp_original_glcm_SumEntropy,PT_GTVp_original_glcm_SumSquares,PT_GTVp_original_glrlm_GrayLevelNonUniformity,PT_GTVp_original_glrlm_GrayLevelNonUniformityNormalized,PT_GTVp_original_glrlm_GrayLevelVariance,PT_GTVp_original_glrlm_HighGrayLevelRunEmphasis,PT_GTVp_original_glrlm_LongRunEmphasis,PT_GTVp_original_glrlm_LongRunHighGrayLevelEmphasis,PT_GTVp_original_glrlm_LongRunLowGrayLevelEmphasis,PT_GTVp_original_glrlm_LowGrayLevelRunEmphasis,PT_GTVp_original_glrlm_RunEntropy,PT_GTVp_original_glrlm_RunLengthNonUniformity,PT_GTVp_original_glrlm_RunLengthNonUniformityNormalized,PT_GTVp_original_glrlm_RunPercentage,PT_GTVp_original_glrlm_RunVariance,PT_GTVp_original_glrlm_ShortRunEmphasis,PT_GTVp_original_glrlm_ShortRunHighGrayLevelEmphasis,PT_GTVp_original_glrlm_ShortRunLowGrayLevelEmphasis,PT_GTVp_original_glszm_GrayLevelNonUniformity,PT_GTVp_original_glszm_GrayLevelNonUniformityNormalized,PT_GTVp_original_glszm_GrayLevelVariance,PT_GTVp_original_glszm_HighGrayLevelZoneEmphasis,PT_GTVp_original_glszm_LargeAreaEmphasis,PT_GTVp_original_glszm_LargeAreaHighGrayLevelEmphasis,PT_GTVp_original_glszm_LargeAreaLowGrayLevelEmphasis,PT_GTVp_original_glszm_LowGrayLevelZoneEmphasis,PT_GTVp_original_glszm_SizeZoneNonUniformity,PT_GTVp_original_glszm_SizeZoneNonUniformityNormalized,PT_GTVp_original_glszm_SmallAreaEmphasis,PT_GTVp_original_glszm_SmallAreaHighGrayLevelEmphasis,PT_GTVp_original_glszm_SmallAreaLowGrayLevelEmphasis,PT_GTVp_original_glszm_ZoneEntropy,PT_GTVp_original_glszm_ZonePercentage,PT_GTVp_original_glszm_ZoneVariance,PT_GTVp_original_shape_Elongation,PT_GTVp_original_shape_Flatness,PT_GTVp_original_shape_LeastAxisLength,PT_GTVp_original_shape_MajorAxisLength,PT_GTVp_original_shape_Maximum2DDiameterColumn,PT_GTVp_original_shape_Maximum2DDiameterRow,PT_GTVp_original_shape_Maximum2DDiameterSlice,PT_GTVp_original_shape_Maximum3DDiameter,PT_GTVp_original_shape_MeshVolume,PT_GTVp_original_shape_MinorAxisLength,PT_GTVp_original_shape_Sphericity,PT_GTVp_original_shape_SurfaceArea,PT_GTVp_original_shape_SurfaceVolumeRatio,PT_GTVp_original_shape_VoxelVolume,CT_GTVp_original_intensity_10Percentile,CT_GTVp_original_intensity_90Percentile,CT_GTVp_original_intensity_Energy,CT_GTVp_original_intensity_Entropy,CT_GTVp_original_intensity_InterquartileRange,CT_GTVp_original_intensity_Kurtosis,CT_GTVp_original_intensity_Maximum,CT_GTVp_original_intensity_Mean,CT_GTVp_original_intensity_MeanAbsoluteDeviation,CT_GTVp_original_intensity_Median,CT_GTVp_original_intensity_Minimum,CT_GTVp_original_intensity_Range,CT_GTVp_original_intensity_RobustMeanAbsoluteDeviation,CT_GTVp_original_intensity_RootMeanSquared,CT_GTVp_original_intensity_Skewness,CT_GTVp_original_intensity_TotalEnergy,CT_GTVp_original_intensity_Uniformity,CT_GTVp_original_intensity_Variance,CT_GTVp_original_glcm_Autocorrelation,CT_GTVp_original_glcm_ClusterProminence,CT_GTVp_original_glcm_ClusterShade,CT_GTVp_original_glcm_ClusterTendency,CT_GTVp_original_glcm_Contrast,CT_GTVp_original_glcm_Correlation,CT_GTVp_original_glcm_DifferenceAverage,CT_GTVp_original_glcm_DifferenceEntropy,CT_GTVp_original_glcm_DifferenceVariance,CT_GTVp_original_glcm_Id,CT_GTVp_original_glcm_Idm,CT_GTVp_original_glcm_Idmn,CT_GTVp_original_glcm_Idn,CT_GTVp_original_glcm_Imc1,CT_GTVp_original_glcm_Imc2,CT_GTVp_original_glcm_InverseVariance,CT_GTVp_original_glcm_JointAverage,CT_GTVp_original_glcm_JointEnergy,CT_GTVp_original_glcm_JointEntropy,CT_GTVp_original_glcm_MCC,CT_GTVp_original_glcm_MaximumProbability,CT_GTVp_original_glcm_SumAverage,CT_GTVp_original_glcm_SumEntropy,CT_GTVp_original_glcm_SumSquares,CT_GTVp_original_glrlm_GrayLevelNonUniformity,CT_GTVp_original_glrlm_GrayLevelNonUniformityNormalized,CT_GTVp_original_glrlm_GrayLevelVariance,CT_GTVp_original_glrlm_HighGrayLevelRunEmphasis,CT_GTVp_original_glrlm_LongRunEmphasis,CT_GTVp_original_glrlm_LongRunHighGrayLevelEmphasis,CT_GTVp_original_glrlm_LongRunLowGrayLevelEmphasis,CT_GTVp_original_glrlm_LowGrayLevelRunEmphasis,CT_GTVp_original_glrlm_RunEntropy,CT_GTVp_original_glrlm_RunLengthNonUniformity,CT_GTVp_original_glrlm_RunLengthNonUniformityNormalized,CT_GTVp_original_glrlm_RunPercentage,CT_GTVp_original_glrlm_RunVariance,CT_GTVp_original_glrlm_ShortRunEmphasis,CT_GTVp_original_glrlm_ShortRunHighGrayLevelEmphasis,CT_GTVp_original_glrlm_ShortRunLowGrayLevelEmphasis,CT_GTVp_original_glszm_GrayLevelNonUniformity,CT_GTVp_original_glszm_GrayLevelNonUniformityNormalized,CT_GTVp_original_glszm_GrayLevelVariance,CT_GTVp_original_glszm_HighGrayLevelZoneEmphasis,CT_GTVp_original_glszm_LargeAreaEmphasis,CT_GTVp_original_glszm_LargeAreaHighGrayLevelEmphasis,CT_GTVp_original_glszm_LargeAreaLowGrayLevelEmphasis,CT_GTVp_original_glszm_LowGrayLevelZoneEmphasis,CT_GTVp_original_glszm_SizeZoneNonUniformity,CT_GTVp_original_glszm_SizeZoneNonUniformityNormalized,CT_GTVp_original_glszm_SmallAreaEmphasis,CT_GTVp_original_glszm_SmallAreaHighGrayLevelEmphasis,CT_GTVp_original_glszm_SmallAreaLowGrayLevelEmphasis,CT_GTVp_original_glszm_ZoneEntropy,CT_GTVp_original_glszm_ZonePercentage,CT_GTVp_original_glszm_ZoneVariance,CT_GTVp_original_shape_Elongation,CT_GTVp_original_shape_Flatness,CT_GTVp_original_shape_LeastAxisLength,CT_GTVp_original_shape_MajorAxisLength,CT_GTVp_original_shape_Maximum2DDiameterColumn,CT_GTVp_original_shape_Maximum2DDiameterRow,CT_GTVp_original_shape_Maximum2DDiameterSlice,CT_GTVp_original_shape_Maximum3DDiameter,CT_GTVp_original_shape_MeshVolume,CT_GTVp_original_shape_MinorAxisLength,CT_GTVp_original_shape_Sphericity,CT_GTVp_original_shape_SurfaceArea,CT_GTVp_original_shape_SurfaceVolumeRatio,CT_GTVp_original_shape_VoxelVolume
ID-013,Center-3,M,1.0,1.0,0.0,0.0,1,59,62,1,5.200781450165089,9.588087724116576,7213771.236542733,5.043476141556322,6.46988768432811,2.866977613691186,6528.374994375092,13.06206141679775,7.371702607254868,2.11275630797019,2.71105,2.97444181552548,20.16512736527254,2.996146102798198,14.148371629410711,3.673459065035884,0.616001611270615,2087.32,7874033.095117624,0.062409551263218,8.398660150814806,2751.6053763315404,6736179.57053651,47596.39712305308,1069.5681778016535,12.101889012720587,0.9135965679653888,3.862482631984837,4.4432,7.996487980529715,0.4944570939121052,0.3933820818255581,0.9964003466010332,0.950442862656687,-0.2639941734398737,0.9599790747808982,0.3975678430257765,41.98814129941624,0.0116936812074318,9.33622247812554,0.9383577034576543,0.0236951007197803,39.65638868853847,5.249245357125356,628.0438487773381,602.7215222663149,0.0473745070610472,378.4935431329551,940.9828590424604,1.904821944006584,2712.5230229450985,0.0314349649376543,0.0004115676320499,4.227208037461389,8302.954724417616,0.8377753721099195,0.8360357889778003,0.3931673307100025,0.936733254643224,2286.0249041485854,0.0078218734363803,220.62071957602188,0.0902833172717851,192.36533640602303,2759.5878047263536,12434.964511757244,6485.56,0.00123903,0.0168102160047556,3267.8698047578787,0.3655317677063412,0.3723591818940088,775.8606135807702,0.000418855,7.311106475431305,0.4374231615686456,21215.871092478348,0.8265955828089213,0.7268815647406405,8.691597125748519,34.5302890758952,58.74651095848648,66.43413462364761,30.16466500769901,59.45264808877948,39603.26431580109,54.60540337271317,0.6510294775829903,4889.555917371288,0.4785101317889859,46636.81402964071,51.3066,110.81851710772202,19201943691.07293,2.533089245459206,47.02724831515513,86.87676326646059,1228.018432947152,40.06256406959646,4.12072,44.6532477270575,-227.08220683880413,1805.0802223953165,6.0669349138841895,1040.6969875914065,-6.308144509098192,526132000.0,0.5299332623261059,67.1971,240.55670769051363,1009801.6087711063,4382.002117644568,248.5240559603628,22.7567883593199,0.7652441762843134,0.174711,1.6968076976637638,19.96562937427177,0.6871530759055422,0.7011870534701891,0.9917238654427049,0.9861237961083812,-0.1622095504048518,0.79924913849897,0.3696590426011789,20.885198445223114,0.14234069475911,3.066876919030668,0.4357373563529119,0.44252037196397,60.63228426968091,3.756447286603047,23.96077943142541,5957.260112616504,0.4211113291726944,87.88793837476865,827.6427451186242,14.856269342319576,3740.81882125043,0.0087332377269145,0.0131707891335371,4.249084399874842,9737.121361615837,0.4875533838871377,0.7529829920918442,8.101784440613171,0.5901859432026707,1799.6875010614829,0.0057133037897655,3.90476,0.0385313193911698,3.11374,1238.9872378573812,378934.6063816176,504321487.94369286,3875.448350128481,0.0489877951190775,5.90323,0.4621499117453211,0.6528461951746461,1397.6736052245556,0.0052874085820664,6.116885538682104,0.00580198,190.726,0.8781830414399558,0.4613842622084029,15.683164423494755,20.82966648118345,38.271529366779184,30.117947433347886,42.63976792126584,61.76412955969676,17481.855955354367,28.44980991893712,0.6921521625295282,6824.8304847569,0.4639868400558742,19904.79053460726
ID-031,Center-3,M,1.0,0.0,1.0,0.0,1,63,90,1,3.85969035946064,15.024725055151578,3362652.087309693,5.982488807972604,4.814534983523928,3.724933785059352,42088.22795796399,21.345576859792256,8.528354392860676,3.3557212714126896,6.566637060740822,2.014290833914896,8.42560365060583,1.1578689312646713,13.57154165500802,14.156127876853231,0.0494015666494881,265440.72600422,4332086.037221845,0.0508359629444073,0.134882,502.8774528180592,312.508,-14355.366693506345,2718.169154877395,39.919344413521806,0.9366635747786328,5.100474421125758,3.5128110591430284,21.36243892157593,0.560033116530683,0.1838041814832016,0.9942595609636286,0.970106,-0.3170995680825311,0.9849470236555126,0.2821042063026813,36.137020233036914,0.0094202357479861,11.8075,0.977199,0.00134553,70.47272481476958,7.073217268157102,471.4449520176402,609.9724931288409,0.0501498301094429,564.3476397591775,2641.558529840077,1.1346679850277546,2929.693307001253,0.0511783205121778,0.000384061,6.130992620059404,4358.451342241529,0.8643306266898747,0.8234071363781732,0.2654470252183952,0.979283,3612.156451202168,0.0156392309418687,70.83988917031638,0.0469956889331488,329.7934302877304,1380.2574013340002,3.34623,3478556.1507120635,168.60772873021523,0.0064738835074144,3650.771965054669,0.2837902083945843,0.5482475066117822,427.78023991605136,0.000418855,8.071345797787625,0.5200080425846167,4532.531958950664,0.8863206126727879,0.6502520891792378,20.58254226046588,30.49412355448654,22.87015403861188,28.46012289213408,26.396386332251662,52.94885822367784,49683.24742610813,28.6166677609752,0.6725381114813698,3819.1460388330174,0.3791269108767804,558.0,-48.69848803608249,134.55384907568313,67599745080.24192,1.9338927957299377,12.001741641820145,48.34332436667073,66.3085,74.52903782387598,71.47560671291959,47.43049757594722,-682.6435856998208,1121.3432739678576,24.65379376350469,1048.4956534525927,-5.142915177939759,43790557903.06422,0.2317757357409038,14937.570733130147,243.03966360219232,444214.0324719517,-562.3557324421377,80.22185129123841,1.5071899048698878,0.6906407324620413,1.808606861728589,2.2159402101767185,5.793947107356751,0.7177801281916596,0.6207457559407871,0.9984866127499152,0.9757761858992172,-0.1764288497537617,0.5848074817609825,0.3572318819659655,56.2161,0.1731510457724478,4.26034214810158,0.8905546735056907,0.3660585597541446,33.96105767746366,2.3356545049067043,0.224451,1505.7965060492745,0.0983970318252504,57.24618281744222,2088.660567649917,10.362542898033322,2992.7472519854914,0.00100254,0.000499152,3.779808153688848,106.226,0.4612552322670717,0.5574559860652318,15.40007441566285,0.6123480031161365,647.2822335332153,0.005588898594812,126.98599130453384,0.176452917563195,70.54978263696972,522.2911681837667,588287.6111677701,361499880.40296507,3750.5332370987,0.0433671910475407,355.51296029886004,0.2903789396500417,0.4449620109129104,111.15147369718376,0.000562722,6.065757405516719,0.0129488207104515,190.726,0.7604529496426264,0.5497429744017641,21.220008121283573,52.10309152047998,44.2116987816972,38.24189847844545,33.02244733719176,13.9284,41716.38969782071,38.68478300817431,0.7118685140339873,636.1425518700361,0.2959665628078338,42345.29989891292
ID-054,Center-3,F,0.0,1.0,1.0,0.0,1,54,121,1,4.744014133283589,9.782242942829726,8110.21,4.743837134461928,4.952994648610954,3.5551286251690817,73427.56459068583,15.64288255591272,12.358446926256008,1.4347317604749084,11.472780209681591,2.7881434203017537,16.838055117069032,2.372797980031513,9.451787432748278,10.844317458109284,0.4672053413683146,264235.5591303592,3307901.761891015,0.0962659247277789,8.842401265493564,1905.637468873004,312.508,37601.13795862999,931.9358406937872,39.1515452140983,0.8700266842477786,5.78159166115519,2.884033673335483,16.87549111405314,0.5104469439973109,0.1901904434990068,0.99305163968349,0.965247730496288,-0.3373722944536892,0.9828637874219432,0.3330287988029213,60.71719798981158,0.000347025,9.11655054499952,0.977199,0.0446472096210548,96.36384866825604,6.147869943589575,480.9988934281132,690.0882929939163,0.0298763007577771,302.9423794071548,2213.330207802279,1.9011998032390007,1807.0687972058752,0.0358964664092509,0.0193618265870582,6.41631492496879,277.587,0.8663635195112663,0.9019590001054568,0.3240546276065291,0.9322413037077796,3162.7489690868915,0.020400534745239,49.51731118086279,0.00977157,370.2630514521101,1185.4690788340424,3.34623,2460134.4896441614,173.94881921183804,0.000476227,2340.167643126584,0.1330891283435924,0.3905173042366482,477.03160624324863,0.004715232603743,8.83279,0.666228,33898.39504030012,0.6495958543162029,0.4337253659823828,22.18109303265104,30.17518582297137,27.70790531050897,53.164496462404415,20.689489338979545,85.33238302891796,46353.642304130095,32.29190331460795,0.6979048953425856,9282.474817235552,0.353448503001315,10810.559327009514,1.64507037925829,116.63263844875854,25802674923.05082,2.785659285218012,14.258719434435818,122.28146748635206,594.594451785661,76.4887090468865,36.33741528893422,32.52720145955468,-422.419683508587,1401.4104327906114,8.488857352036792,1053.527709605763,-6.175457443386592,22330677687.22424,0.5405471799592214,21918.763071833186,604.8944942500976,5.8552,9068.698396653394,171.44930133481594,0.212363,0.6699153983901436,1.0918301248953113,2.507260066296168,0.181279,0.7268207594536711,0.4457323380676081,0.9953881321250307,0.9886167615966662,-0.1919106174750686,0.4987553242797532,0.4103425891821896,31.09338086323299,0.296832175701151,4.74757462433026,0.65810589774489,0.4321004813187132,88.30243002431402,2.5162657130117148,52.92555134178195,5326.2047442639405,0.2965307711485289,2.920830481564008,2128.6560419782563,6.884044790527588,12650.48183514778,0.1560566191780007,0.0288823479598301,4.422310936496329,2455.630487344734,0.5366636717233605,0.5302244883393136,7.752417596750205,0.6269808377497091,500.2861513297661,0.0046696914007726,62.36006004182934,0.1181468057446272,153.9016743286865,1654.6688752419282,572066.0432421643,938034886.0857384,3228.919132870687,0.00104556,420.978481554293,0.5177047846523004,0.5697690863690534,615.6326933275042,0.0032424094538857,6.310437280654073,0.0894010847172886,190.726,0.981698,0.5178057976107567,24.297099551777,28.01143515711549,36.16760016958571,52.014689184651466,27.91022274571021,29.7080407236814,548.583,17.67577217770538,0.6248768011937569,2816.3265287644326,0.2362260778723696,2327.9835722255184
ID-058,Center-3,M,1.0,1.0,1.0,0.0,1,46,88,1,4.863069539159023,8.36801766669653,8110.21,6.30206158873952,9.877663933245064,2.0483068985444626,558.0,10.378662786654903,3.082788575684043,3.2107990971446885,2.71105,1.4976151069992374,23.43478559997036,3.0899409389431782,8.284615623652403,11.53711168491827,0.2278544001924401,508222.5090374372,4559733.3456774,0.1060083433772812,26.02868390330702,415.74471485320754,12003034.822745737,25638.76632313116,358.7282593047312,41.68996974263408,0.9213603087849204,3.745783110141136,3.694508848816358,0.864369984646995,0.3144214567264958,0.097145,0.998305,0.9512100079692948,-0.3105502293631553,0.9783458538731664,0.3102554776303195,13.28422100899656,0.0183695484660389,9.878836767153414,0.9302480413720836,0.00134553,54.49841604291323,6.818057599514588,137.59278225473767,1039.8047446825856,0.034637976963137,370.4960429999036,782.7572361716204,1.708256467527789,152.97109031881692,0.060258123575233,0.000384061,5.957695948076838,33435.19018248625,0.8144986030797183,0.8840239048913923,0.0574670253179051,0.9753328496449356,1602.5673539612353,0.0295851676390172,65.1569797675414,0.0679549927288782,450.0729266712733,2699.613907251432,44260.43954568408,6485.56,0.00123903,0.000476227,2.18182,0.2476920828051877,0.3729569286611591,852.220831117018,0.000418855,8.83279,0.368319576646006,9281.06177359116,0.7285844050010893,0.5926334251822069,18.742710724484898,46.36871094631699,45.53123677175061,51.38880028551079,40.5161234835462,36.67709753485647,48133.13155644383,29.101692510465806,0.8087739293209306,10310.78483893005,0.5819121118227016,68141.3964388339,51.3066,33.3375,54828021540.10006,2.543619536528717,40.56209031762915,3.83943,678.4135921352528,19.67301808937404,48.86684776263474,52.68687430117142,-753.9043292766122,873.6434489103902,9.116567255166329,1021.8374604202616,-5.827100286672268,28806639821.538525,0.5991807650375545,6913.555455604052,1388.5047571651414,215827.0383494069,-2712.9473424857256,267.29909789959146,16.440623796863598,0.5688624081552581,0.6758318710688604,2.491777050345326,0.181279,0.649981332100025,0.8351254213890404,0.999872,0.971250575878898,-0.1915481728343073,0.7849482769926642,0.3981000293594161,25.048865141690168,0.1072633018832976,3.9690679551713424,0.8448095777919508,0.5407544548094386,59.35583315499045,3.2317990980159896,19.70197023560376,994.8726563999578,0.1037948265215988,15.676703751199335,2007.2988717624496,8.816515468405001,172.295,0.2422947999110424,0.0026103000289508,4.174150640369954,9327.503194300289,0.5428671807871325,0.6566157336207258,4.486394780019348,0.6005289764526199,253.5483692305181,0.000389061,131.34760082923594,0.1170472161972307,81.00472725057006,30.1957,337817.2088020928,8077894.841646969,1151.3297580271849,0.0081505379313949,631.8450647057817,0.2912633564561667,0.5888828547016849,917.8313877969,0.0210273525258853,6.569743074312991,0.0297097598808548,332089.68322506174,0.6070103789278867,0.6980093473008828,24.98514366846896,28.06449198313025,36.40991531149066,41.1704872250992,22.168141247608148,35.16581159970114,2217.146827908258,35.027503149875656,0.673449965609445,10457.065243560308,0.2993943235245918,4941.420518866736
ID-069,Center-3,M,0.0,1.0,1.0,0.0,1,59,70,1,3.4393991139310667,9.856600191892507,2547031.381090817,6.106731697488501,5.024285768054082,2.14576887598599,7602.050734607852,20.07247822284256,7.5685045762424465,4.194670873678785,9.661656918760906,1.02709,18.56816073764239,2.379053784740049,6.684742979280935,11.979560407257887,0.3235718515440487,115094.3132553669,3612802.7085626656,0.0486046168173493,12.63440621309227,3146.6376396994683,312.508,51051.230422469496,581.3132997805494,2.381911412120555,0.97466,6.224907438213382,3.0974632693295625,20.81317053932811,0.338305159196857,0.2826228502620841,0.9966618376844448,0.9502348414151032,-0.3301578986232647,0.983704442349095,0.5445169280908513,35.4290025422933,0.0029583589766028,8.768266056197966,0.9401337320393098,0.0229259889341716,51.92250878962647,7.732229627709611,3.02726,1049.5514678398597,0.0584614940212808,134.1219137567171,1622.341673103802,1.09603,2099.4921858985185,0.0275542319948405,0.000384061,6.917081982175794,9708.790863553304,0.9155718141749484,0.9390768127191492,0.6076657543888558,0.9585737544549886,2368.154552061701,0.0049693306700415,275.34779732681886,0.0173345266340486,6.42722,2712.430578358344,3.34623,1494272.9148987634,0.00123903,0.000476227,3870.405126867167,0.164232646593031,0.501320968981134,1243.1288489939575,0.002763635771331,5.544473338444584,0.0757018691347868,21541.98718451019,0.6603130290422144,0.5357056003031467,16.305415305940112,54.56187599458715,47.37457471005097,40.05695881200326,33.738101980207816,61.34874478045388,34364.4853656282,25.764483621988404,0.7442184865673287,4602.243524688712,0.3390601430199973,5796.638527145022,3.4028157172133016,39.904641237351626,81112467946.99185,1.6058881085672383,34.62614287962416,118.53968122942072,502.1273555769152,68.65944491252141,4.12072,65.1334,-68.9283679099914,144.178,2.31624,1077.714646872877,-1.7482861770702494,35858888864.772,0.2672972757239273,4169.451512298161,1633.4848092582026,1197188.6491509366,14018.178043311003,180.8827657264401,1.4564642017402782,0.8205580170257532,1.5084085920132315,2.9206459873416497,2.821832491004205,0.6705530709112542,0.8170333419475054,0.9986265607527484,0.95965504026931,-0.2355618745232402,0.6242163671268792,0.494728,51.70190863449167,0.4261375462181567,3.781308559560996,0.84097046261689,0.3157466298255832,48.81804020897333,3.660175332341169,17.26942490593102,1729.114439665896,0.320080505320744,57.42962288089201,2905.639252534027,12.034461036946748,8085.67227629987,0.1231303030768327,0.000499152,4.266020948459326,6211.363743149959,0.4195377764039257,0.4819196747323792,8.574004970923275,0.7527944298502559,810.7422788470992,0.0061954393140492,14.806382909919597,0.1203294042718226,268.1714718327304,2131.779923733663,432705.771771238,7579374.00212723,6687.863016754764,0.0075973213018813,811.5590827998939,0.2249436660876686,0.6206760088306449,865.9707442778351,0.000562722,5.700218922533798,0.008195483279495,353886.6360797102,0.7377928854855191,0.7132775831610872,26.4325179328498,43.80363087510463,52.65951860532415,72.30394098232776,31.65431470116794,39.907505782558765,548.583,21.0119804324397,0.7861602917297736,5753.701646684191,0.4314518413073591,30841.20910799972
ID-073,Center-3,M,1.0,1.0,3.0,0.0,1,50,79,1,3.069890928587536,14.88039997817604,75959.41487866675,6.515353707905588,3.894726934736719,2.9146359528082724,1110.006756867684,17.274779310299007,15.412109625358752,3.103996998532912,8.861466054690359,4.336655026383342,9.454793000063624,2.7588834753214435,7.778678638005441,12.089419257821886,0.5030641415766816,304385.1243751162,3968808.980284171,0.0286016146789627,18.056710449018016,3663.1037640725217,6481770.182038725,19079.16145143633,615.5903363837365,73.06106622292859,0.9047548214435602,4.983299912052251,3.153829972286775,3.787354674584546,0.3588769443711713,0.5120638960850422,0.9963427863664606,0.9622743902410528,-0.2732855488432417,0.993989,0.3025542591541033,28.27095375173656,0.0094806050144147,10.546535294252362,0.958979169695968,0.0303951585411432,96.48928924925448,5.452452891342521,568.422863537863,438.33741735767074,0.0760767706062412,3.51945,688.1920179583517,1.5285549544539818,3161.110128592068,0.0585610529615619,0.010076124736313,5.2449903599727765,3082.8255082795586,0.947064,0.7942372106117445,0.0353675,0.950699485140577,2195.920439229524,0.0101419029716308,128.24396043730638,0.0623178883951868,73.54580656574703,1226.2324546979576,49933.50516095073,6485.56,0.00123903,0.0118154057126639,3275.471981457987,0.206007087314323,0.5657324516251283,910.7935552081376,0.0153190603662688,7.842384251937568,0.2119780729698538,1.09326,0.7525542022485653,0.3976243658676014,14.79376714152033,52.96509942099966,40.10093595774648,14.413907180596167,38.116918247827584,59.02147542293444,545.25,38.17690643012761,0.7644257785712286,1976.3340779969244,0.292822417347127,558.0,-32.35864226352173,98.5197503650192,34770584126.793655,3.036102714184024,37.549232661644425,88.85652935652817,66.3085,33.26100671772422,25.741178140759786,49.39411139320215,-233.68487374191176,481.1287073530416,3.7406047492458017,1066.3056050368684,3.238274250545256,26949376261.13596,0.370376260527215,358.0233820764497,2934.941643664388,570947.140561451,-4682.982205546403,49.32113079829868,13.7124027611124,0.7384169812924406,1.898165272735856,2.2847055519559687,20.47727843074817,0.6912629513567548,0.7241402583675407,0.9948041504900332,0.9694232603702816,-0.135386343768962,0.809946352686375,0.3818563852212171,21.22155027850525,0.1493354563811456,3.4969094686064253,0.920413,0.2332801154261143,56.374517008316765,4.161283676353566,56.825798625737455,2802.138584063516,0.1882850413479685,29.64911270114229,759.6742901525207,10.89303795984288,17140.64914150575,0.1436311987393685,0.0175593896524176,3.90957657801676,14723.186576515523,0.2453974913409048,0.3553060678346717,0.8708286187035471,0.7397543826778296,17.3286,0.0115428253473357,44.54296670718352,0.1781375748293255,315.63417127701393,677.817805972445,610297.8882846015,494669797.51076335,0.225683,0.0594998936280706,5.90323,0.2215726918432582,0.7693544204456606,1461.5199110106637,0.000562722,6.834392512361894,0.00580198,190.726,0.8070289721570025,0.3644422973239321,13.824540278944248,41.58154539948197,47.86435101082981,44.30820847700222,19.588437555283896,43.2491970601867,548.583,35.71999256034266,0.7079590617879241,7653.101459306607,0.2106006038700185,17533.915147528423
ID-079,Center-3,M,0.0,0.0,0.0,0.0,1,56,88,1,7.916548675134384,8.760076880530729,886984.856693524,6.8484,1.6771499984079354,2.469117475370261,16581.77118201711,17.174439538322424,11.780949846795004,2.853593578737083,7.485266740962624,2.3226275074302447,24.88900700696941,1.2889379953105282,6.719659506446819,19.2711530379837,0.4263188220164519,150030.4944647004,4563741.737923426,0.0683884789785441,10.363271553541184,1562.378673810348,2000424.7480955324,16787.639173998832,1244.152416727285,37.47029252209091,0.9147135251777392,5.547436076240485,3.114911869095668,19.52410586129236,0.4974147189554611,0.3095544419263712,0.9936848103229394,0.9343740240331434,-0.2586730770849563,0.97789063651832,0.4216074683274937,43.37213189583224,0.000347025,10.615613902061153,0.9581292483385768,0.0122762220607944,68.46583480738721,7.205784480302375,685.4480859778557,491.8801141030967,0.0520836158806753,46.24364880007381,2603.292451797012,1.9427548603655105,4155.254178280177,0.000408215,0.000384061,5.834235824110485,4896.22400669799,0.947064,0.9075525816393252,0.199413675457003,0.9576735564599046,605.8628721916829,0.0247444424289583,1.93333,0.00977157,304.77182882618706,2083.896293024715,3.34623,4195967.727135586,0.00123903,0.021685558172229,660.5612814367455,0.4590336462111276,0.5891859959751561,849.9589974863616,0.0041952120152659,5.255027995205334,0.4431968945889078,28945.248431486936,0.9573650883599792,0.2425840066609621,34.82501395671091,56.4845433793268,50.93959715058127,45.202319671338266,44.56681091568407,35.13868536469695,545.25,11.32292578305882,0.6062276845227142,463.203,0.349407561259633,41001.34982644381,-5.639416897840041,86.7553651622959,11952105646.519691,2.2720033373619635,51.94025447146122,38.11076461450918,839.8959395588533,51.19555736064361,10.590547304864366,59.44381930847219,-375.5977025932504,1105.29854494513,19.78961383587735,1030.4084983373216,0.9330203608643786,34745477126.51503,0.2136496185160615,472.33657842813136,398.0777575836154,2842801.9529639026,-5345.4955837121015,0.664828,2.5840722839910963,0.7511585729858437,0.5042008567953291,1.3723706978437056,10.491396236314198,0.8014244453577604,0.6714631303522364,0.9962445975971856,0.9818469715964384,-0.0724219182682836,0.8696180880110055,0.3591424117040971,39.88892070690078,0.1342570095412945,3.0894071221632884,0.7606876460811559,0.3287636261724573,57.46699977111585,3.72150780402188,0.224451,3805.688540137061,0.2109963545150812,38.02133857326019,526.2731889783634,10.56129702362147,172.295,0.00100254,0.0122579399728047,4.66453644660431,2475.9005052428547,0.6027155170341634,0.6716250568116452,5.682720350516325,0.7457347335959484,17.3286,0.000389061,151.49209652061026,0.0424622658723591,11.122583055896602,840.7934325735671,214.609,702127746.3332913,335.19664434560855,0.0301589854760093,208.8773335419225,0.3000937075796558,0.7315682473628922,1145.8292477890152,0.0313169282632353,6.069494864370383,0.0778275184855668,458602.0951617397,0.50860675943927,0.5586723332872422,25.76574850236901,47.14391113442801,57.95742006631969,52.79346331140346,35.43451751754367,17.851137236262524,10606.50668044146,42.76535336114279,0.6470429915628729,458.685,0.3831738172977,14960.683918979988
ID-081,Center-3,M,0.0,0.0,1.0,0.0,1,71,101,1,8.101537000788534,10.709531328637276,8110.21,6.655317893084325,0.990602178646617,3.0261017605907266,26125.929519876023,15.5710573842357,2.89068,2.834904775701492,8.026117671214402,3.393360913323107,5.802534645220445,1.5168046546500904,5.288467690533931,13.138481959206302,1.11579142510682,2087.32,2121804.9246440586,0.090743387430367,15.879790958605623,1322.6157528977756,16351000.75532211,-1601.5347820934066,923.5799850449612,28.513567731257016,0.90510167843297,4.02067327033337,3.673574499707883,13.503860369503451,0.452802015062101,0.1279204856395798,0.9938328019250692,0.938475791289618,-0.3431241210760821,0.95300906207468,0.4568658676256529,33.34050607642301,0.018993269622122,11.452955100643395,0.947716563785408,0.0174098007710752,72.66611424243078,6.407914663694696,273.3060649270566,36.2218,0.0650694363287902,3.51945,1408.9702099495396,1.439127010775609,4795.049056820709,0.000408215,0.0096957009926546,6.164886829331423,36502.45698640932,0.8162568572488678,0.8636342524602063,0.309961752731531,0.979283,2242.733952251594,0.000379169,62.16780452361839,0.020523038326768,246.1541835091352,1192.237141011682,5779.213981327352,4374718.1739863325,564.6179704282476,0.035710291449699,2.18182,0.2965109773736644,0.4863106571659737,109.26341014132257,0.023720100506409,6.822455395329551,0.6183310603205083,11778.406097664423,0.9034299202853124,0.8236556616247696,13.976705836182033,35.822233210474074,39.00063142878509,37.36081922963195,47.6883027724422,67.29690825572563,545.25,34.01942554164481,0.7643779287870228,4253.275496405116,0.2682599659175456,7755.622306711741,51.3066,183.79682749081164,55050915885.17155,1.7147146794006238,25.667136095169127,148.05848896441168,875.4106007390326,53.95040000793179,54.0124954722875,37.89599738052176,-860.3340818476668,1076.471350722392,23.02301524162669,1037.5055927133455,-4.4941853549003525,23642799393.86657,0.465616097250539,67.1971,2030.931509767089,1567609.564526476,-18071.841059788298,244.67375289889333,17.05266032973288,0.7199103118013254,1.0960649533217246,0.9309450472177396,6.597924093208692,0.6578874458299644,0.7710819793944679,0.9963669625004424,0.9885014949167148,-0.2252389721910825,0.7130147475752038,0.3414641419319429,17.515080905616397,0.2514298069432383,3.7613869758333096,0.5981668365567009,0.3377747900757823,52.54867838764553,1.916348198059216,63.275818636761,2044.3600828827684,0.4331173668252815,39.38746611416818,106.14038940189351,13.497104924283525,9738.904533571986,0.0104715632534392,0.0078825428484394,3.692241567690156,106.226,0.5937264324884862,0.3317524032031229,3.425341120257716,0.6962544253592852,1132.5736909766315,0.0085876599226356,30.56545816785544,0.0807173251422525,130.6997716244888,1340.3038288373543,214.609,1039113154.7421322,1120.088917515726,0.0279503727113765,419.05605032167085,0.241801890567995,0.7596221668060011,298.7192865493606,0.0183095153824817,7.557934951739703,0.0713744620678105,893490.2266297516,0.8831191291675529,0.7032344851616252,18.53593607696998,58.81241391322085,35.55417133280821,85.94614411127596,62.5118307250596,38.57495432043126,4945.800950033561,17.943036036617016,0.854322,3064.2285947797754,0.2869879949236198,1148.1102629197512
ID-093,Center-3,M,1.0,1.0,0.0,0.0,1,76,86,1,6.224091925122044,11.161813409725966,6948872.947165393,5.534335563735743,8.333938486699562,2.717850457749302,27522.424385740243,17.77764505349437,2.89068,1.1754810070985795,8.112325719988299,3.012040126904832,27.12888869815992,2.472527017719988,10.071728003831035,7.038092376281983,0.1273736909865565,185819.64135179785,2294593.367647619,0.039955276570232,20.052406042243,2066.0192624193296,1981089.889838176,500.0089949721414,462.1469782439684,14.953491244561349,0.9204204213096404,3.41283892506258,2.051273446597184,22.5963135741351,0.4918127113863519,0.2598720522917748,0.9960675543060076,0.9626145872970264,-0.2515779098181825,0.95978132426763,0.2999466140558273,35.47328509441776,0.000347025,9.104827737329918,0.977199,0.0141561124294354,32.29042900681661,6.585638957546047,633.8790992399556,841.5711291092156,0.0503268019667077,246.72698198406064,810.8306654126301,1.7122337290290697,116.083,0.0317760779481089,0.0206683724459758,5.803819230462331,19340.40438073526,0.7697758856341708,0.8002228700248896,0.3932973488826974,0.979283,981.5566260957733,0.000379169,51.98213660301991,0.044585030601785,28.68605551573629,2942.8766927143965,10475.846175327872,1246351.0692681517,0.00123903,0.0431242597659444,2.18182,0.2241696936881234,0.5399890112619836,1724.19087017623,0.000418855,8.83279,0.4352255822385796,33671.29714556177,0.7022187437671337,0.5096535272794251,36.14251678472535,62.7025539442724,29.060982088861607,36.83401390146569,33.31396495669759,14.7986,545.25,27.3279979875458,0.7152529949292084,11816.46823264766,0.3047683878873166,6314.433367549298,51.3066,33.3375,6345555616.108051,1.6161775408473942,5.42996,85.52671946346007,504.9619432022934,19.534163251924056,52.17924288512852,40.42911679349192,-194.8397290469073,1134.5437920433055,20.885285856418733,1032.752867212872,-0.7967390023779445,20117398160.074448,0.3969486529490242,67.1971,585.4446711705705,671928.0883970172,-9816.482813570416,35.5726943367868,4.007027094185662,0.7360306546961315,1.1482326836848047,1.83645113248682,12.76008694515808,0.7098744282054781,0.7611270205440929,0.9973431739955796,0.9884347697182908,-0.348131148978421,0.5431105791027087,0.3250729987533457,5.1024,0.4470260402347361,4.06018821558075,0.6590542837899914,0.4767323296218834,47.00730094521632,2.147462366793309,83.94033972657819,3298.716388013769,0.1884470100982744,22.58513985946973,816.6472023953312,10.958341321742772,5926.018652694532,0.0925112188356623,0.0070035787362139,4.871561156583841,4759.071106247675,0.161937,0.84282,4.457244066815056,0.6523091225368222,1566.719118056668,0.0191191680297535,50.82600510703992,0.235401527120059,68.30832108209046,30.1957,345156.09870131826,63095.6,0.225683,0.0033285916560527,139.61205628588806,0.4192793550374729,0.5504188790038763,312.05469472265054,0.0096684356621531,6.534984254440203,0.00580198,723445.1086363507,0.6024456006710136,0.6283066489975742,18.047137502145585,11.4044,43.90821854869465,49.215626354736415,44.53680717553995,62.64325758109268,548.583,36.820886661170434,0.702385969832109,5950.369832021695,0.3060935297663598,562.0
ID-097,Center-3,F,0.0,1.0,1.0,0.0,1,55,76,1,4.166551312911803,12.306739367471682,1955926.38160144,5.565679595329101,4.111080460726852,2.797116829732988,39569.6379565004,14.838119946054078,7.592316142789775,3.47522224758883,9.671944059981518,2.945345809957876,8.315930110755918,1.8645231616456568,13.06804501407933,12.254356941328632,0.4063953684943052,2087.32,1904618.6697859128,0.0407574129988527,7.4999516217584,2755.3801079140994,10885488.750218509,18469.44566317723,1788.789036310578,19.271625836170507,0.9416398001873952,0.682288,3.684141301613784,5.680636664694271,0.3460825938752948,0.4186831103136667,0.9911552809021272,0.956522595151648,-0.2741117205646964,0.9775890163087518,0.3574471173373819,42.2000480065149,0.000347025,8.680586505244174,0.977199,0.00134553,38.17038030285685,5.356860124635346,390.8884140748317,565.1072974132629,0.0856868238239052,601.0587833138134,1428.7702584141882,1.524261079923576,4400.416882335763,0.0653886866307676,0.0152793714724231,6.338788298533999,20518.1557474165,0.8220790316119977,0.9009676155814038,0.4394830480326546,0.9077848781168356,1638.1421038601322,0.0027611752640167,243.15857317611352,0.00977157,316.7239619973723,1735.5975664717782,3.34623,3890672.8860566886,0.00123903,0.026206549419901,2047.9119451612944,0.3158074402228966,0.6853956687948677,1129.2342346977516,0.0493866507945135,8.13648917612701,0.3483284830462547,21840.22842124541,0.970114,0.7450955591226799,17.566306186790502,56.41736752456686,34.40879818399134,42.20829578888309,47.95831359955825,48.335425666310925,16046.99325893597,10.1665,0.7037899918345679,5059.326146975965,0.3746877547280611,558.0,51.3066,85.89281014853552,31151764846.476376,2.7588812139247425,7.769764491380092,112.68172635902064,250.40249357867896,25.341171366681944,68.4661613698357,56.39304575731882,-235.51328120018945,868.1066950787304,11.569391871233863,1091.9502740940925,-2.442323310030716,15444164085.6998,0.6347978436691725,5285.80884023923,1416.5374128082992,1275002.0290395275,648.5570149857854,0.664828,0.212363,0.5886076073298686,2.4360480787428083,1.7983564039349258,0.181279,0.7350291662264696,0.5864422592792409,0.9945950791942564,0.9929733394017018,-0.1213722942702847,0.707455099030641,0.3535671970154433,16.83289788574101,0.4622965167014956,3.195875927564868,0.6857732192608711,0.1866966051966573,45.70239905489952,2.76538247843697,20.24613746804125,6682.994650957686,0.1741332480049011,80.47966295972095,1692.246577913901,22.24098283091586,8499.879380762111,0.0888769795160443,0.0205842464641262,3.887470296648738,3168.106731105098,0.3638186842606761,0.84282,2.1236707923480607,0.5435270298065268,2038.9754065839068,0.0186685851956208,40.70798176325875,0.1069757607170141,114.7576793196389,1337.558005731374,657851.7037395826,63095.6,6857.726318405104,0.0484965322376191,510.7621849999618,0.320263939746538,0.5684567946166952,1332.6611609843587,0.0287291692816151,4.833148565607228,0.00580198,190.726,0.8397748133778068,0.4396196194452714,35.29657034228542,52.02794365316349,13.4164,82.42949197617523,30.308527403033736,54.06580334300627,31251.34006364709,22.50635128795542,0.7813778525612413,3818.5945541201727,0.3794723893358137,562.0
ID-1003,Center-3,M,1.0,1.0,0.0,0.0,1,56,104,0,4.6433919479970776,16.534859199501515,2881298.726067744,6.099536147770274,2.1087135765707945,3.2465458602677004,25376.542306281644,20.510069979567817,7.059182973373517,2.021995602754857,8.136507434797464,3.796611016594833,10.000819118289105,1.6541065476721435,10.985288409087437,11.042895566282228,0.1728404439070676,2087.32,3998673.811937351,0.0266682504445365,17.078395877272534,3064.6214460327046,1979933.7089003285,-6660.340059804997,11.2113,31.819853173079604,0.97466,2.106036302683164,3.8906358614135854,15.963617611551014,0.5045875435876996,0.479360255472104,0.9954047217343424,0.92822959992806,-0.293691525468304,0.9724068818458386,0.3083366883102659,37.52401419397544,0.000347025,6.294345172849206,0.975544218496826,0.00134553,94.4499101735848,6.249652204443044,264.3750168304952,36.2218,0.0152047261550629,3.51945,38.346,1.09603,2728.685015665068,0.000408215,0.0146147902187784,5.606954616320305,32409.371438403472,0.6960176051908229,0.9504569099438688,0.1852448830200704,0.9406935289432444,26.058,0.0069330837090946,225.6478364545136,0.0377834609753102,339.08229196990135,2630.391608825997,3.34623,1472818.4662533386,0.00123903,0.000476227,2839.34742050649,0.2604317446750707,0.5267689674776741,2.66496,0.0044157582686937,5.611904119524353,0.0926300419565215,24386.54638406348,0.7431491080360554,0.4208563370563666,20.7122231519189,42.28566772302283,48.45905323428646,52.935286314210096,45.91364544805056,49.191570526074266,40965.42470921465,26.4798894907099,0.7905230747834144,8972.129928717846,0.5868421786980544,32208.39463800295,26.72997801978687,92.62386996327616,21417358116.169167,2.843019711023617,27.651565431815623,49.7895377361873,489.0731497843686,57.946846222001824,14.420024518122052,49.94769231248452,-439.33249071741454,652.2148725146436,16.082090259711446,1051.9105163043575,-1.4032964289637908,8138939515.596802,0.3931408285929007,5755.911549031793,1097.034997500866,2092823.852887555,-4149.947324372632,0.664828,1.85813155993835,0.5951564898983874,0.9604237469930708,1.682003125472975,15.807636079207242,0.7479224338368962,0.8876202607658987,0.9932390728064174,0.9930402872577476,-0.3116792847132049,0.7289286382245423,0.209039982466351,48.382756197795445,0.2314304610667616,4.746095776933248,0.7002977253839794,0.2420997263854212,74.88175203340701,2.29375423116976,57.72587012783497,6857.157581281034,0.2103351670489173,19.69782132546161,971.216539575768,2.536131823486673,2185.8744603882787,0.0039346201068082,0.0331954584849967,4.183694792915317,106.226,0.161937,0.4164660784740286,8.636320519061575,0.6127157571285533,17.3286,0.008340442542683,3.90476,0.0165365128871673,3.11374,1409.8800559295312,214.609,504060835.3811204,7483.395701113917,0.0778799277668657,5.90323,0.3097036503513454,0.5375405922751407,6.83919,0.000562722,6.089579574909383,0.0253019486347435,41535.245191891154,0.8377298954673266,0.6813376401850763,12.38271052337663,42.32676338668209,50.35503571532988,56.76711921603682,23.078686167553904,56.65687890542432,54077.96586999572,39.07967058648178,0.771548255252754,2019.4777530960057,0.2750159472855858,21519.752396620148
ID-1016,Center-3,M,1.0,0.0,1.0,0.0,1,41,39,0,6.657535997875196,7.797372063899537,1986066.4261338664,6.0771998348002905,2.3220321073477304,2.6766731327789213,1770.1982201992614,3.8637,5.412308234554899,2.3235130664390136,9.482723922400528,3.4431965426348343,12.046732146301329,1.8488406561841588,11.778070397551277,19.33710912179308,0.7037782877035419,2087.32,453113.33400479145,0.00914519,2.140678021472924,2165.5944544521235,7520187.827005834,29520.39454001968,2587.612995572136,16.337010838394384,0.9248097959401296,1.162528506219405,3.2095545583321963,9.974667053862952,0.2699677457674348,0.3445071791396162,0.9941509527258112,0.947918128572602,-0.2985693468401156,0.9674183071493078,0.3024925411527318,43.75827079017815,0.0110347965096265,5.974257889715461,0.925748939046784,0.0183019589989077,12.838,7.597846377483397,160.96512516647113,616.6679269368692,0.0452566508080714,353.5747568302014,3394.7209842653588,1.4728714133896583,2450.927907058064,0.0350253099909992,0.000384061,5.979185921649245,29455.165713017053,0.6523823688083454,0.9656861225800478,0.0353675,0.9715520898397796,2949.513376696785,0.008274779832655,57.54083268278825,0.00977157,770.785,706.7396450179542,45448.3159769995,4142355.939077541,211.6791279146218,0.0228220666091837,2621.019770888324,0.180656867740493,0.4890939333359364,1015.8533825904648,0.0159535018536093,7.300209660118337,0.3397443534458995,1.09326,0.7197882174822353,0.6817298418535965,26.43673051960028,55.41913814845064,55.42906838163864,41.192254485246046,39.21977745418364,15.617401847014476,545.25,36.277082675148655,0.7479633028337389,603.4396776191769,0.5267908295380391,39792.14483273255,-26.99302378558511,104.53461307472018,526132000.0,1.4726929572242466,38.74421791186545,55.24739932647049,708.0015750580982,77.16602169438079,45.43947020381543,36.373163792529525,-138.38767200557805,1397.0152162137713,19.34042920936269,1025.5087347954131,1.2624456829198714,19613303456.852352,0.3989931510231222,3880.209528900786,815.790809583865,1897351.986185538,16854.859246837616,23.241103133631512,8.053860461129231,0.5738985304307755,0.5044558129440799,2.4165617659636864,10.60326848383714,0.561400184448291,0.8011658295347062,0.999872,0.9685488584153348,-0.2857570906653212,0.8709050817485838,0.2770532087003752,37.76279022739487,0.1788856028567951,3.977736202231571,0.6827187837227355,0.5264372244190039,45.87318724904964,2.808985563421316,23.971734902409807,742.2113356175067,0.3357480382191167,53.66152104414391,1518.939790087155,9.767948780986776,5000.89677086576,0.0268707154781521,0.0119940234542621,3.981350986921699,106.226,0.5043614540413451,0.5194725384724721,7.130395896977537,0.6919758697677406,1482.520087284258,0.0102101551975627,3.90476,0.0803504899297438,12.669991052883,465.0518093800199,268991.0535095786,99216862.2923304,1958.174041571292,0.0176105424571622,801.3496279110268,0.4922635632165157,0.6208262141177869,1435.3780340699057,0.0250393634723646,4.931093424796734,0.0476335947828424,190.726,0.4938809806752076,0.2884921454903564,28.677281790271312,41.00768177316912,60.13459192634017,50.1945721210028,31.128811207959,17.87304743859633,27293.88433337939,24.79482101599017,0.7139492050112636,5304.281334778941,0.2805086723021915,17483.060476898158
ID-1020,Center-3,M,1.0,1.0,1.0,0.0,0,59,55,0,9.231679171049231,8.830310800505744,4567800.755340957,5.583915151653137,0.476152,2.4343881264136256,558.0,11.504043290700928,4.1526435053004285,2.390688772515306,11.372443502829563,4.2003162340432,18.97822803474756,1.479741960838599,9.550020903119844,14.436904847585929,-0.7549348020358988,6597.624056757166,4879325.094231688,0.0315978440144378,8.9805967408075,1323.796284540197,6270380.067281981,-840.530161366104,2338.724450262333,32.757248641735686,0.9326841523048148,0.682288,2.84472533713014,0.393348,0.2982603924455317,0.3621253648378813,0.9918388842522295,0.9432371344102316,-0.3644494115769059,0.9538292635318968,0.2524906624381455,21.243012980778165,0.0060871445957007,5.993533462124239,0.9253160628927144,0.0043420072524554,49.22372527180891,6.1508435279302525,277.2363841823211,39.81173207033642,0.0439448420356255,37.61071507720345,750.3746803554824,1.1383529187927897,4776.389920090585,0.0531164532833337,0.0205770808267788,5.9981574187876845,20304.84972279968,0.7055820205232266,0.7792442829449672,0.3597513454884846,0.979283,2911.089224028306,0.0057471958490382,48.618841662223375,0.0349795104834043,152.9485600120011,816.8363045012227,49377.423042129,6986495.928605408,0.00123903,0.0432378503196742,3002.201096169963,0.2883208857830419,0.5609098777197316,603.4888238994022,0.0054088215644957,6.557773361367501,0.193500157913299,1272.049272169439,0.8753902091172812,0.4054396379585638,15.362018311868288,29.63397236207043,22.452346714940347,49.67361422880224,62.03107109023279,61.73512417945436,7147.605534032352,52.82000256646177,0.6954357126483363,6346.002966777319,0.4022444308079708,31971.29813635733,-23.39592752186432,142.94567188747266,13307487910.709808,2.9234003855472026,28.227870579196008,108.97350117556776,147.91570345935622,61.67278115124856,10.345247492740585,42.52804954944903,-32.3284,1114.439947570041,2.31624,1047.2965296438042,-4.295492481973871,526132000.0,0.2854447623507871,8765.395369162541,2313.7260516798506,1948202.018376181,9432.163715741866,65.02835026571613,2.358436447392031,0.5603102837332047,1.2300180350062857,1.6042362989973284,0.181279,0.6402761260707239,0.6483282887874487,0.9997786931608712,0.961379334518882,-0.104370310745052,0.6578754209747105,0.3922254135564527,28.579872345957057,0.2289181057771689,4.430576977946637,0.920413,0.5178787562569058,103.18914117280086,2.090109760842908,19.70357054445195,3038.4180633564724,0.3005544452774839,22.18730990510233,1437.0111275876025,8.564403177182548,11798.6676241217,0.2462201087558013,0.002624360158711,4.657782167794399,24291.463019031973,0.5345093016752558,0.5569650776288968,4.0454392066112685,0.6198870397477351,1991.3274567914664,0.0015934642201745,46.779544484125736,0.0152311,156.30991254021606,1554.070425773094,451640.4162318181,63095.6,2422.9307366994035,0.0119285018342176,127.25265926881666,0.3055009036577748,0.607266301236253,1354.965884897974,0.00774449563935,4.938636222954044,0.1163670673051413,190.726,0.9375455452081476,0.7492716252741295,21.097312666684687,40.99149340897814,56.948703684480805,71.0555763834931,41.82079575286672,33.32385243869309,22339.333053644423,20.71973778932309,0.7029682071816626,7235.377583180428,0.5335413501883539,16494.829303437342
ID-1021,Center-3,M,1.0,1.0,1.0,0.0,1,56,109,0,6.074384397815233,10.098375286962955,784723.4964970408,4.200526711974603,5.106006562511237,2.7731113724550647,35678.82750023615,11.01346866232806,9.109473698517371,1.889433966066185,13.87644210959833,4.597872217458194,14.251934355084195,0.3596162423859814,5.267783099786042,8.840084622654345,-0.3156021727646985,424354.0889219717,1540721.390671783,0.0398107256278514,30.915615096024908,3916.69959206298,10188290.123426322,30767.79566611479,733.0669095209313,26.64745338132468,0.8845819586421753,7.207910823432716,2.3713606103212923,0.393348,0.2468441187682845,0.292543180271306,0.9919258695091993,0.9383194731394352,-0.2942317088853549,0.9832047620597762,0.1304753869655561,16.20243488783262,0.0227424050769877,7.058082689818238,0.9365445462163092,0.0215806673660936,105.2199427154379,6.433637446242089,477.488582917428,36.2218,0.0554076981593034,761.747489351169,1130.8212998124525,1.9557461324611536,116.083,0.022522766568617,0.0173942215283115,6.551357263463278,277.587,0.9276512773606124,0.9136886525476664,0.0561323454799569,0.9404487169058516,1692.4080455873434,0.0178027431096155,284.15722253925867,0.0488682457497007,546.893379309263,1337.639674387084,3.34623,6485.56,17.54472089725482,0.026502156203391,5258.576932047912,0.4936326284049628,0.6141096135246168,534.9240609878515,0.0083739413183323,6.4214968834960455,0.5081094880349644,1.09326,0.697809703644943,0.7476079152246482,15.938028017324896,56.33438126309284,83.0241,38.835967390771216,47.775787378893625,33.072262991545706,4167.389334606972,34.3716828376228,0.7850888745701159,1504.3189719673692,0.3521647777809309,29061.903430817416,-38.84969096023115,125.6995447574214,12373597926.50079,2.929490222880172,37.30576211731195,41.06962606689927,338.7318497548104,54.24800458201503,30.30886356177316,60.197339164677885,-32.3284,1368.702661235552,29.20932391980875,1052.6270102930682,-7.649915337336768,2999258546.567135,0.2007845415859833,18285.21355613688,26.3153,2318909.0279436093,-7061.8242126382975,0.664828,0.212363,0.898971,0.3468967906400814,1.8148142440775084,12.942038537013168,0.8430371657200046,0.7530166665216956,0.9979576839376416,0.9836057758508944,-0.2378167250153571,0.6233192401013875,0.2880408533351439,25.06391080895673,0.1402352127637454,6.620017833566318,0.7313256725456364,0.3574122885572048,89.15904206899457,2.0158779413335126,39.0328656769781,835.8067571751536,0.0769726,0.610339,449.1221733281037,1.74669,4457.702929964835,0.1259393497474583,0.0020033871720958,4.60333430141433,106.226,0.458721168065817,0.6745072382809376,7.563529959736786,0.816704393910416,956.3728504870688,0.000389061,98.33721487973014,0.0998746891888859,3.11374,1163.3542023258462,214.609,63095.6,6316.076356723506,0.00104556,503.2764822686005,0.3248292817747227,0.6766102008154969,6.83919,0.000562722,6.721212236396205,0.0425747352904943,1266260.247214755,0.6809616877922029,0.460655097331813,26.12710156346548,35.34495265539029,74.6938804871892,38.8185588769049,18.58537647586277,54.996014100330726,13069.915146390576,21.502076019831016,0.4920571434793968,4924.086722117144,0.1719569783230258,26489.085034977048
ID-1030,Center-3,M,1.0,1.0,1.0,0.0,1,76,77,0,6.926849375343313,16.070454637524964,8110.21,6.457057446855894,1.755754359544554,2.3161132620431526,5717.719328679992,14.82347413162981,11.778563995797304,3.190551490087905,4.41704247088176,4.439225306048007,12.941762110058416,1.5139236211869207,6.387165025499757,8.212928198163263,-0.1175660913754077,382004.6037898732,8110.21,0.0254095327243185,2.1925683623347423,105.50588560611106,10424227.102270652,14793.48415184026,1875.471201607725,46.16847261665804,0.9641363045406662,3.873027803121027,4.191352801152209,8.301553858355541,0.436788590071246,0.097145,0.9942197506775108,0.970106,-0.3126468798937614,0.993989,0.4687378870686919,35.00301940507889,0.0125832270182297,7.438070711250965,0.977199,0.0151701976452725,91.88419517075492,7.042320812547806,112.43848280164178,137.65688482987076,0.0681243372910156,294.81871448227866,2450.9789089949227,2.319565739533338,2562.826184045776,0.0088918525797776,0.0178298269457996,6.61341431753405,25933.58522119329,0.9214289109227604,0.9087011293555344,0.5059485946620752,0.979283,647.0147279324074,0.000379169,1.93333,0.1031646853038447,6.42722,1846.493788221189,986.3606558210828,10641233.316798875,349.0609394924465,0.0321110541750065,755.3078144036604,0.3972863623544161,0.531428421653757,659.7167240589384,0.0076241876987902,7.73922053046914,0.2851604877382056,20790.40890435183,0.7410321680158031,0.560185727959966,5.50212,53.12740816492328,38.1976165287945,51.265648717465865,43.234029709159145,31.694558472633176,17784.64370034295,15.34149890910431,0.6764829487796593,5058.749568027171,0.3849929505994402,558.0,-0.4236169183123959,143.00953054578756,526132000.0,1.4536400470199946,31.168112673183025,82.16731703513247,182.73819345795243,33.5738891119669,49.86518623498263,54.97139949972778,-327.3588005324806,634.4680650387266,19.2315218123067,1058.8338049998772,-5.106952899144788,526132000.0,0.2475263931129399,67.1971,1075.8746522703816,1278620.402120055,-4954.583350801049,13.875957651747107,9.160196875764807,0.4967639725274976,1.3815247852778936,2.003198675674391,22.37390483127929,0.8246090241289816,0.916126,0.999872,0.974041298053262,-0.2113008047978028,0.5484853916140828,0.3932514414277623,41.99705084022773,0.1512834439608189,4.255969551471185,0.8017700566336309,0.3821849447506654,36.66862545501931,2.4104092799246244,44.05080489128394,1089.320877387222,0.2437848302464477,70.3080898520126,1891.2037920988816,5.77151253706692,3903.5850907187096,0.00100254,0.0038638406118074,4.143385639521578,9596.78863918978,0.5742349093161041,0.7332584371589934,9.250938610265488,0.6243697096294651,664.9103692921017,0.007161072714147,64.70357035220556,0.0607194802978135,3.11374,888.6893590004822,1210473.2074802138,799081042.0470631,1169.224439113343,0.0317193722581291,5.90323,0.3361471258529114,0.3633174591184135,138.1367933384617,0.0219652593075434,5.741645033174889,0.0803900341523217,605414.7064439692,0.8389359350468167,0.639330196100431,22.515256001555265,55.95263111735282,32.70414977188983,39.07659063447248,32.57876523632053,69.81170634255587,548.583,9.92882,0.7289973249094069,722.4152910893993,0.2768381814277784,18548.43194923785
ID-105,Center-3,M,1.0,0.0,0.0,1.0,1,64,117,1,7.3784949377383295,14.330873551947,8110.21,4.596506225642552,5.5280943825054205,2.496305054282582,74728.7460571657,23.753478525434936,10.14412192986509,1.5990216432536324,6.521293964043981,1.3013502784104891,20.40555895092043,4.05268,14.727321803113982,11.80907043742508,0.5476629885961813,2087.32,2680486.98793561,0.0659634219839674,1.7729049815643978,4679.489089254616,8051044.49077408,13872.648945415203,1226.7156893012957,6.742489010791676,0.935018899108909,3.382072551938649,2.9998626953851835,20.44107342443154,0.4599447653697269,0.4442197296144709,0.9885167587105614,0.944116890181926,-0.3026817688032816,0.9802018791342262,0.3300508124113149,6.41898,0.0074441400150287,10.774313969938406,0.9295264106804472,0.0365848233771138,60.19526948817799,7.287517271544007,62.29227296199545,428.9483896579193,0.0317603643079158,408.04466881261817,4103.642012336558,1.5759789291581303,4389.895115817471,0.000408215,0.0290246259434249,7.10604,28305.785689182816,0.8864140040340465,0.8422739468585261,0.2376572221251771,0.9454206596444852,1600.691418058587,0.000379169,222.66970080678988,0.00977157,405.6350455193553,1232.8069576950072,17392.334797774063,6485.56,89.28347113745559,0.0225491861383893,264.73726846218347,0.2083720375019677,0.6742742037504929,2.66496,0.0341997728481801,8.83279,0.4230250646156595,1.09326,0.6716097304437693,0.6605782702321129,24.97004956769001,60.38808699414309,39.6739955825717,43.64070024565221,29.06107872029654,43.13731473699804,545.25,36.34644848300302,0.7088046076809177,1799.801247333622,0.6198798578170022,45704.24639374287,-4.14482440835239,198.5619402106701,29205748533.19916,2.299818444027537,38.665371255074746,108.41723748052526,66.3085,46.17976194725411,53.50916273260415,40.70603332151438,-624.4573648462458,1391.422614799455,2.31624,1055.346396415991,-5.245578697643921,526132000.0,0.5176736898874618,154.9262808192916,1031.2897990457254,44056.89373466117,14896.952906299795,37.84221273693044,10.405601661143375,0.5913211649787397,0.3991619656169272,0.69169,19.77566996113496,0.8611309600032822,0.8113810017822032,0.999872,0.9834316590683926,-0.1865985630104445,0.6371725330683915,0.3555751838347651,11.512454173832984,0.0852174587824506,2.007054598020684,0.8859728554353697,0.5808725888733703,10.2048,2.862636140546792,65.15260995956065,1308.857903531159,0.3616357413056443,76.35601411893789,769.962652765369,19.5011069440664,570.3336135978975,0.00100254,0.0010101180892826,4.4420133632827765,106.226,0.7077957597070039,0.5550378864582659,0.291681,0.7346642225782011,17.3286,0.0024562918191791,29.238540426744933,0.1454502041474076,109.39144401466687,1034.5627620618302,659830.5577236351,427707872.9811562,0.225683,0.0507571698287218,443.4446782501252,0.1519076135942883,0.7139319975311044,6.83919,0.0410354573459508,5.2620326918901705,0.0935555994829471,190.726,0.6975889840838712,0.6473853709040316,23.28354744798208,58.10677821848521,13.4164,58.2247598918627,55.20952737514181,47.51613098168136,4200.4209815842405,39.8513504250101,0.5999852538947248,7481.75658796055,0.678281096201285,13678.527915918616
ID-1055,Center-3,M,1.0,1.0,1.0,0.0,1,44,66,0,1.89383,11.607035251979852,520772.3005090109,5.525616933296203,2.0792456518118274,2.7459547467082905,14022.634442717565,19.92242704767731,2.89068,1.4831721170195824,10.283975662679945,2.080132251373219,8.385462883946534,1.4799361914597495,11.461314849745715,11.14777293296151,0.0582230827493024,234909.92864692464,4087070.8807139127,0.0185967379597504,19.791550622398525,2972.854562695262,312.508,16542.18794927016,611.5488361732107,43.86435935812465,0.9443689960794572,6.764624581863522,3.41646054072245,0.7161741821055632,0.360167578085059,0.3987210959011544,0.995790465452085,0.9433764396731464,-0.2882604247825861,0.95185862411612,0.2009960957827156,17.003965959208184,0.000347025,11.045538348828105,0.977199,0.007157140721933,45.03385755130875,6.477028406107935,66.29261477650925,605.0902029173778,0.0604743642478391,327.5834460188174,511.2014878868664,1.09603,116.083,0.000408215,0.0162877725326041,7.10604,277.587,0.947064,0.971112,0.1191649082629871,0.979283,302.95797552186605,0.0102570166906959,1.93333,0.0165344505728065,67.11343681649612,994.0024426800549,29897.19279994308,1008466.2675021108,0.00123903,0.0015360808511615,1900.6885556676164,0.4077959056319024,0.4644772771967659,963.6359962352044,0.0278753535391388,8.83279,0.00671548,1.09326,0.753360821206445,0.77374729186098,6.655661382965661,49.791310918971966,19.6488474347242,54.373540556669546,51.97710298228584,37.21774438906776,14430.61308759455,22.39509824103612,0.7647517022763627,8113.723713314684,0.3135591934019319,558.0,51.3066,44.89736938905513,3920560832.982224,3.021947938078771,5.42996,98.92487476782064,668.7911830596861,15.74471802444479,33.6417796067013,46.95311032078087,-590.9353561503417,737.0150214101401,2.31624,1019.9681522597598,-3.0409806284796206,526132000.0,0.2805931579083467,67.1971,1669.5635006387608,5.8552,-5778.69342758661,0.664828,25.658959267488925,0.7552809983045881,0.174711,1.1654638482367894,6.271982213395019,0.7358122423386277,0.6141524684514016,0.9975675426545756,0.9598232423960492,-0.3544361357871831,0.6799116665241053,0.3673552811757914,43.1645160538578,0.2133912216780836,2.9601822669777125,0.7225927696481205,0.3654385809654382,40.36212010718883,4.4484246564363445,0.224451,1483.60452826772,0.2699134001152915,18.901095703193786,3204.87,14.743253635151914,7518.1460860094685,0.0728794381840526,0.0113736327635696,4.857940973687268,8401.922025631771,0.4889718323752891,0.351399020262127,3.905030493570077,0.882034,17.3286,0.000389061,42.85593719781544,0.1193090129070812,66.86621102826288,545.8664037453912,214.609,375821076.4462337,77.64835083583398,0.0539118867130832,296.21142393165417,0.3728685251418364,0.5210774523639342,49.92552862859792,0.0180278936171582,5.120827023671964,0.0739867862511454,827919.7656831901,0.8783777622370074,0.5414730485118531,33.16338937213838,28.847660108886373,37.43876085481162,39.10352155875752,35.44769279145982,62.22725730223514,15128.182565009352,22.709469823433142,0.6979796375314221,1606.801289026015,0.435951273031808,59664.32600321361
ID-1071,Center-3,M,0.0,1.0,0.0,0.0,1,71,76,0,7.369174341156333,15.814586080876056,3148105.8942732094,3.6458561963925074,7.286386535601819,1.7992033163616976,10734.219813015085,13.77568144466415,2.89068,0.7259878658590728,7.359135427397375,4.458390589751804,18.62238591303264,0.2654477749564551,12.47543794799032,17.458175448301347,0.6970741823141124,269405.5110002278,5102898.0914982725,0.00914519,17.05722812186074,2320.9441506512167,5654858.052095537,-9332.918503109086,1766.8239248529746,54.11480488974565,0.9618929885611212,2.678605503763891,2.202288631156264,23.9210159689897,0.180761,0.3448379648322185,0.9958214919310155,0.9283143472313724,-0.3216443927683605,0.993989,0.2338743573619406,8.527238193527063,0.000347025,10.239244231214096,0.977199,0.0093993683777985,47.42381946268018,6.589082368773908,206.3738082715504,779.2320864286257,0.0538119979459874,201.78407250226243,3447.133206802087,1.176884241005893,2790.139822102637,0.0105294829865022,0.0186231319732562,6.802465352579223,34586.759362768775,0.8135089735509036,0.971112,0.1610787525436708,0.979283,26.058,0.0208326832809886,61.29511181662484,0.064997332145955,88.8485663430476,2318.3649970133765,3.34623,7301319.56107428,269.64066619851536,0.000476227,2106.093194265687,0.3717828433285701,0.588904216023787,1827.9666294417336,0.0091116365805315,6.970438502975431,0.5455499695549574,13642.956897413947,0.7607858325195473,0.4366311655699366,29.414239988301595,76.50713334221965,39.316943606394005,46.53081176470921,44.66501827523469,62.742487056677575,545.25,11.24342239462247,0.8165647769007847,3914.252772973808,0.4081072485964471,25063.461595463847,23.288923920582324,111.21301543889972,62771339720.70335,2.1009895192526247,33.06060486185214,3.83943,66.3085,87.4562090910638,9.968114237718009,30.790016178557835,-32.3284,1149.003709618561,11.194331566882306,1021.0675981469008,-0.7666616459035512,13223563088.07211,0.4092539880151153,7492.985607469399,439.99133701872574,513897.78937610897,-2881.483386662118,0.664828,22.54976659796608,0.54455178697021,0.174711,1.07644793931559,0.181279,0.5563258717329835,0.6966664832231627,0.999872,0.9662477171263052,-0.1134858623575654,0.7897102806437011,0.3967448733062674,5.1024,0.1069617473169751,4.980076392022249,0.7257497661849803,0.2969669789042234,42.93972568382763,2.9133355424979204,0.224451,8369.169650454563,0.1379109445078669,9.536166464594114,1116.0788825097957,15.488075149622532,10345.089838824497,0.0936796994959337,0.000499152,4.3556757209070405,11714.752351313373,0.2856419076008452,0.5366395048159713,8.246051541444883,0.6578336601607201,769.8743283149943,0.0089740505383686,82.14421983224523,0.1009070983444861,29.51916007371208,110.11711238391165,334457.32613679464,466407092.09839714,121.99489231586494,0.0665443672321629,177.79852913145345,0.2740264872740829,0.5620916149809875,6.83919,0.0113101110706833,6.191353478181186,0.0335301210796831,1184339.5641060304,0.9059677216498234,0.3774168242352725,12.16498478834233,39.32963810357021,35.7937448360139,59.58360887130908,17.942409722318153,42.03503598883795,65962.15094333568,30.49990453275512,0.6824954633826513,1050.5637395850197,0.3302840552222567,16487.3474487949
ID-1087,Center-3,M,1.0,1.0,1.0,0.0,1,53,76,0,5.401154317360242,11.370430571259355,5410270.019887947,6.449849683056019,3.3315060778091694,2.0250891415789347,39419.4541202808,22.1655255131201,14.168170042152305,5.20426,8.669551523816427,1.4169622855119284,9.151393554443937,1.8954129439036904,13.29797425978682,9.371847713367416,0.3460465118057616,58419.87097147503,8110.21,0.0404697196156217,5.678264391056618,43.7843,4421994.797816468,2864.344179734836,445.0237095111619,5.345712460673855,0.8952920105424805,4.133964277638422,3.714691063314728,14.210749187936454,0.3866355436427848,0.3396653919502421,0.9963550192068744,0.969021255484372,-0.3873749468531069,0.9584914073374678,0.546289,32.94553464511699,0.0100098123245777,9.232437763325343,0.977199,0.0246453567275321,70.86957022915769,6.327911360668363,577.4107388363276,164.98880577898194,0.0914546415487335,290.8668560165348,2782.773095335892,1.34372432670368,2210.902872845227,0.0266405970733502,0.000384061,5.918872838661542,21483.6950259016,0.92156450518758,0.9163744193952064,0.0353675,0.8855851232213227,1248.0895842008215,0.0076678587383663,146.12252702187527,0.0550912980892883,181.13213531965724,1469.3396713763132,3.34623,9657126.780281076,175.97353200558064,0.0520236371017662,563.6431048410093,0.3896627794826197,0.5804341888466051,677.2651629292618,0.000418855,7.377025134000473,0.1748144355926067,35216.853862287484,0.7668255687344561,0.848956100619125,28.925872779190417,58.746211569642654,56.26216396411314,13.6015,14.48796804686939,26.97708119087654,33500.394473204135,41.186337865872105,0.7894158283523265,1962.934953519992,0.13282,558.0,37.353571294424185,136.04439418067497,54391791530.54392,1.2341058799744973,10.005507880556344,16.612768454744838,66.3085,38.22767385667125,4.12072,38.05094275861405,-620.8469028955012,723.1447305291917,9.295862841851491,1059.144472955059,-2.7610904518866515,526132000.0,0.3519447836529558,19158.176223196704,2834.56464043146,173250.29864027156,-9259.500851673049,28.751922805372573,20.182861523971987,0.4453728957930565,1.017590923752323,2.256822545446398,1.045532588552998,0.7291870074122067,0.8444603221637385,0.999872,0.977467602021884,-0.1432896489040257,0.6390312287179569,0.4572759998489585,25.90479385108853,0.3811256405206676,4.596395647768001,0.7104366183092029,0.1262731396639516,40.553481042135175,4.016009738009821,63.42621887989132,49.2996,0.2832138398054201,0.610339,246.73158917192268,7.0497017434541664,2632.3920596002536,0.00100254,0.000499152,4.369972286516021,14129.77819725682,0.6179038241685363,0.2890449975593867,3.163938388830643,0.760978615970255,1554.8389063618467,0.0058067527593236,15.368547675082878,0.1112366048831239,84.63260541738066,2511.3745920112924,698057.0580943655,63095.6,4632.430445112275,0.0154071828687664,719.9926289502503,0.2563572203156966,0.4724428807059027,978.2117434136228,0.01752596027469,5.672891361996596,0.0123201452420325,412134.8812302748,0.8060585642921732,0.3107507238859359,36.23554294470206,56.80180429814366,55.0879006642115,56.625646510010775,52.62821744158805,60.54262741263622,54828.806942922885,24.8420571371758,0.7540776031431576,12104.701046809463,0.4474106488297696,7801.854675858951
ID-1088,Center-3,M,1.0,1.0,1.0,0.0,1,56,64,0,5.464187900806642,11.08010435796868,4361994.803429068,6.662691342317713,6.83433034349988,1.79041,52806.05556829806,19.635783165391903,11.911235137570223,1.863388237898388,7.0062104254793525,2.9177798284412955,15.950969696672187,4.05268,3.806901551106744,16.777584597004548,-0.2130126666261398,232668.66045996352,4499761.6783246845,0.042646326131451,12.419200255397996,3440.6742444295087,896164.4863344908,30719.641136018297,678.6399056166346,43.94461268313432,0.9280982880626432,3.149744968858032,3.3950908127231774,6.279147383379329,0.3726762453014512,0.3310824248929233,0.991556427323113,0.9440527602882244,-0.3448265295820347,0.961699158180251,0.3115558310603414,34.92421314835672,0.0158760196578891,7.527287101471672,0.9039526995428768,0.0183663539041012,63.294253649823766,6.257390578457146,6.973039255730278,744.3113056240761,0.0524229131370782,480.3995979578012,1976.957261950544,1.1746171881829472,514.2939948401129,0.036363262645948,0.0080828571841974,7.10604,277.587,0.8092224517440157,0.7870347663066924,0.1870121491745201,0.971479942523412,1792.2946873554574,0.0254600975809403,138.79838829163953,0.0440630242114671,9.61205983879659,1309.7572792303215,31404.99752282515,12035134.473951137,86.8893290979695,0.000476227,346.4684185399326,0.3311536545916981,0.5739443306274944,1043.0882882402718,0.000418855,8.320230801453143,0.3627883255346662,40357.47863573925,0.7621950023281205,0.5461438346111412,6.800330692047936,59.07301604016416,36.49870423306748,56.084798124644045,45.60838162884758,45.12146255289478,27446.97605319208,30.324369151740264,0.843337,3315.4271218312533,0.4520344476025781,19415.948789438942,43.65870554630838,33.3375,27884538633.19451,1.944739706551109,13.782194866091675,46.18881068049844,730.9877426465125,94.22490812328353,32.04524000918482,59.648135800269536,-510.33070165073,1546.3242928483428,16.20917160022048,1043.6945458552757,1.5099231509319195,7203684204.737736,0.4029569547704382,12308.1959208405,1327.2553357093589,5.8552,19492.645681458936,0.664828,0.212363,0.7051369226721254,2.6935626960629566,1.821801548510137,8.532216498814542,0.8163871237211899,0.7183146976551065,0.999872,0.973214017012963,-0.2868813132637092,0.8511369059462246,0.494728,29.24107211800914,0.1011854293378201,4.43270007683928,0.4912824370000745,0.1918047190506034,53.37174392937567,2.4964649165153854,0.224451,2577.095734307509,0.2518812521053982,56.92946560049795,1244.532478219954,8.43233734692164,9690.213922763262,0.00100254,0.0144077663679913,4.729817360164362,106.226,0.4513490512433086,0.227654,7.196984352589237,0.6924176578804302,2059.887114586136,0.000389061,91.4203334147084,0.1287273858886295,98.0087710203239,914.6641101287298,427784.849789909,136949271.3002961,4785.470070587031,0.0333830094482556,757.1374180524515,0.2622608486478611,0.6249786539239689,452.45072070024855,0.0273220465764406,6.517695955722237,0.0186361491731899,58867.53620787989,0.7842988446955952,0.631980008422205,20.70563962154426,48.90968527242806,66.74306394732777,22.432273091387533,49.17144496702937,30.70249377407472,46080.1985870487,34.96109442153461,0.8269810573476951,4751.377033558154,0.3452668977759336,562.0
ID-1099,Center-3,M,1.0,1.0,2.0,0.0,1,48,68,0,8.219519246501118,8.58796248315615,2241628.182336281,5.089529261740365,2.7431934536286726,2.0290783926655327,18034.69512845328,15.296173818430644,3.9722576844232935,0.295263,7.853103447158236,2.764146781742977,17.14268109967788,0.985914609690314,11.48545842111324,10.78531282549868,0.8604121336215075,223657.12166759852,531169.1281993457,0.025625238642847,11.233849786546728,717.9656412320314,2750304.2289956138,66599.0557742076,1147.564612312183,0.897676,0.8460033918505717,5.133800051834161,3.6101151963843217,33.1136197591918,0.4740025035052297,0.5051944244801116,0.9949783368696988,0.958114934638424,-0.2526119010408719,0.993563026799226,0.3246748293165132,21.91124105654208,0.0073921129754296,7.556930297807914,0.9096531041564986,0.0182126220829018,19.17298341295799,7.779448370162897,406.0909830073866,419.96225431050175,0.0111448405793394,126.29080742909336,513.4279609818241,2.5985148359006014,2422.633738627043,0.000408215,0.0042044071418223,5.040380229571515,8358.1265191354,0.8524070938018036,0.8024471157574118,0.0769092878263469,0.9001963000215567,1086.3993457825245,0.0112885415535184,60.40261413598749,0.0353975449488258,291.7484874257833,2431.855141332056,16847.589864463836,6485.56,0.00123903,0.048595053459701,733.8256134139101,0.1663413985680422,0.28686637323253,526.0174473579116,0.000418855,7.941793111801586,0.2808397483111163,16641.33455968719,0.8338219554901163,0.5780892247769439,28.71734133486821,38.736934435698586,41.757603553025405,29.73354428565318,47.34112231889439,45.32559663345169,48014.37853433412,27.26704576916472,0.737031220357567,3649.349119847107,0.5124216675665527,32675.102952249017,51.3066,96.1939692081647,4841077568.96899,3.3243718494556167,34.96569891871114,117.1003351020462,266.317186613306,53.9482011366129,41.69209726704318,49.797468401286906,-1051.0274857530787,1298.9871773046875,8.90788459520585,1055.4595415046344,-0.4497898711075384,44959841084.7356,0.3634206180093436,16052.73613891512,2261.101587697284,5.8552,1511.4098267660831,0.664828,0.212363,0.6937223817041492,0.9057317322339644,2.023774871646557,0.181279,0.7760077767039497,0.916126,0.999798874984238,0.9877239940512286,-0.0921746806110991,0.636364758200967,0.494728,5.1024,0.0456609974789559,2.263164784547405,0.8759008070496859,0.3015616911717224,79.60073829775655,2.9912758336579075,0.224451,3829.9986985968,0.191637902669561,0.610339,1006.5669172829696,7.367971303156896,172.295,0.1934748433336715,0.0184720857740196,4.261833833509094,7665.568222558596,0.4530690359599194,0.4540560496713999,2.2424315358690743,0.6448215851137525,1782.1019409390312,0.000389061,3.90476,0.0152311,3.11374,1488.8323575654906,689138.2368184269,63095.6,1194.631888351118,0.0545883733467694,657.5473678208524,0.1355277198426927,0.5303561498439829,6.83919,0.011988252054917,4.459309401964219,0.09224230550375,35759.78512351116,0.7904433606838528,0.5170022490063848,10.601882844457617,50.40094049876348,31.481241827161867,27.56334106951613,57.94940606067892,60.81553250072372,68216.058807076,31.82284778088592,0.8456230652501354,5461.014796529652,0.3368367119239017,45436.87115436356
ID-1119,Center-3,M,1.0,1.0,2.0,0.0,1,34,37,0,2.2977607577753925,14.623827125001569,8110.21,6.049441746104319,3.033436857136284,2.451779502763116,40706.66374339649,10.35482263193932,8.485342241767862,3.940700993070348,6.34855408638346,3.728889248371179,5.137187427926409,2.847814099819035,10.465480109369226,13.812616664642132,1.51143,82033.74121948169,4359356.135684064,0.00914519,16.124549947892778,1150.1269149237369,1652690.4696833163,40015.14196492716,750.9541971340858,36.89572478243545,0.952542422971907,6.536071749595916,3.9032497220725264,11.096649061578868,0.2722258278130834,0.2243835137363885,0.998305,0.9633526636994042,-0.235993,0.9871805416441298,0.1454153991071105,32.36666575167117,0.0049549466533216,10.275099088992382,0.9025601669365038,0.0186994307090977,41.455731942389086,6.524725881439051,317.36758221707487,744.1385175890807,0.0504197454012296,283.1694675438531,1495.8527107096943,1.7318220457176925,1400.475231173283,0.0281635046683129,0.0144218807182314,7.095396571764946,14085.522855480436,0.8181994046730866,0.8447237885132663,0.0429075559128075,0.91791188755126,2514.430217917756,0.0164178418943513,82.80579157932014,0.0262256315511306,148.38196510760608,28.4667,15224.629318353882,7756993.773899018,0.00123903,0.0260734792141198,3689.984140477453,0.2760720360422088,0.5834564222743879,1293.6625868366527,0.0151625326965087,7.950597345327863,0.666228,38312.05643747531,0.8752567882308305,0.864829,9.585054800926994,44.4222380285312,54.47983690175547,62.05650769596958,33.14445298033293,39.34819767906668,34561.67251573176,13.18625831955519,0.527989964585568,9509.142622497831,0.3244981761195062,39412.65581806604,33.79174942113756,33.3375,12814017060.407484,2.309077144377345,5.42996,114.87785223161666,66.3085,16.60189984005101,60.96241248913432,52.185652180633554,-32.3284,921.1178489079174,16.233197418373273,1082.628535791918,-1.0664132926120593,22117891207.461014,0.6219008235671915,14553.04289790264,834.2596806402705,482311.2886195837,4923.968608834271,122.885020393734,17.145065684741688,0.5541920270014278,0.9397225143621264,1.2614448544300394,15.438673585780949,0.7634793301137708,0.7960042096212027,0.999872,0.984061087657395,-0.1795982737880547,0.6474525570981402,0.4023660827751608,14.383801674712355,0.2820401249604365,4.534623435469682,0.7048011520239921,0.4190818037591023,51.728323308091305,1.21574,0.224451,4377.578657106502,0.4080720767470805,0.610339,28.9544,12.55884208119453,2910.361212503287,0.0733967921741119,0.0061528792508671,4.9359448614819845,5208.695975802067,0.6089942635616029,0.7311775799508616,0.3616102090195559,0.5312719103319873,1026.8014676383943,0.0153130254721131,8.339792450921939,0.2548207018860873,183.7582614537004,2508.0296548137976,214.609,283932558.1658524,0.225683,0.0274528921051751,154.22403529835117,0.3074365596584996,0.5412321551517406,1271.218886502836,0.0026379947941837,6.296668002090039,0.0438394585384598,347408.4168356896,0.981698,0.5276783223643454,20.17030184282934,55.40344899651898,22.60755572102449,38.72140132536231,49.2699740312986,56.56362101048019,31812.537820526315,15.024454093633477,0.7729300068701102,5359.088173235736,0.4969714668570742,1410.492356464314
ID-113,Center-3,M,1.0,1.0,1.0,0.0,1,46,77,1,6.411336744158261,22.579900518621727,5713054.54557946,5.390512121609763,4.668125634713278,2.347963505603749,20893.67069961185,18.98459298110616,9.053266290865135,2.4459146187103267,9.826122891316452,1.02709,27.9916,2.535683926337665,10.562519347627497,19.695883359883435,0.4935381956997872,194769.1752816666,1670337.1136756465,0.0158147030820341,8.248451723778636,1251.3993312542343,312.508,-21248.77893974772,1109.7304967094146,67.65705184730669,0.9065888339879014,2.7925259724246474,2.915353830510868,9.183473361528169,0.5055288682688421,0.2699558318396776,0.9947290251831052,0.9367932969125696,-0.3471091264000422,0.991903985708291,0.2659877013616233,36.56916826376273,0.0089346259158251,10.179362434097476,0.977199,0.0621492266740921,76.2661732859701,6.6706439418736645,320.25894422870675,36.2218,0.0651766397515375,265.36557650677673,38.346,1.6618656245839656,1380.939740850409,0.017713455280377,0.0235187455515799,5.495995232472313,3105.224196615047,0.9294694304747936,0.8813074573578056,0.4943445436297756,0.866088998062236,2640.879159528933,0.0024544105968005,109.95777577286955,0.0142898596890647,246.1478971006568,28.4667,3.34623,7094341.893377758,310.0407770332249,0.080284692960751,4669.030018686435,0.126226369638812,0.3796199361361806,619.0096189322942,0.0109509446340409,8.83158032123442,0.0630467017924473,17288.573428861735,0.6175734620399077,0.864829,33.65867585023908,62.27153549238384,19.88712606872884,41.80485659494526,49.78963029306995,47.62102928124989,545.25,23.820167467779992,0.7700918114360354,463.203,0.4161110129389544,17985.304747718917,51.3066,67.93353517515285,526132000.0,3.724812054366263,12.228443724291273,3.83943,224.01260743777897,47.69708051607009,40.27918081901651,49.4782649337637,-345.02748647372925,394.0968347679551,4.09764886978712,1009.3244632507386,0.3860011699856508,8724458475.260859,0.1873332609843455,12754.680074618524,1242.4460220414123,5.8552,1754.2609121392993,0.664828,6.782829451290459,0.8803184107723656,1.3121885675310252,1.2369855966880696,1.147579720857109,0.626864557742594,0.7354613734376223,0.9958827948297444,0.985336161358634,-0.2779929170551485,0.9031559603485024,0.4672628182379451,24.063024950011734,0.0963562348147372,4.335439256719101,0.7770323957481752,0.3631420341986957,29.994868346255256,2.3840352674020715,41.65379872849847,5599.868550748784,0.0956322247267858,4.612032859259916,2590.1384412070547,1.74669,3143.098120412856,0.2775179956415674,0.0212830124538875,4.570486878790406,2948.3044486887675,0.20056559997244,0.5083500331597132,10.041619630871956,0.882034,928.0294877850906,0.0036279090019723,48.54680471147711,0.1561674094488136,194.90674080356337,360.11002723969955,145658.59028691883,1505104594.759895,238.118891431202,0.0358669184734041,442.5761803024103,0.257428035183851,0.5738661755561674,386.8201862928308,0.0216663043028686,5.445137854264831,0.0157852976238163,441425.36788703385,0.981698,0.4961608356859539,26.277188849888983,54.31242957262309,46.33415131872202,52.7897694433567,12.1655,53.78899493882295,64003.27450220829,26.87678078132464,0.5695377552756801,6808.390362178891,0.618140002387136,25921.442569510145
ID-1134,Center-3,M,1.0,1.0,1.0,0.0,1,63,105,0,6.8765300118086055,15.111319767353187,8110.21,6.086205094274006,6.433690065411529,3.3251424413321344,37156.24469298648,21.73880617507932,9.674841590801377,1.638354072246638,12.346673958237812,3.477330415858205,11.37925544358281,2.045417294678241,5.656541262188036,11.693645148372102,0.1694955378136151,2087.32,2059774.6172033653,0.00914519,19.22578523619385,589.8280147281127,11235326.762283595,-18361.48610973665,11.2113,30.552332272230128,0.9534280536848936,4.872247981838175,2.301667227710936,0.393348,0.5408530030130683,0.097145,0.9957783092653624,0.9500951275338484,-0.2428876519299954,0.993989,0.4571470095955381,45.223415020537054,0.0173254865765911,10.546433195400772,0.947987890255949,0.0220013772728145,82.29856904479283,7.78685,190.5242485465528,852.0829486819937,0.0519515333750816,593.6483029855252,658.6821051089738,1.8004609155086375,2105.8442309335787,0.0230091437958217,0.0085594137492998,5.462910496058611,277.587,0.947064,0.804290201162387,0.0353675,0.9537516708056506,2281.145957060949,0.007505788823129,226.50965566893632,0.0438898295571689,332.54482091355254,483.8522709454096,55067.70961977485,6485.56,434.976553752555,0.0116086621546793,2.18182,0.3663124287604214,0.6172019137543328,2.66496,0.0163335597957742,7.514479081116441,0.3727422326231894,1.09326,0.8866883627068809,0.8236370221855479,22.27000779337431,65.07290573700524,35.12110984898929,49.50720217765335,54.79919056890292,36.34509313285122,3718.575876741133,29.84950062732997,0.5548473987583178,5195.842530187981,0.3193756473184576,14596.605896548765,-18.30456365377912,33.3375,37758685297.71841,3.316996964549878,54.72107008142877,15.024791734247245,205.9650189280398,54.63535325297821,4.12072,54.346215305231134,-32.3284,395.6026239368418,9.779399067359307,1061.3034948746122,2.3731481767930136,36776026560.29324,0.3465396007828629,7259.592176205535,932.36278360086,1228127.7456604352,-505.0589263089755,122.3217522054738,22.55071682922368,0.58525496294053,0.426983523746574,1.4069897492892804,1.0252823107351627,0.7765414717828778,0.617798204571009,0.998435157045806,0.981783500089142,-0.1713274495824524,0.5847043262787183,0.3351471166320027,30.804048046160293,0.3105146708251795,4.851338441689248,0.7513120796596997,0.6924609237020606,71.59746773705685,4.295472026091574,19.179468110636083,3045.702484160784,0.2889569284815005,1.8116922527403616,1272.804583082639,11.043332410403623,517.726806627973,0.00100254,0.0081656296021635,5.00313320626012,8820.312605283649,0.743155,0.5258176669731395,7.297867155535332,0.5427218132906931,1681.425834466276,0.00923270353985,115.84059938953844,0.1240663132608797,112.09846920644202,1081.75457102246,564198.0573824368,63095.6,982.5406652016492,0.00104556,183.8297556462736,0.3431690597393428,0.6606275723842302,323.58635245570525,0.0124157599940753,5.404104978063633,0.1030890754543509,151966.6325795659,0.6124925547071519,0.7576359935987758,26.807804447600155,40.489605713735536,78.30250869272682,45.03502383001157,49.84681283559287,68.26198615946258,23445.259429223304,30.28885062010014,0.604665787325115,458.685,0.4924715882920038,562.0
ID-1150,Center-3,M,1.0,0.0,1.0,0.0,1,53,88,0,7.963104674146842,8.750390469640209,2503041.273038153,5.148565620400063,5.956508334378179,3.1897404992332703,16081.150229887024,12.800357422425131,7.120550756963437,2.988443912923868,4.257024268562901,2.023848294909261,15.320029547408616,1.9701012206600093,5.329954489527286,18.73072305762554,0.6614881873933586,2087.32,6084319.150120081,0.049947008528513,13.25463611945182,43.7843,14280409.96859842,34108.26141986277,601.8955830690951,43.6278002765416,0.9547808687279488,4.863465131413774,3.877555992528579,18.824331911750164,0.4019079042860001,0.5730138591815834,0.994590025273584,0.9537233930360054,-0.2430041842067397,0.99295254037074,0.101875,39.11276863504336,0.0141566926746744,8.978884799556244,0.941898303545538,0.0199346662137173,12.838,5.785077776615891,318.58844496712163,671.1582377316777,0.0597647636662561,404.6882868259992,611.0186856362859,1.4382600927250375,1615.2927693689094,0.000408215,0.0105673846571842,5.256485792558012,277.587,0.947064,0.9438168217463698,0.484086864056504,0.8987800668663292,3502.77317178575,0.007009263100519,197.7450123046305,0.0414486881446179,76.82708139890957,1835.959287056265,3.34623,6485.56,145.7337592345425,0.0112704955153716,2.18182,0.2965036151572228,0.5199169908506691,697.5591050814476,0.0157852452960039,8.670875234823821,0.3373729308183165,22981.48698776461,0.3640115881851987,0.472231133250475,33.28956820764279,25.83089060966145,49.89480239389623,55.76394984881424,26.919124691582567,56.822921091814734,31335.401571578303,31.45319449844288,0.6816977885477805,11769.95574732581,0.4272552645209163,16971.584668285945,46.70383485955867,33.3375,18793512191.25352,2.9858298915752126,10.062656478033984,38.73486101395956,223.2844824231832,30.63744713262753,38.033750961164095,39.166761887813614,-311.26403769830387,652.0645852214392,10.167459053211877,1049.4414915115308,-1.2093118769041409,27571322095.76014,0.4089531759260715,67.1971,854.3939495285812,1052922.0491658133,2413.869342737644,0.664828,2.070957261718144,0.7731899774612873,0.4591051778643784,1.708510364078097,0.181279,0.676331651590989,0.5273367697660599,0.997441335233728,0.9817491841961072,-0.1213840312652696,0.7264552597765188,0.494728,32.47531019563992,0.1712887000782598,3.491317153997602,0.920413,0.4660655492349376,97.72151916624952,2.188157230822521,77.5315563398152,49.2996,0.3551509630759143,0.610339,1860.6173997671967,15.72358676306387,4502.20651616822,0.00100254,0.0031812586850216,3.920292531814814,8057.902921135754,0.5651175054242285,0.5494364351014429,1.5175483192263175,0.6344291856337279,931.1113538649448,0.0154611971498517,45.99532021144557,0.0817861292584096,42.45014439736682,177.9427355085625,315748.07099197543,272159999.64254856,4524.713706221657,0.0050679692444953,5.90323,0.3373486907952997,0.3942122753416207,6.83919,0.0288968925807721,6.049812924385323,0.00580198,408410.7735700567,0.6461661675582878,0.4857331038594017,8.04647188313853,37.08500197938929,54.29647472607242,55.7380042495033,34.16998775311189,68.93456418139509,22814.87234800682,24.23158207412889,0.765574717191862,6385.812383691696,0.5361205861022827,36663.53336823458
ID-1154,Center-3,M,1.0,1.0,0.0,0.0,1,48,52,0,2.567919132245376,17.257682123046003,2036927.4214749644,4.130320323590744,4.694591651548013,2.7667723821923302,51179.495745206776,27.69887499768479,7.427063499796818,4.014018518889712,8.768933704282942,2.3532498553223906,11.199868601013796,0.7019961566188937,12.667880952452167,6.43519523797954,0.5278154244931933,342777.2161061941,910546.5171268188,0.0493519957943439,23.5385437786761,43.7843,9166625.843458915,-25111.503615730075,1559.2965717586048,72.87902303594672,0.907526881396685,6.227935154338049,3.7468631723412136,19.9334915353462,0.4103073029610713,0.2314551972613828,0.9945178972857304,0.9544382683601342,-0.3198370370154655,0.9918225362349684,0.4144905409751787,6.41898,0.0122536843034447,8.201155460001894,0.8614909223286679,0.0152436273386643,62.39174755973949,5.841925040555043,460.52458946756576,704.7761579708597,0.0220135327493878,417.4798524733782,2701.763434571669,1.2475836084750895,3565.7583133397416,0.000408215,0.000384061,5.189045844369994,24651.537667032462,0.864896357408286,0.7742997137779047,0.2952490696491181,0.9220013586091254,1854.4909994777324,0.0068904918399364,123.6110052841174,0.0583427325935143,284.87826601993737,1895.2450656596168,3.34623,3483008.459968594,221.8366530187544,0.0528365526039695,1473.2313452416638,0.3197556792727042,0.5044528994895079,1375.2479906993192,0.0142167615044449,7.871251252346421,0.00671548,1.09326,0.8403750182485296,0.7064019968141674,36.24812847132237,57.24136229700114,54.44535979334084,41.43458570110511,29.02598504010261,53.96941734517429,33186.79185901982,13.56160818123952,0.6904953319105547,463.203,0.5769213231377635,58058.72661736394,51.3066,160.36611001778002,7973338439.229609,1.9093142666252985,5.42996,5.144205360481159,66.3085,55.28890659039005,50.3652318627982,54.36028339184973,-536.4414130515579,1127.931672857707,23.60243111235669,1038.2834409211266,-7.325504205718609,36599131012.317696,0.4947971687171515,7776.534770968287,1037.0086638540029,1122514.5567651112,-1762.56982005194,67.19260030803215,0.212363,0.4795412632008285,2.218773479210726,2.0299349824481383,24.66113507112024,0.5920865874421988,0.7244312429970672,0.994359967292516,0.9731740537026188,-0.1730281286898504,0.7279852535679939,0.3356994289721318,5.1024,0.1225354389518408,5.641706522286922,0.7356475006591888,0.4719400004668305,52.8649983554594,1.3690423779640026,41.23575829128351,609.8185110642515,0.2677819547894149,0.610339,69.95556919107912,7.172313481286885,877.1875308786466,0.0110197087061988,0.0127890554486281,4.624153929054205,14090.855646917413,0.5404090538400371,0.6528699045189168,0.291681,0.6608442326854806,1626.0257444457086,0.0090125625084998,112.29017880844418,0.079726850045918,93.26228016436768,1152.7457834325032,370282.78602318274,835944170.4504793,3721.896294443742,0.0126533314454678,5.90323,0.214783299053891,0.6205147431755437,170.56095903454317,0.0194289526081075,5.608325416407124,0.0679084630181796,298801.25371558906,0.881441287834367,0.5549563027588781,26.41807573750179,36.96797146374652,45.664514872166976,33.6684830662815,32.74564547266755,43.77797683040685,6701.434730281376,35.95371140751331,0.679442016660395,719.3997833489459,0.6093495797266189,52742.04740536391
ID-1159,Center-3,M,1.0,1.0,1.0,0.0,1,62,52,0,4.864759194026461,18.069518112849,8110.21,6.8484,7.103993913133791,1.94621063705453,35248.136164209776,12.132500645476544,7.324077532376393,1.9288295800540536,2.71105,3.604440716503909,18.691640937964685,2.5494679394532787,5.682185122366374,13.401268905739316,0.0239536083124537,2087.32,1637900.9827379468,0.0436164899058239,0.134882,3057.1502880041253,12439582.435174158,36708.20535129122,1191.0871458000972,58.58799524660541,0.97466,3.775609206479474,1.9672866564914089,11.274285415396022,0.3352602583162307,0.1541158619314269,0.9959952386655724,0.9583002983675076,-0.235993,0.993989,0.3344275633947314,20.03539209068114,0.000347025,9.15466249078181,0.9660622956926518,0.0052560784258142,45.510176323009695,7.78685,365.0100704425764,36.2218,0.0418140404643702,369.1797222761372,167.93488857997133,2.099762874861372,116.083,0.031641248557365,0.0011779641074567,6.593427688976433,29306.63942766748,0.8727779187089494,0.971112,0.0401019244375311,0.9628560644973958,1355.6403942181068,0.000470212076013,7.1388101598839775,0.0204145456419326,196.45088848202096,1362.8219915450609,46149.01380672148,6485.56,227.5869461339352,0.0465346534389266,2915.799437159491,0.3736097692383174,0.3075560731791769,1235.077164063816,0.000456682825546,8.4202328341966,0.2596401890693409,18625.36421461264,0.5809798879213017,0.7437664631755216,11.713796844564769,11.9315,44.00588065195844,47.95393159070542,22.79285964472143,31.351680504143754,38577.56760021485,26.41835587748199,0.5818448115921745,917.4238374234264,0.4430521178499926,22761.689704215616,35.91137469035508,131.92965901118,40348186220.44254,1.6477950772525338,48.80016371272141,48.66081043505491,77.64793893979488,70.4286447358458,4.12072,56.17405400784554,-763.5532186868094,1536.3179516676732,5.085469583211342,1036.850045280111,-1.6826035838033675,1562723273.2177582,0.3151898395389358,11598.247957797665,455.4171300312204,1857103.260845882,-4134.206014215657,61.0531502139007,15.959476786012589,0.8122923016477994,0.5972588945030883,1.4413616845716857,6.319521140578373,0.8914662028413542,0.8174044763056065,0.9953973110140512,0.983175837970208,-0.2444824382495105,0.8199543158467087,0.4814248402205436,20.50360037394828,0.2059051451650228,2.811815309141424,0.920413,0.3719249519695681,91.8292280335788,2.715576770326784,0.224451,5748.950638443572,0.2448429667712928,31.114053973103783,2252.948585888163,1.74669,16856.63659515432,0.085963816440278,0.000499152,3.539053602494974,13771.462629839703,0.3483608955083973,0.4145071418503477,0.291681,0.5090293623550826,1775.7197859686978,0.0117487973367621,70.59900666778165,0.1440624032110647,58.24205570749275,30.1957,139363.97069126315,340914796.80700624,947.4191686328328,0.0218535056715083,5.90323,0.3907291152283348,0.5858794628576247,6.83919,0.0117786540143073,5.700784885051145,0.0490141307117496,612997.4998119642,0.847402571176359,0.3974002794790084,18.32117262069209,42.7323996112142,51.4329979220843,44.79229409882942,24.54488208586188,17.47396534779357,548.583,20.48235442139984,0.6449460706899102,6972.53279635998,0.2168891097122591,63694.445157643706
ID-1162,Center-3,M,1.0,1.0,0.0,0.0,1,73,89,0,1.89383,7.789071536880019,3753142.910658712,5.71344638090829,5.53834127152249,3.492454618637241,22827.02951743437,23.350966425999104,4.769166877104496,0.5284748208545238,3.413025366707242,1.02709,15.484416655352724,0.4407731902927294,11.835020226736052,10.550567726940471,0.7945397136524575,198111.31933462247,2577112.390278891,0.027409180858054,5.444543137128262,982.4767871368624,312.508,27386.632171414607,982.9831925634916,0.897676,0.9592715001444736,7.758039724147517,2.550097807324652,11.04883113843646,0.508100321388088,0.3454477588892726,0.9951985154760278,0.926584403435771,-0.3113812547055062,0.993989,0.1601167101912726,57.717451955713095,0.007844245226566,8.774771865716032,0.9038099086541804,0.00134553,53.96124937515791,4.551909737547443,333.79122208785395,127.91336971157286,0.0374534240858369,573.2677656844261,3292.879036031021,1.3277541491266471,3874.310348707317,0.0386030539238476,0.0066252639760836,5.598262755546303,25426.759781029297,0.8713813798504924,0.930103139327527,0.1312786802839499,0.9772341360039434,1657.804176943447,0.012907411636381,92.8792835800396,0.0187342129566966,95.14837619123584,1526.974845729349,5622.743066391058,5030344.1487605,490.733312101654,0.000476227,75.37162845116313,0.2923897363450127,0.2042499166960884,698.0638399597524,0.0180857362286251,6.785694967181548,0.1945051263833325,1.09326,0.9279407687605694,0.4997989990937357,18.23127139681268,49.03398027278731,52.0897250486893,70.35611148155284,15.339481047714592,74.24025994686993,11020.693454256208,21.98800351821452,0.6846061801386797,10006.536293145791,0.5709419976119514,13059.922560973642,-39.06703486076543,33.3375,39667546289.62704,1.603523128772766,47.50518887080436,55.20485307101594,808.8988682671874,11.471378866215062,9.921925568507378,60.111316515155,-99.72710802208309,613.1888528626903,11.282935841695805,1035.5242172671894,2.0541307216901856,526132000.0,0.2192983462654016,23446.204401500883,1056.425717969253,5.8552,7805.315972296905,100.414372419531,5.899650730159,0.8096955845189824,2.003377552758004,1.578649710255687,9.816872475377828,0.8292676082437611,0.7551557848910887,0.997192374660112,0.971530567654838,-0.1698079650297942,0.600605590759849,0.2710720040942804,37.31300964667665,0.0125889,5.645815345074444,0.8089916880510328,0.0923021212473451,76.2156339101879,3.07984322199698,0.224451,4486.916624511513,0.1574575231842167,27.54292122712025,804.0037987588497,3.3795419779760745,6471.667660149127,0.0167853127044128,0.0186724375256425,4.494169531944112,7167.054679975983,0.3443621369185549,0.4406503812886565,8.580658109644057,0.5570672574363379,17.3286,0.0102359415753686,52.70214273054749,0.1744275656921633,147.6998480698158,46.317016734627856,383230.64428468415,672029113.9146128,0.225683,0.00104556,371.2310945762418,0.4047318827349463,0.6513647848135634,2162.1834899521336,0.0086010720922502,5.959178767350064,0.0263781074915505,419277.0420438666,0.8884463039767757,0.7343695728857795,21.04413791530684,32.50121394383295,44.34985679249559,47.02651170383528,42.70076537220787,62.13422256924413,1684.6989477018897,26.00792990644668,0.8140138597654357,1022.0266525325176,0.3251049682798428,562.0
ID-1178,Center-3,M,1.0,1.0,1.0,0.0,1,79,88,0,7.0945963350272105,6.9256748709526725,8110.21,5.255643490150325,0.476152,2.873486933760518,12252.08972920394,22.00279808084982,7.252125586792596,3.865114426462868,10.475922679894936,2.62253438615682,22.136448315052142,1.1227974054935306,14.573698321449491,18.55758695936352,0.3503589100313348,2087.32,8110.21,0.0339805411434,7.9556764502711,2375.029180524366,13416722.310980547,-29472.07665253412,11.2113,0.897676,0.9330360322098528,4.711378466464055,1.7147618767254484,8.213601396953713,0.314328759525309,0.3253007361039899,0.9955319055272348,0.948171095443942,-0.2956471414308129,0.9440516991389925,0.1415864055810183,37.79970741977369,0.0042318879592476,9.45525267285232,0.9642153458545712,0.00134553,46.02316562785232,6.815428772681468,101.18445008892792,543.9152683178479,0.0683502562579291,554.3362125572953,1143.7312727252129,1.101508639319852,3317.9987060667822,0.0533607593759151,0.0074256205345976,7.10604,26819.76613843604,0.7053699647210917,0.971112,0.3289327102657648,0.9077177166290682,1269.6946378321504,0.0068079855787805,145.5576475381686,0.0406866777099404,28.23407716218744,2962.7940387355,14925.256430512463,3839037.021609582,542.1446641860167,0.0368776792329768,1682.9958958515106,0.3025441945839737,0.671012629785935,2054.8175213116083,0.0112193426850277,8.728278857060566,0.1203006184577851,1.09326,0.4231800037384453,0.4739754216306222,17.86092812069477,29.35216631352702,27.784469801695582,17.80548909805374,23.28688541900956,57.0840889160346,10721.977422965152,36.06276140911721,0.6740478172731674,463.203,0.5389071944270113,6198.038013153269,36.235308274597166,33.3375,34419922215.1084,2.419735316668466,16.78375878364141,50.49001306721706,944.823158451865,61.38264626297093,27.5995203418982,34.45471333383293,-563.349108655313,1440.6533302920934,18.12766034668181,1064.123486679115,-2.055002845009569,526132000.0,0.3937166198125703,5955.374060868695,315.42716118307385,474554.895076708,9631.775224634568,49.613588096185,3.358760926589368,0.5439675471780342,0.174711,1.365730626146091,0.6589418946067811,0.6357904965618255,0.7797419046031121,0.9986263081289536,0.9834644010261764,-0.0797297256643159,0.6902359765703165,0.356548399171479,24.393591607346234,0.2818737354885078,4.822416001307152,0.7753412850531005,0.5705828500603755,59.11486871301116,4.765975275254769,11.60506224546453,4655.781245376135,0.3034043407725545,22.993992296382995,479.4874281542632,8.414111632416533,4884.552697789129,0.1561691225763635,0.000499152,4.272078808584333,26135.50704821549,0.6193127692540902,0.2349256835305401,4.4879348763590805,0.4331308915653767,86.14927830663629,0.000389061,3.90476,0.189562034573843,169.72211433188184,156.81531324647065,316421.6003318916,168669606.99118686,1567.5117833192369,0.00104556,524.8487055078803,0.513502031076148,0.5541109721472715,689.1187690999516,0.020683613469002,5.091010462186629,0.1016604436872168,501099.6068183279,0.8917106380292638,0.214725,18.680974192361244,49.993624283663856,29.503514151204463,32.975935465390386,54.84979414687268,68.27830885290889,548.583,31.86855862328052,0.5841605513175134,6177.874879746342,0.3527792232953491,46686.41184737432
ID-1185,Center-3,M,1.0,0.0,1.0,0.0,1,62,58,0,7.608907621879481,9.281558283545658,743598.6334197538,6.363516013610159,3.594274815589872,2.453866876376836,558.0,17.811970394018555,12.838257169438917,2.248322023784187,3.562335134890842,1.0902508262960158,6.132590947490463,0.2727861494505001,12.1341649000236,9.102144426709406,0.244270367202628,195244.6769676788,910622.9828607126,0.0356666188834298,8.206375740506338,596.5247057941779,18471119.51751513,79152.91648016477,1104.6730916826905,2.3143796733259165,0.97466,3.3550935360768137,2.933537361364598,9.290612714575031,0.4853461248531339,0.2038503068544341,0.9951569287756112,0.93808264640775,-0.2872212050393438,0.9777739396534856,0.101875,17.086291682887996,0.0058928638680972,8.352998230266417,0.977199,0.0141716443462571,53.19993474764282,5.947490085100976,107.23416964367637,941.3424733538128,0.0556100302208463,276.0699836451724,369.7693580096461,1.4367977331608948,2399.4175506093247,0.0360484339334235,0.000384061,5.444410258028188,16992.9547609451,0.8761472428699115,0.971112,0.2073572690658695,0.9086427342633744,1542.0650455317134,0.016789053260762,217.37085246520803,0.0192488801499919,6.42722,2624.78492950393,8945.959565559193,6485.56,165.91000144929586,0.000476227,870.9998829691085,0.2680349644213958,0.600637168900414,249.6375950813813,0.0118795862409365,6.650931735486274,0.3350302433104252,1.09326,0.8816614419311718,0.3956097038832999,21.225520109679568,44.27407453429692,46.97136716078872,33.71586551232059,15.384047800278658,49.082280643412936,17735.648120163973,41.53549051105114,0.7030853409938657,1382.5790829926473,0.2859232464305852,27517.67394701005,51.3066,157.9079195791377,526132000.0,2.8123103233203635,52.61008860176197,70.66528419499807,86.3032569896804,34.47948246140531,4.12072,40.08685652668392,-435.46546746059374,144.178,29.424552570346545,1082.7443438503965,-3.077526106433143,27605544027.340664,0.5694055381696074,26911.90042255603,26.3153,5.8552,8900.490537002897,0.664828,17.974054538653,0.5527833310428502,2.119930882920514,1.3787204582936436,0.181279,0.7485548476925394,0.8433002215874001,0.99741500972728,0.974899059783554,-0.2420875687865158,0.742041449553394,0.4022027083538774,5.335093008397774,0.3049967467060898,3.844520698931469,0.8919090829005734,0.2904525070916909,28.492352753473764,4.241338279986275,48.126404039069314,1894.3765356311208,0.0941644912976433,81.04226823796576,2409.5098880694304,3.422267793958152,12136.724456209122,0.1881934173783054,0.000499152,3.750174788811141,106.226,0.354490801817223,0.7531343359722958,4.722246051898071,0.6259480802044359,943.6445108878012,0.0125662248123385,39.04435786582778,0.22681179630792,148.2378870275884,2603.82570494083,702025.6616472946,209947281.33825532,3703.369375583587,0.017360053037062,378.0300827870042,0.3764712745029405,0.3770738502480274,6.83919,0.0232612393746642,4.676980312515145,0.009518160547428,617237.5379047575,0.7009135604778689,0.687584791693201,27.553507893649808,56.7395437566029,23.482390382544203,45.424767083449176,51.18207402009866,39.563924400628046,39416.4665217604,17.703140248808594,0.5310030463649155,6696.412585312168,0.492390791507917,22456.48764558284
ID-1197,Center-3,M,1.0,1.0,1.0,0.0,1,49,73,0,5.654145754821229,15.037266907695178,8110.21,5.270693690964878,8.011463154512501,2.589735835902531,26099.598886053704,10.560798131166056,6.678200137278882,1.7225844268105492,7.152183090676808,3.991274965003656,21.87539263854508,2.5599053101262754,10.704927709921574,20.46085007759303,0.6753663041098203,484592.4886583746,7007587.962860499,0.0544773332542764,17.904890333340255,43.7843,3126273.9139070604,-537.0002097458773,1547.1263291899784,40.07152073195879,0.936154125374035,2.932166437188878,3.232145896126339,17.19188339634786,0.5560432808967748,0.2921187666046328,0.998305,0.9620839374489568,-0.3535814264483905,0.9311174452690408,0.2412386056339754,12.84198206542001,0.006902951120173,10.444405513003945,0.977199,0.0368243729436321,68.14975445164932,6.341976998285549,457.7967925579072,1169.8016313134003,0.0775794299955052,339.5360865122167,1264.8922728469015,1.09603,1928.7305880306376,0.0640855073766235,0.0105449435205824,5.187100151238281,22578.03183096636,0.7567736763808185,0.9062649448465387,0.0374838691698168,0.9324540067264234,913.7160861461437,0.000379169,321.2086442827877,0.0521812449336357,186.4356366197052,28.4667,18366.50423778377,12377988.88945026,295.9746419144276,0.0336394468089477,2.18182,0.2995201965626011,0.4181027076014053,1215.745019118553,0.0108556516089973,8.383442748024336,0.3518179480516944,16974.729085879073,0.4723568080267279,0.5360744102752396,28.85809844173784,61.69895612779776,40.118545189413005,51.57604019543695,30.91252841788804,50.3646044578001,15522.32339749242,17.348694456770826,0.7200631298364165,463.203,0.5689070568981506,1245.5857276308998,51.3066,33.3375,37684991365.35999,2.2711724082320064,50.26870507491259,96.03311066228864,357.9716604947332,57.06940039732849,13.854830814655877,41.04650816948899,-32.3284,1510.8968191386186,4.473158267867314,1022.2547444033328,-2.590361636322932,526132000.0,0.684836,67.1971,26.3153,32243.75644278197,-7789.081148344123,141.8693446129831,21.10006845133521,0.581706986962417,0.174711,1.9417737054300832,3.5395306922025007,0.7988921808495784,0.6373276028186584,0.999872,0.9656759765991616,-0.1889069598644458,0.636673747480691,0.32930132906951,5.1024,0.094053824281062,3.928085121753025,0.920413,0.4806388058698298,76.47891088409072,2.529717348176724,11.50534951148946,4770.099170325512,0.491167,53.90148868495034,28.9544,14.01036936392757,8855.829945692927,0.0949033903091527,0.0175326361827605,3.960898997219492,106.226,0.4157824523883428,0.426106052311367,3.2918865631935645,0.7937680488633594,2174.7541059481773,0.000389061,43.23883831071608,0.1083214350621542,82.65712801180936,361.1131958856178,214.609,63095.6,7291.527791604254,0.0131039350709457,881.8763541421199,0.330680182029322,0.5825658821216338,1457.8218366970627,0.000562722,6.325644787054049,0.0465061099357305,190.726,0.7300478624617656,0.3805581059067843,23.43240370286987,30.415487285137367,64.8407262484571,37.61527076997407,45.941483293694525,27.71289310035708,53653.75901876772,14.22238239392854,0.5716594963498889,10294.801058242156,0.4484046369262467,67888.89820359084
ID-1206,Center-3,M,1.0,1.0,1.0,0.0,1,62,82,0,6.058725046302656,13.642662356082118,2460657.4525911035,5.056653546777144,3.602920411100342,3.0657891005575384,25215.70777605319,8.2489662534105,12.688368299995345,0.3564852885854896,10.70934386215126,3.77701020548786,11.11706104775769,0.8521282863112398,5.120414291605768,20.30231652349589,0.9731972312735132,34070.33583607484,3218736.444064716,0.00914519,6.059648150856518,138.0973071191953,312.508,37221.51569266766,464.6139983060665,13.56850458551591,0.8996910288648041,2.5056771834087894,3.614692678707469,0.393348,0.2333596283827419,0.3921830592212766,0.9972198200642254,0.9403114396406212,-0.2458011802775139,0.9937487081666068,0.4276249900238166,23.71115431442148,0.000347025,9.5151659409266,0.9258546716472382,0.0525227046216369,62.474142485310736,5.63370902665924,7.0646272770592375,72.09453314298914,0.0183256762413365,88.70625873296467,944.1093803422756,1.8590314807862456,2782.901679871072,0.0086598097092593,0.0005543004488927,6.047826224968963,10436.153548152266,0.731984978938526,0.8825038708477265,0.1259096596678312,0.8989591797770093,2024.6710562316173,0.0275614235304121,154.33591199921406,0.018843830664684,6.42722,603.9826734430185,24519.135279819395,5133376.876418283,0.00123903,0.0212816676369781,53.1535336280042,0.2221201158230548,0.5711655483668612,2011.598838576973,0.000418855,7.096116093067654,0.4076007250426232,26550.762896584816,0.6419423664920372,0.8215593206627004,17.8586618048447,48.75206548771538,54.85856528333797,39.66368170396717,33.57255292685447,34.85891434941446,9226.560847892772,31.486316366537096,0.8053367570353152,6102.412418498197,0.4172804775985844,51807.793253558295,-46.57169054247005,33.3375,16709187657.411686,2.3315065912801787,32.72526151304841,133.55952201490425,223.70217325334943,45.36634979364435,26.66364149933157,42.41538631982923,-804.3403574582869,1817.781800510111,18.204790577670945,1044.150812575626,-1.5320723506702514,14347530133.77016,0.3218384288530894,67.1971,26.3153,688434.5553104118,2286.902592225878,0.664828,19.9212349570599,0.6073170874124528,0.2948308680084734,0.967126324781633,19.763571211525683,0.8628747182663139,0.7813725746921593,0.9984242612271828,0.980422938078492,-0.1507871117535841,0.6543774072816704,0.3846444260833934,30.461440803873483,0.2571457779456652,2.9343873578885966,0.6767545068293371,0.624915837704208,57.24180753823189,2.893017534539895,22.480771700070093,5752.056632148413,0.3725848137751944,52.56275797801496,1123.4896800206516,16.112664028081955,6534.945679358775,0.0141976608210069,0.000499152,4.997379053545515,106.226,0.4148348723062535,0.5218884880822225,9.173464739725576,0.6596923993253281,505.80531420063227,0.016279863017581,64.23211607718427,0.1211604546258767,101.68033826439682,1776.8801268744337,118226.7369293963,63095.6,0.225683,0.0460082922541735,444.9633624774962,0.4790206424360827,0.6015508790941038,372.1428917372551,0.0042269111080951,6.45616803318657,0.0736862235793415,148397.96680659705,0.6299558000342117,0.6621770273688942,12.17544391013795,33.49493186123131,24.283356779413616,16.822084589364962,57.7972014506796,78.98495814500119,35171.04894374123,24.797830408071547,0.8182715868286041,2611.1377748410296,0.230102968884432,26833.21117924089
ID-1223,Center-3,M,1.0,1.0,2.0,0.0,1,64,79,0,5.339218613741621,11.990210307407288,6141545.501629313,4.884514796811144,3.2212872322335,2.379934629635541,23181.600573818563,23.35995961327975,8.840453526133187,2.405000127304966,5.429426861995754,2.399421841243879,14.24249678864717,1.640157457725172,12.066623402421186,6.644561310775949,0.7135735008125853,384970.5633965427,6630620.630729265,0.00914519,27.06035487049651,1160.199382846703,2901839.351329447,5798.721941067989,1372.5476498629764,71.07722928084249,0.905433701403336,3.184237443047413,3.32569480955873,25.307471220289475,0.3807964441540883,0.3191521541823221,0.994463648033166,0.9361374167563428,-0.2890948080678133,0.9601530662480016,0.2743425180561364,24.67781539383841,0.0054974806805715,9.118835821892104,0.9346020547065552,0.00134553,12.838,7.119023783742393,355.4763730180719,464.0585440686395,0.0102315545019934,351.36182373169424,703.4906178504017,1.09603,618.5403404093072,0.0195550981323033,0.0237691682269801,6.382390637418866,34410.66008529054,0.9136047024353816,0.9391166094918748,0.1820457114989676,0.963664605512374,1630.1311475880464,0.0203559559403492,101.76933422657298,0.0120330133317468,173.07256439891208,1471.85683119616,20542.1130694596,6485.56,0.00123903,0.000476227,2.18182,0.3642533052130449,0.5978057134429849,2444.173706746624,0.0316122452316344,7.642639199374096,0.0533037828473972,1.09326,0.9511817294453828,0.5268863217808389,28.934451053471147,49.38711064024208,47.15271585414524,45.17771165528675,51.4572552724491,69.2729414728055,19433.40549678289,30.470161964713167,0.5759625555100854,7714.584813511099,0.13282,38592.89244935721,24.514748370416644,33.3375,27850060689.3646,2.1461717539890897,29.42294008775316,57.58288184533958,613.0482845770092,41.973095804856975,70.96256602716964,47.18565954625476,-32.3284,144.178,2.31624,1077.2157449666602,1.9221867211170105,30097574163.25101,0.1309458645182104,15113.998732580074,865.8755678230385,1147662.265351183,-4869.281051796957,294.2504382775001,11.364087599408178,0.674953258775318,1.0366561323004229,1.841359200461813,6.683076059847992,0.7831532389669649,0.54600755472932,0.9981393770014124,0.9565254781312028,-0.2306726711564346,0.7665147427130606,0.4125918777466013,19.03823480997696,0.1225435549914696,3.049877728556832,0.791080419710992,0.1536193834604628,81.39588208674483,3.649147056807424,27.18718337589417,5427.814650491247,0.1915147432266216,11.18348718333285,559.0270277872347,7.613885450603263,2088.7334904954378,0.1646515305957469,0.006931546071032,3.893884748536689,10171.957674061869,0.4719810432051328,0.6431761267211693,4.393595450089772,0.6473620408215411,17.3286,0.000389061,42.39890597650728,0.0807808153350058,51.54421770056133,1545.6771902199184,368387.8623255831,63095.6,1209.705010240073,0.0039864116907898,395.6288666736862,0.3631169072257668,0.4550875712903439,629.4801374331355,0.0411734085318893,6.798523736899806,0.0577778329089095,49502.98161753395,0.7818865553558165,0.4534603669824641,23.21627742274176,28.948809647013853,62.587292954785454,23.70522272916815,16.286603865109413,67.67531678674767,2518.6204036214613,36.64347945898052,0.5994029154603351,8041.613742312185,0.622310761931244,17992.088319574403
ID-1234,Center-3,M,1.0,1.0,1.0,0.0,1,60,75,0,4.825687719772385,8.947548167795391,3060208.2002834454,5.707243314833454,5.593251322366987,1.79041,15657.20679427148,23.39143024674013,5.772728740707764,1.0223269177978158,12.177809202824994,1.4541484999147305,12.542496804255762,1.8479605844233853,5.965434507719195,12.977483325946528,0.4187266011284026,221523.1934849547,1128899.1404795533,0.0203779939120611,3.5182018320764907,1934.315540049788,2674246.2467943365,15853.945549076536,1052.323479791622,73.66091682756081,0.9517870807439832,4.264995940452415,3.331561540825947,16.613950652327297,0.3928438130189866,0.4906788195011648,0.993048759492548,0.9400849636119476,-0.4222629093777633,0.9472392501641332,0.101875,37.02671866441823,0.0075445182769824,8.105354702299216,0.9134779333251536,0.0367137485906819,70.6123578173254,6.833766316649615,369.1298698131839,36.2218,0.0556848536984295,87.93350217627315,1835.5224772432305,2.426074175015158,4209.92844480746,0.021030227457989,0.0125966777194913,5.729648009420741,1357.131288095488,0.8529980018780169,0.921153947853802,0.2640086820434391,0.9067977519452044,857.2068140109179,0.0155089464865843,1.93333,0.00977157,209.76183688803928,28.4667,3.34623,6485.56,145.70803799296158,0.0273010629101761,5201.693023625789,0.1906448143205666,0.4114157894693555,1078.00924444083,0.0076176887126073,6.280258675439776,0.1520612389834035,11110.97178632038,0.6995571381842582,0.6641898585736796,17.358440865960233,59.47928339551586,37.891742463159,50.0662634534254,33.52626465609514,21.014173547293133,23527.52121844633,28.53424551358121,0.7490660927772155,6670.934073775319,0.5683131485090323,17074.305350025592,51.01518043039876,50.937155514735714,15087258511.56758,1.5375662936757035,5.42996,49.67344918109571,389.042612848587,30.572873578767123,15.979075494205404,38.66965791785864,-33.804924339919,1835.3711618089355,16.643530364042363,1052.236362993389,-2.005908966345892,16299873510.12318,0.400260127122337,25342.70923314097,1507.7656916190824,5.8552,7193.386448330566,207.82094055775767,22.556974784559443,0.5249889596427665,0.2324079848190299,2.246971689824255,0.8225480571935764,0.8470613653301042,0.916126,0.999872,0.9757184100315808,-0.2611072485484845,0.8025586657893762,0.494728,31.20803707030768,0.1365683819231361,3.9275342138891545,0.8213119861130855,0.758445,55.99210454965554,2.805034694950302,15.105730650222846,2992.6408088329063,0.2960868239543683,0.610339,674.8871583904875,5.475455518205889,6761.322674788776,0.150689821269864,0.0138769122386568,4.866099642609578,3568.182139976164,0.2707223000559484,0.4417425258725919,2.1737914875044044,0.5183002630585446,113.55606758848712,0.000389061,60.98827086883725,0.2418377779472374,238.6629418022121,2212.967812482803,442891.7789563374,18635742.936569184,6240.915729434802,0.01366242349281,346.3876462938038,0.3633192162288488,0.6962287222466559,901.6676840380056,0.00728339852601,6.688152175216317,0.0798229337638252,525019.4216133966,0.6116548052567663,0.5264580858996564,28.246567477415425,56.60763734004328,50.26177051651319,62.01118715897808,64.9940495801728,13.9284,15216.866240928595,18.862553200675485,0.6997469618048336,4974.920290632247,0.2362131992187575,562.0
ID-1238,Center-3,M,1.0,1.0,1.0,0.0,1,62,82,0,4.095460109017516,6.773616489664661,3395393.1055399114,4.726069586985756,7.502529035190503,3.74663149683563,48157.521973055074,12.14083349306567,8.752477917887791,4.016456220333649,5.011625134237397,2.081728537892063,8.125159617307865,1.4222442441294212,4.8663660677376,21.403157432464084,0.2134459908814807,112108.37066187404,1608105.552243482,0.0370147201945959,11.01868115137449,43.7843,11792065.255731495,3039.624504393344,1227.3719350563513,10.59731922871249,0.8971570830363051,4.075333248571072,3.654912757116248,10.272191035951584,0.426053012987531,0.2274179317158785,0.9902676732482874,0.9423449956715488,-0.26203857343394,0.993989,0.2568788583373307,31.82163790934043,0.0061841248902703,8.581083062487906,0.944110921982096,0.0487007897883443,102.81903751176564,5.762555422056964,159.2323207585954,220.28472332041565,0.0596978086092999,434.88574304204656,2719.3417828227243,1.437010453738159,116.083,0.000408215,0.0176956500890104,6.057737699711221,14265.33210978959,0.6475909657399364,0.8750245055484905,0.1965850300246859,0.8996605725947244,2446.7728213472988,0.0161298932780559,163.57731850006343,0.0534214419436252,171.0395690044822,1079.7718376083888,3.34623,6485.56,662.3952087987165,0.000476227,809.6976702641446,0.3343964866122074,0.6720632161666117,607.9173100303408,0.000418855,7.779440240857416,0.0699278902593835,1.09326,0.8242098391341098,0.6658966116359628,33.58204620694576,63.01780306843306,33.23334893609532,52.432836579192696,49.83756871877513,47.36366883088168,1437.697102054005,22.190574844574783,0.7456296338580196,4131.241583988542,0.2849563100497421,47451.834894224055,43.4656969593504,54.70734011298818,21378622861.33141,1.9272756986897603,42.708138684248645,55.54069385205111,266.68485887445263,51.967870447672574,18.85146342860049,44.67815310433876,-589.4039012057865,256.3570024454466,2.31624,1025.2794564533235,-8.114909438387192,35850776335.388855,0.36216555071903,20712.84215072997,2688.9756231461183,249079.92331146623,-7473.218061864794,0.664828,0.212363,0.7148363195285392,1.411045638847544,1.382574605523594,7.490219579395642,0.5094612931980684,0.717568938068689,0.9991656205396732,0.9865172337083266,-0.0621759746864138,0.7461752322365747,0.3727766416053174,44.64663931011235,0.1623936862250022,6.035167384378579,0.7925490248413832,0.5363562313834748,71.66021777765033,3.314548163157692,34.636486000270786,4019.925769040582,0.2435979787684912,89.62871575042068,1531.7220424119623,1.74669,6169.645662143044,0.0028802072724799,0.0024450707382003,4.185083493461471,8568.867960779458,0.6974952095929697,0.8377862266679748,2.618946526228401,0.6680927293449619,1599.7465142882256,0.0079800630501504,40.778107012712326,0.0152311,182.73727930178305,1265.7184551178268,214.609,63095.6,1606.968126921974,0.0221168257158801,5.90323,0.3265419704290754,0.7001024828612822,1286.4618217350678,0.0212197339020205,6.452774204446455,0.1115298141372415,190.726,0.5921793751705225,0.720183283376416,31.485237446948016,38.09105765990861,44.11233334293695,45.448354760585,58.33079938172568,26.05654704341176,8498.213655240805,31.16377501370272,0.5925393720884929,7706.021039836601,0.4747474437732154,35018.512360172055
ID-1255,Center-3,M,0.0,1.0,1.0,0.0,1,60,102,0,7.910761698770102,9.287913787499168,5847160.524861804,3.468897448338409,3.4687031885264648,2.343308295745401,22550.31816856618,6.523724112391359,2.89068,3.051637168717927,10.069219716099711,3.685502925228848,2.3329371050378542,2.3631559372265896,5.688884519426979,15.96418567159516,-0.2598304142332522,148629.60515835523,8110.21,0.0118981042024601,0.134882,4521.020113433737,5827929.323271584,22359.180877776613,1978.590916282348,13.322767031687423,0.9288314618986844,1.71573517193382,2.6945659790588583,11.380764606817948,0.4491102944306658,0.191525995789581,0.9931972371836104,0.940657912389195,-0.2818533608090915,0.971245847586922,0.3565665230510417,31.30480776509893,0.0147183638382547,8.304246693773282,0.9335024050547628,0.0319704615263511,115.35943841748367,6.124999451871426,616.0984425010739,282.87918036995444,0.0210787282803301,12.08132562463294,1022.6632642022776,1.696265376510493,1418.1530496521646,0.0367038478826688,0.0113420863434074,6.167717124245644,34101.09744263053,0.8313464945833099,0.893006651001452,0.0353675,0.9674905723259422,69.24556796185172,0.0195515438270505,235.55127230234743,0.0196480674528356,278.5944329019911,731.7608334187876,12347.960771579616,11233908.353835937,470.6322471536155,0.0174767247111289,686.8531666846816,0.330660353966212,0.4319505873635867,128.87278017922785,0.0095017408872241,7.99816718236029,0.2095367256856788,38626.90595206246,0.5009891121447688,0.5647510173475162,17.691348802366548,32.32250893775459,24.485686748881143,30.602233856330628,57.09063553501132,36.7530066752321,58141.242052754445,32.75472838023471,0.7932771047826745,614.517386937683,0.4017645897767599,66158.99439119901,-28.85119958881172,65.28261893849003,5618020339.601889,2.6354039996408907,25.539587100880027,57.22427559059262,477.0322488283807,60.60353512633338,27.23300934769092,45.8390349398172,-159.05847065731757,247.2662888438597,16.380836837850975,1027.7236548357455,-1.3804178488197911,34701267923.40575,0.3112618817654942,67.1971,1049.0277596943006,5.8552,-8069.884190768955,44.362198745291096,13.844091237990662,0.6924845741587083,1.931443162507195,0.9160674193598,14.1179982089681,0.9007480644351776,0.6847185994555668,0.995551500763898,0.9888941293806358,-0.2424878147008911,0.7227827473904986,0.3028610979817624,30.457557433320893,0.3149326148597272,5.621942399644352,0.6102443204605374,0.4007823935032982,35.86460610822118,3.163072238218293,26.0390739063936,5551.577732365921,0.2000401150143012,15.413652491625598,1159.8174415924482,9.463376854026649,172.295,0.0904658030034667,0.0146620342020116,4.372407260989838,3777.26557953823,0.5181016330223409,0.5201131408955886,0.291681,0.769059275288876,1429.6631613139011,0.0059102822861934,122.12440626567503,0.1860792854424402,122.514127651191,2548.083847260944,214.609,368821074.1319316,0.225683,0.0022879595061636,733.4175774179732,0.3098485228296185,0.4609763849931511,1419.815612027411,0.0241619239152443,6.519044503089616,0.0352419008898307,571776.5192739937,0.597531938704283,0.528361193636547,44.98035348077437,56.75985659599986,49.22676987351918,57.79122335291076,58.396649232494006,27.480079390143125,6768.153473282654,36.85887717942456,0.5747756345282162,6090.357710898111,0.5251918831392978,13217.44457222282
ID-1277,Center-3,M,1.0,0.0,1.0,0.0,1,60,73,0,5.728040444555441,8.056842136815213,8110.21,6.8484,2.29697913211746,2.5407075282164806,30260.041713283223,10.08586433119624,10.49860612389138,4.39451424840058,6.314806581064547,1.02709,11.0834870368382,0.7611026361291919,4.293071251138988,7.493605096035961,0.6080992022308072,332826.8253985249,6000679.929085022,0.0974410809877406,19.82381816523815,4181.395958388218,6173486.145881773,47885.84033985982,11.2113,54.41007248068778,0.8720670339941773,5.853779720563255,3.5075609482394574,5.8578511862809926,0.4743744835829007,0.097145,0.994920002254184,0.9615996240846624,-0.2875466741252582,0.9835757667026936,0.3428265452562381,18.16853309139788,0.0274727273229772,11.115160416967145,0.9454871104691012,0.0105402627166305,72.06188504410062,5.966023096909737,517.030676589161,737.0385246757576,0.110638696103905,330.22477901060734,2356.7598792055383,1.774355241162337,4509.961531574631,0.0323942033771241,0.0208985051463242,6.256246208649738,3042.673164743117,0.8836978610175382,0.971112,0.596764671497777,0.973331851311558,26.058,0.0201506088857745,159.11492220147738,0.00977157,322.94306685156585,1860.5269833662333,3.34623,6485.56,0.00123903,0.000476227,3034.573299295568,0.3614937175882096,0.7054194548562654,366.7133189929921,0.0319162633309173,7.538952417516167,0.3999442486990656,7873.238495310597,0.8419059965303584,0.7582262010562223,19.4710297065124,38.04664792154664,44.42767792883113,45.27976055114575,51.5677829339552,37.60362243475068,36666.8087848659,27.022973845364213,0.843337,5413.284554044579,0.3436460767906233,11808.027015673448,0.9037448203868852,153.11329901071767,526132000.0,1.8089628770328416,28.47354966165757,9.647632695747204,1075.2391467131963,32.05383059742336,5.551474479732631,50.01476851812381,-440.6404935103049,1666.6565181139542,25.354381724536687,1071.49207965615,-3.453324004183016,21864694828.2834,0.3771927105917365,12134.867059943634,1084.694101877713,893728.6048038246,-2198.040756236992,211.32592555653537,20.67439091612355,0.6070599345043518,2.17315894056593,0.69169,0.181279,0.7290656740238839,0.8301842999692174,0.9997972795113766,0.972849194660308,-0.1411783357184363,0.6962335694968113,0.4261216211886967,7.082468262814775,0.0250776705338218,3.973844356186412,0.8776228054499539,0.1900775160748248,61.83976831638669,3.3162276775569643,45.50391302967635,1314.7337893413378,0.1128058289637659,0.610339,2221.4441310002526,12.252591033602194,9896.779566374098,0.0713167727719656,0.0032499612209218,4.360520288697115,106.226,0.5201539957683895,0.6240152432814462,6.179679366338527,0.7359563721721916,959.8029318038476,0.0178364741967981,52.18970972998163,0.1199591164942827,23.713691427612545,30.1957,178654.49699659325,314027931.9128033,5827.321175115774,0.0382070248493465,5.90323,0.2578245158265693,0.4702387368872766,421.4852385819578,0.0067248633718792,7.560312436508063,0.00580198,190.726,0.8170874740021317,0.868571,15.896625577897597,46.27815255648855,28.52485398688625,68.81664675563333,37.126931503604574,55.93154185092584,33250.77559211633,42.85461632625661,0.6993597014563424,5252.0622330431725,0.1562502765072372,562.0
ID-1295,Center-3,M,1.0,1.0,1.0,0.0,1,63,48,0,3.788145803173367,12.657577083266007,8110.21,5.449771309549672,3.605213628499867,2.981111307030647,7492.4080340800065,22.69333147361875,9.730880622414036,2.358838726046661,12.986214848012793,3.066952051862584,14.296488356154724,1.9164680333788624,5.407810653899774,17.579027694222038,1.127784069233904,2087.32,4989366.887784479,0.0372728797512801,1.6969738403234755,2562.165922026359,312.508,9999.210356390184,1307.4414260332042,69.65667028555632,0.97466,1.0897092546096654,3.1670352091448715,9.464371678325758,0.4200622554573893,0.2280363768104548,0.9970797720942112,0.9431143490707956,-0.2895502929041446,0.9845023542887368,0.3384418498675166,16.3533241940484,0.0154955997073988,9.851688709935758,0.9592661681955236,0.0572145479837067,60.78940378746045,5.845233763339039,154.44054071066083,36.2218,0.0159855690046752,68.4080257074616,945.8305831283332,2.4541915004066595,1700.8214873927209,0.0681493051375824,0.0233501322288086,6.384186077103871,277.587,0.8413321589715516,0.9225476079636268,0.3001810447804237,0.9330085975929692,26.058,0.0190459484661278,240.46071154673024,0.0403712009280681,298.5068551769943,1375.9874678044137,3.34623,4307052.415950082,0.00123903,0.0193472287907069,2.18182,0.3556813188395041,0.5847049500785894,1145.9849963921242,0.0099346818650645,7.310405235861178,0.1065757457232309,5054.180020459942,0.970114,0.740252802696368,22.41314478641248,30.49923079176224,44.10783127153927,72.66646235126949,50.66920189430641,43.6016578393424,32641.55693026564,24.81131393939297,0.7739271074822298,8239.96259933194,0.2596823219056825,19067.32640361684,-7.390299068406035,97.0218197222545,31873314317.418373,1.833088978921848,28.76915238583905,61.43549567649183,892.2659016605984,30.641705744417045,34.206155701689845,50.85694114193256,-32.3284,1555.190395416754,9.697351853774014,1049.0065392492456,-4.269239400476221,25091584365.9542,0.3875022068365096,6712.021543527811,1649.8711607571595,5.8552,2347.548290742987,17.600532564762652,10.50100048380018,0.637154540631346,2.143669930050056,2.032500414921885,1.490757742546451,0.624291193166544,0.7010011108816904,0.999872,0.995225,-0.2506861579089717,0.8796447191953825,0.4161244735285828,29.27439151868856,0.0125889,6.234274342625333,0.7505025003069222,0.281194443213669,93.34203682434338,3.8910482842548952,102.37231699828595,958.292863002662,0.2224084252067042,0.610339,1751.9967619982558,19.28636086636604,9779.9814800257,0.00100254,0.0197656082410356,3.5849288757509226,106.226,0.3453560070036529,0.438669549411221,1.3912035285892803,0.6534518834662236,1080.9538552904914,0.0108669155597302,95.6778982260017,0.1071247197576845,270.05268765583776,779.0390446397262,234371.36061273632,707071140.8975039,1975.018745565339,0.0359775050671658,278.4025919891369,0.2194546828553736,0.5525160436957045,854.7243260967765,0.000562722,6.715736822867061,0.0799329978926388,364438.9964446793,0.7393839834844973,0.3787300368119489,33.03511978230294,49.522896170596944,46.2860395829976,53.10026470066373,39.95694613653307,29.75744508903821,54898.384665042446,30.226422561084632,0.6502072778989654,8650.943199871892,0.1895477788174489,16831.211468244637
ID-130,Center-3,M,0.0,1.0,1.0,0.0,1,65,81,1,4.752866983128191,9.425281956067922,1773863.4343098083,5.640648376673108,5.244821496178064,3.2751030733529785,10406.783090825482,3.8637,12.480102522040442,2.5576102389937514,6.918328865026945,4.261571942290766,18.7173753533032,2.0847908354260185,9.04100832194312,10.4917084236138,0.1998066918594992,16043.644718488373,8110.21,0.0549690010404575,4.235178223828887,1049.0170327993592,312.508,64935.2604518871,809.268300526298,54.33566392850759,0.9078300710753648,1.7656515770791297,4.284101880778528,4.92127976849615,0.4742216553303199,0.4207924578269602,0.993528172845166,0.9565306894724944,-0.2905986674171212,0.993989,0.1598316543636072,31.231822736190058,0.000347025,9.353808787102862,0.916933451901188,0.0197833075306569,106.7261011055295,5.846291800355915,640.7451595980656,36.2218,0.0604995034092442,411.6903335506822,2230.581331008012,2.0373224151655127,3114.572125935714,0.0249098965582417,0.0220504454195285,7.10604,25248.892784384592,0.7849040367000903,0.8532403567647217,0.4706701732441698,0.979283,3009.838139125694,0.0182335910905195,150.28992108725788,0.0398145445161278,228.70294640666003,1371.35977370051,26546.56042462818,3233688.052157508,456.21793791840514,0.0239903694084613,2543.436197494639,0.4815740194756479,0.5250522597270808,1543.199356423029,0.0110039627609812,7.49287032700289,0.3176232790447739,7811.89931808768,0.8865249149122242,0.3893950253626829,19.82089505569288,11.9315,51.748964013994254,26.155914571511783,28.70009144308423,59.65313906973293,34780.74062592708,29.79962433518937,0.818452611558993,463.203,0.5285278653286888,23614.072985394832,-15.269969596512093,122.44500309918328,65150105257.67353,1.489682928359432,8.87439908085257,85.98298305693801,777.2799972558983,63.39421408478624,58.533605500333465,45.90934888173069,-611.2766133085186,385.94035913533367,8.508870112690493,1062.1355731892293,-1.8152434755981504,17297292111.027397,0.313422802643146,11533.053867724106,1759.2438654014582,5.8552,9093.623739041106,0.664828,0.212363,0.7574568862446878,1.709344211348824,2.0535012878247567,3.62574498310554,0.7228104378940472,0.7027084839775205,0.999872,0.995225,-0.1798673684382896,0.7249749902694562,0.3873169987522719,37.69936823830351,0.3824640926489432,4.559967448931041,0.5750707886890801,0.0386862,57.38920346234649,3.7712784788828335,0.224451,2663.94077702878,0.171593498244763,15.815078051875016,3204.87,3.6668664220308735,12592.39155104732,0.2238701874413195,0.0064756682179036,4.599589243410779,3683.3693914612354,0.7270443889265179,0.5685327152336533,4.7596781067331175,0.6997158582081954,918.044689820088,0.000389061,98.31462670613952,0.0288449125141776,72.5664604375757,1024.1852939804246,370724.7796445458,63095.6,5740.760254187837,0.0226427203670699,104.9436946364107,0.4293322888697295,0.7389270252800879,6.83919,0.016604786389346,6.269129183214618,0.00580198,190.726,0.7832221703577699,0.5023334947045944,21.99256545757373,54.31603996294299,32.096154677674804,64.67208584644372,47.83974298915119,46.69962700512075,2039.889398911007,38.10775326728958,0.7810548638932724,2633.350242345973,0.3033612548413412,26688.17049515281
ID-1313,Center-3,M,1.0,1.0,1.0,0.0,1,61,114,0,6.880241162937209,5.110354191908167,1348835.470078405,5.182252063321215,3.955844783751024,4.096581746687382,558.0,5.557861269759775,6.132900662646662,1.1917956444950009,6.014437415439554,4.515136125421378,12.381286460275945,1.5477006768044062,3.8222476728930337,5.753615087315106,0.3764447259658314,315448.6939865275,8110.21,0.0210990299024413,12.393131366096853,3091.5412023165977,2528046.3970602574,29484.17478482432,1029.9054347793997,59.3057125659812,0.9179207020121036,2.481631781359069,1.29923,19.45059376317352,0.3420020935891257,0.3002346777995505,0.9944894507332372,0.945564742296152,-0.2954271811972738,0.9490650430619044,0.1988892626797632,8.641171785446987,0.004769983231556,9.786075693323546,0.9400658435447782,0.0268933519985319,63.876409302737954,5.146481562127581,441.9259831957165,441.5390895082096,0.00917615,278.1026552685622,1315.0831982252907,1.665438738205544,2001.175176678032,0.000408215,0.0149827833891967,6.449771796144436,18772.29371636268,0.8340907653144496,0.971112,0.6645845244254641,0.9760839158286384,2301.375206248111,0.0117862474999156,1.93333,0.0347036457317312,93.6081291607304,2721.5118378994016,3.34623,6088847.961644916,0.00123903,0.000476227,1941.791338036036,0.4299520634566828,0.5843576662882504,481.42756729579446,0.0099154459779245,8.255155013677097,0.0574947825640554,1.09326,0.970114,0.6177684996374854,16.4990076950181,23.828952989833528,33.909265253369924,53.115476675824645,48.36723216529424,66.03901285842761,48286.02223549219,31.68982498214585,0.6755105947104844,5185.090075042895,0.3428208603906256,558.0,51.3066,71.17954169646622,526132000.0,2.2298398483605006,29.86212354357873,95.07193278468588,66.3085,36.74938053174481,32.48941538838365,47.900167656282655,-128.22626107637956,1278.2274503781573,20.34950970034099,1057.4365741535105,-7.503589804866593,30793783704.75626,0.5777237195466307,67.1971,1363.6656191245768,1253519.9782592312,9960.455600677946,70.85167975349353,10.260390341473444,0.6955500363162436,1.084583418926408,1.295166096934359,0.4658007618806064,0.686412480044942,0.8673854183360706,0.999872,0.9784278542619984,-0.1248297470169437,0.601669352802626,0.4140104703318098,33.13630216373678,0.2488153107750115,2.622376625545515,0.8054584463414237,0.3094700036692761,43.86989018851046,3.5313108368878505,0.224451,1392.5837098207326,0.2234641758936774,0.610339,1290.4291126664011,11.777245426296837,172.295,0.0691135248635419,0.0241664707663923,4.211454822179374,20150.831145765485,0.3037944255596386,0.3272708859602953,7.525264664483821,0.5794519003440612,1212.7817003313487,0.0064184135606291,4.118394431258485,0.1148775453714385,28.278043082744603,2347.280006689911,248971.64588620025,760692365.9554853,2327.641645845004,0.0289644971147503,5.90323,0.2498873576841481,0.6869063570361329,770.8469348187348,0.0318930959694182,5.972902801898672,0.0470750118789326,190.726,0.5995261122538057,0.498306362751556,22.67987491343112,39.84608066453934,48.44696171350856,42.494006317174005,37.5443626549202,65.17324119495716,548.583,11.183762894765744,0.6806436846366117,5748.183267399954,0.2383050564480567,24547.538172113163
ID-1326,Center-3,M,1.0,1.0,1.0,0.0,1,39,92,0,8.040326037866757,7.6452627112663105,2648701.918913489,6.3112444796888445,4.161684393825328,3.1762403352771984,5993.334033440227,21.85437883211896,6.512425977329146,3.0189636615195408,6.613354492289601,2.191947918950482,21.03409407659959,3.28780016546086,11.422938085062578,5.709212937041642,0.5269616033579622,75424.00253486517,8110.21,0.0375052732224003,5.049843195850436,43.7843,1667294.961437669,-13802.463090377363,11.2113,33.50115545014236,0.8978565038294616,3.581505877928043,3.170449262593311,0.393348,0.2919888717296364,0.1884011460303458,0.9903154233476632,0.970106,-0.3387709324411124,0.9803612462392808,0.3637431177377662,31.6147716943889,0.027342424777583,9.679041517823327,0.977199,0.0813930706189615,65.97384800888062,7.439398388340098,724.2115250758815,504.9147427281842,0.0299477666882685,271.41718940666897,3084.368460867297,1.6684762253193268,1025.7713663214429,0.000408215,0.0071386229844062,6.684718613252161,10264.927541493833,0.8558333269320817,0.9093309908760204,0.4518929807431949,0.956116058137703,1333.322728261967,0.000379169,72.23320167313467,0.0118040437718561,114.73195704775604,1095.7642170210977,14986.58677619388,10032984.195902094,48.27286907321048,0.000476227,988.2699014823498,0.3090500786670772,0.7683099717373824,144.05511731522603,0.0125187458839147,8.83279,0.4947418177381641,1950.3314438829807,0.6951341722227988,0.5601935508543296,17.38053653543443,62.35853173436167,53.88213589421981,22.45485215597516,33.05222160098795,61.49004742017172,19857.68319202673,32.04617008042296,0.5895806096519824,4044.662815429612,0.3474959509009722,61171.52725537548,-9.091156727674582,147.746150936818,7316126865.409523,2.7392861259413035,27.53061235593126,95.962682410132,188.8506340940707,53.40602618621601,11.660409433122044,57.48966634324904,-304.01866661826153,724.4132460999506,16.98121645014285,1067.633637576919,-4.145470407601321,4658046191.157921,0.271787547091749,16239.471196797256,1879.2093991280287,5.8552,-5863.043347742641,163.8773385417751,11.564226979277214,0.6573992687012409,0.174711,2.1103476237994663,27.013975019053515,0.9170344463193364,0.7190009625427339,0.9998538533006616,0.9807569062996933,-0.1530877217282322,0.7000585516313006,0.494728,17.337872873400368,0.1907128460787762,2.75223927720007,0.6429171713815661,0.4054488543679288,15.219121320967783,1.5980644234457024,8.435487008074432,525.1325409432169,0.1920095067913214,0.610339,712.8920812318335,11.129850114669178,1728.3753540675516,0.00100254,0.0246944694673255,5.083288836293967,6604.243929909619,0.368034222720677,0.5942381971694735,7.594333453373159,0.4891212952795603,550.7814425521138,0.000389061,68.85984837037624,0.0152311,3.11374,541.2872816451219,606095.2054473585,593372178.4873767,2557.319428648701,0.00104556,644.7377265567802,0.2793724439438144,0.7298672747041242,779.5726778771502,0.0145054778169051,5.742169356810681,0.0565936990186924,190.726,0.8872013536982314,0.7934275345612035,23.46043669186868,45.07624923270093,48.42134995749977,36.65992357904837,44.13446652799482,35.535313296149944,37837.60112746273,24.458905289905008,0.4862706445496958,4048.290599861863,0.416864660415329,35917.97462407818
ID-1344,Center-3,M,1.0,0.0,1.0,0.0,1,66,74,0,8.547156628523389,17.643103250154855,8110.21,4.41155716921786,4.608016220151974,3.2121558381021376,679.080487034229,15.79684168974567,9.916541754162486,3.292395098766339,10.284112169666416,3.647737010199082,13.154605818204406,1.5778542753846507,14.53212012319553,17.11938113197084,0.4903115752550637,619427.7366718359,647753.1375320151,0.0609263449313838,23.165676976951367,2735.629947235197,1890789.6309316405,46815.143823388295,1120.1630393373002,34.068105276134176,0.9482046150726468,3.5935760157477685,2.691603864500068,21.60724931584525,0.5541925094391983,0.2027360442968344,0.9971935005224122,0.9500932769988736,-0.2979364550277108,0.98836788849125,0.3203805590264387,49.72993307263405,0.000347025,8.635607583081118,0.9440195477693074,0.0365840165186039,51.35917196128055,6.046915550052542,411.7454284822942,634.8403963354667,0.00931774192017,334.7267532743733,3828.193615556426,1.1374046692528852,3261.8080518047923,0.0012565155071943,0.0010745438186638,6.01584030836669,4446.2353803020505,0.947064,0.8695322755541149,0.5146146833528532,0.9461013632190156,26.058,0.0062388323924649,41.798755754374085,0.0780535431820842,120.08223927822915,1539.7174840088107,3.34623,11198589.175161451,0.00123903,0.025332607974606,2958.691470220611,0.32827054910211,0.4320772930517437,1192.346674040808,0.0140012388782902,7.847372236934881,0.1317302415856668,38977.15525233784,0.5962032347756907,0.4958209769599203,36.17596226443302,38.16934202773109,42.13549683608661,36.359724523363845,28.20848857612506,32.18111564860829,12592.452328818988,17.507236763085356,0.6353153822897788,2924.964967574039,0.4440205213227253,21884.250826504696,-83.6366844446921,33.3375,59473504850.77879,3.55064717853831,37.69308344990286,114.43536044720364,429.66617338102014,14.90228795968578,10.813543915347198,56.075836142598895,-349.50785329794445,593.9967686980403,16.20870228629656,1048.3648639721994,-0.9877759390326908,64031258409.86869,0.4178122088397296,3983.027283782973,1628.7653475454397,220323.45725108008,-1540.4549588477253,38.74745287675832,0.872695555674154,0.7158603883354059,0.7175972294248876,1.1251564466487596,6.436140156598421,0.6138792095401211,0.4527869269174692,0.9991569683450175,0.995225,-0.1705978233354143,0.9360538673807464,0.4096123060708196,30.024398622924497,0.1508456306735118,6.047067036853075,0.920413,0.494319017933384,67.29585771571588,3.702798152150709,14.533397595971458,4192.491179305222,0.3408789123929427,1.199990408736011,1036.761960608455,20.00584676850688,8215.266837249455,0.2072596495427116,0.0048051927037349,4.522208702965855,2640.3415586305537,0.5160775513283632,0.5142445795144304,6.003184132721603,0.6424017607321334,17.3286,0.0075049124494301,37.6105033647057,0.1898711982442289,45.6237054179437,3464.73,438890.6762187016,488097810.1568216,2243.5346483174053,0.0247224248860484,300.2057882373747,0.325334331044983,0.6260677491377443,833.2756682018075,0.0007532709853365,6.770106495057809,0.100591457596349,573093.2612850217,0.6821288230255476,0.5062121384600443,5.58834,32.92077226004479,27.3815758727535,42.97966741386998,43.45055168890781,41.426895548990856,3767.117592681795,40.79713752168209,0.7458354542729685,3933.861190339757,0.3512293480128518,22726.016797549644
ID-135,Center-3,M,0.0,0.0,1.0,1.0,1,46,78,1,9.32782395252767,14.209669216838511,2310714.80395518,3.672195306369212,3.141778993889304,2.7141937895953747,19262.24875676936,17.946184674877706,15.36722692175627,2.3248262781553235,9.15354815478454,3.085032243148596,12.226489567947102,2.5043110948371865,11.52554914962669,12.262230404463129,0.9754973423650192,355457.7240455387,5215586.132894739,0.00914519,18.92833079756967,3886.365055120048,4461016.014580701,15005.8655044892,654.2777912477982,0.897676,0.97466,5.9430702904353225,3.4102459219068013,1.1328417474459371,0.3357339017322934,0.3345333890865011,0.9909213542502374,0.9395518180112988,-0.3135281854872576,0.993989,0.101875,39.97036749190573,0.0103820644615733,9.82719287959886,0.9677158408279364,0.0017893311723249,49.19105797628581,6.144468365353735,319.7013198258783,398.1674530036085,0.0873366014016542,247.0178398311517,1365.6864975545293,1.887699074259236,116.083,0.0328711847956689,0.001042084748852,6.319464120255125,50486.56220220109,0.8832186743912065,0.9166841125260224,0.1042933617646995,0.968305342094766,201.65781581769,0.0099222435589722,57.77763594415508,0.00977157,394.0812049204965,588.6024671170549,9231.465136583947,5978743.26820837,74.17475422010048,0.0612941979050689,1332.563812427726,0.4936184608406902,0.594499701939153,695.6252737795039,0.025890241905044,7.1118975959698725,0.309549869614101,16177.523632288056,0.5258650814883518,0.3772804125049508,25.38761525214927,11.9315,13.6015,53.45186874401889,32.63279103148952,50.727191793277896,26432.96188303038,15.001995313855556,0.7165546924262086,4711.832107818362,0.5393728041305125,6729.2918124219,51.3066,57.10433330913099,1209502949.354824,2.9819381649021697,5.42996,3.83943,350.248294262877,51.03840131861939,72.39909870757425,54.876862843198296,-963.113864201753,950.0666450896356,12.473209646547588,1074.6567345066233,0.0734360310335612,26549658375.16688,0.3105279155778226,67.1971,2565.443916672101,1666987.4423653646,-11285.596885212555,0.664828,9.940887686034603,0.5307172626090423,0.174711,1.3529006450849386,15.662217895957276,0.7220878549726681,0.7634963174187677,0.9953752482307752,0.971224837026627,-0.1751505705360543,0.4751433850486003,0.2530505923149235,15.01734281170396,0.3342081291598812,3.362277177473255,0.6815716353576312,0.4777205476096776,94.95099631423706,4.284007418148658,48.403625921599776,1654.7821484919964,0.1620109156458829,39.289165745164574,2446.49551639698,25.56537732312836,4218.728960071625,0.0533401131642128,0.0047501785952627,3.552884161340465,10566.622509509676,0.5795721436758927,0.6181908339138324,9.784201751094816,0.5348832896139081,401.7597801157117,0.0109426893637881,147.47044434753272,0.1066265987383116,127.38486762639376,1739.444403543037,898153.130469428,307855860.1582897,6467.82437082732,0.0178032016923029,679.708522105626,0.3036476625656521,0.782106,1036.6030987486383,0.000562722,6.7627085173295685,0.0295442455551668,190.726,0.7160139773713505,0.5550945721910435,19.18516053270988,55.32622496759664,50.3595516310414,23.36099947771816,53.18655931251754,44.97116088614633,29269.39805213749,32.76704382731565,0.5716486870117116,5620.069147465591,0.4000801259978326,34507.02067819465
ID-1351,Center-3,F,1.0,1.0,1.0,0.0,1,59,87,0,4.730899129352599,14.74651685900472,8110.21,5.301147697894828,5.97142227376092,3.635360727507724,27579.57813833586,13.946349348693746,2.89068,3.572240988835544,2.71105,2.207095342989842,15.241920065770923,1.3158341761278731,7.413168176404589,12.443517015554526,0.7608648495206758,2087.32,6229609.632702176,0.0250470215507457,18.23665610161277,43.7843,312.508,53780.78644340322,944.8692900115144,4.468920887938985,0.8906218791038482,3.8468237263178673,3.3007793458281944,10.076541750269248,0.5956829925741727,0.3922806071622016,0.9958039336456468,0.950549705009866,-0.2655623389883135,0.9747910570857976,0.4067942447642805,45.94235147176576,0.0044591533443064,8.252507835974107,0.977199,0.0547500645161169,71.0149449732271,5.128338568089466,261.22514587606645,345.4603035800606,0.0325311531185386,308.3112234922936,914.1633520377004,1.9270957777405144,1981.93896263573,0.0392729478460524,0.000384061,6.0419104466011095,20701.08024374086,0.7658758394361658,0.8043950274291678,0.3637271205615423,0.9654773885036054,26.058,0.0013565175379429,112.86001445459054,0.0547152320624329,41.1778123073368,536.0464245288154,20126.021951857,4061648.310236544,0.00123903,0.0040860216401614,2318.910756614418,0.1697460688141396,0.4608962680640206,2.66496,0.0361833057978384,7.402599523283142,0.4796789824596032,1.09326,0.5316822053262571,0.7214111249585351,33.15582582567797,67.34585039717575,37.85279789772338,30.245217948364903,20.99653422689464,33.144756359707266,49724.698750662414,30.69932509340158,0.6061771967460645,4072.051022894135,0.3146732514062318,13294.931523904492,-56.58773308806121,42.610742910963175,47358462522.46027,2.0695056985412856,41.95428784255462,33.58368246122397,168.73513399536273,26.60355444526616,59.18881655065482,46.19001124927528,-458.5593168153399,144.178,23.736367366471253,1038.795234819149,-1.9094506157899216,64051164495.808784,0.1095667293664335,5801.432262567908,2676.820947579949,104931.4566227524,-4363.424517261847,24.279008922968742,0.3650143653714384,0.6571330635416777,1.3257197077041214,1.3747307496358254,0.181279,0.6225262745628903,0.6310327151024973,0.999872,0.9933775200006284,-0.2183799857988159,0.8284443670169545,0.4165922390437224,51.603813380332056,0.2883703292521622,2.5386058284419666,0.563861282142529,0.1775150893519338,74.34905025038638,3.187780510972557,47.01438003782973,5828.588241418875,0.2518314438649568,41.66558156965691,2877.4552155842443,22.12149008114835,172.295,0.0521342703413801,0.0091916952530638,4.304474088095778,106.226,0.2271510605499794,0.6889553324480009,4.496809717399742,0.4894735094324405,1075.020426289838,0.0034585287727499,66.53282291702821,0.1466362705772611,3.11374,1435.28525807828,205282.9294001152,868084074.1023285,5587.406850867688,0.0167513106065484,443.21594505153575,0.3535008697770902,0.6412690748324151,253.7815640059905,0.0154141700236492,6.229715206460858,0.0433824098497444,868664.6230394546,0.7966801475432674,0.7481598561442077,27.99068006862215,55.09887825592839,37.62693764891221,28.307951412022742,38.25414061663889,33.006548357862435,548.583,10.940271192743486,0.8201759542365108,6304.457577082197,0.4597458013044283,562.0
ID-1355,Center-3,M,1.0,1.0,1.0,0.0,1,71,37,0,5.489056657674812,27.167448535218963,9851421.63095354,5.704608127260525,2.321325900056214,2.350656794953202,34926.58443525336,17.893774181774365,8.901211282055783,2.1643469866283294,7.388810167781601,4.545696567472422,8.788299780543884,0.20577,10.228426174878924,4.4688376595714,0.9641248177661464,603720.7876540325,2809253.619761132,0.0224096802605939,2.7262927396366434,4058.258636900433,4278868.686726714,-21783.970308627733,445.4500334678311,13.48055200767276,0.9176413506980846,4.522186312843141,4.083029152006812,14.805872631584602,0.4869056589754822,0.5304062530644741,0.998305,0.9358955316765296,-0.2508464738615791,0.9784739237068576,0.3657387853612078,31.99222705964541,0.0071932029804496,7.627995561348759,0.9211940401905075,0.0129079602591824,56.74233266876783,7.108082301734394,515.4604757509264,1066.3596304571693,0.0694812471832966,95.79249267298184,3122.3960739887643,1.7095413992665098,3698.4131920560335,0.0060568056061497,0.0207825515503144,5.326933390564019,36230.92954576953,0.9442960176495748,0.9493319520477558,0.0353675,0.9381208148107548,2242.081502877033,0.0019722416590432,100.84447239984262,0.0474952260018412,568.2074715986159,552.0213105299615,3.34623,8647243.45224153,261.586556715638,0.000476227,5262.475890752037,0.3862323190443468,0.4770662667655416,323.63238559770474,0.025675797399133,8.653027015849613,0.6320214995728631,6709.665718004384,0.7943128889922755,0.4386912716268469,12.055942988318153,71.94278774571407,48.12076718417303,58.37771855172434,33.16901890085404,42.02085720316953,19550.0793495377,39.16353627700318,0.843337,7728.610737958966,0.3663112296886621,42974.56247757426,-1.1809573757463545,85.89161267181977,17740727824.47084,2.734313485514461,29.23078429318725,108.43681074736853,66.3085,65.46654006032506,63.299078794861934,32.48387376244844,-42.38313872975782,747.2975123039863,15.122570896485849,1082.15137240403,-0.7537315279708129,17953079734.414337,0.0808784,19674.89667159305,26.3153,5.8552,-8415.592674994927,0.664828,0.212363,0.6597779685432682,0.174711,1.795547429035609,5.556731416507516,0.7330127034792604,0.5310444070830761,0.9995280479273896,0.9909864030524694,-0.2496613532317217,0.7011932521552553,0.4336996183851219,31.4917433766332,0.0125889,2.6170398045554486,0.688887209802,0.084546368502512,38.79354943996934,1.21574,20.46630719422077,49.2996,0.2754266360313788,38.703159513655685,1254.0587139555937,12.131426249792206,172.295,0.0743538901649584,0.0040255792855194,3.958540297642153,7049.545437317492,0.2286908451659663,0.4166819963346456,3.262703842156875,0.7214905322891033,544.6559524573579,0.0041718033336025,3.90476,0.1683087235946407,242.7200808805326,30.1957,865203.6968743093,63095.6,0.225683,0.0217689404808061,74.7250017763085,0.5168063177655964,0.6519414219173317,6.83919,0.0206430193180818,7.636074669005343,0.0300190628456386,134222.15323098475,0.7750805095834641,0.6270356743754432,24.62274485289608,22.4871702521542,55.64486695928211,43.25741551486488,40.65741564151463,76.23596785612382,37134.06862181344,17.96664474597335,0.6759372617207039,1520.624368801083,0.3786332476237083,74307.81033455528
ID-1357,Center-3,M,1.0,0.0,0.0,0.0,1,62,76,0,7.345847885105618,11.308707489103387,8110.21,4.88827226799352,1.632085002785672,2.659508074153653,558.0,9.533027798004625,5.506823268703824,4.531713378625177,7.048296761243935,3.682158393688459,16.51062443562583,1.4584234993060714,6.83983295675948,16.23744577455321,0.3261252501588696,192891.29622147745,2001650.3465285653,0.0415322966803048,8.168078170860678,1772.8335558390136,8892245.899973648,35309.86478452688,1754.8018922691244,20.98505771225904,0.9034931480649954,4.082518611294525,3.81282808176622,0.393348,0.4023466028733225,0.3979705589585744,0.9889224156703228,0.945186829328206,-0.3370870515026476,0.9829173554627468,0.3621850326936121,33.35589653734107,0.000347025,8.513323574078237,0.9527203496511272,0.0324617979493046,77.95661315049082,6.8218828144757095,3.02726,91.0786789812096,0.00917615,198.3311115983101,38.346,1.3060636214032355,829.5239551298273,0.0186925904499023,0.0041684995792843,6.848830483904534,22674.26760939391,0.7014785948172273,0.8570145803379289,0.2683496783905636,0.979283,1203.2812313415443,0.0228220151789337,239.6634280954779,0.0668761927070338,135.76220055394944,1609.5098766388544,3.34623,6485.56,77.24660744968443,0.0107678488964615,1932.2119555891195,0.070562374045456,0.5641136653375844,780.0534101377068,0.000418855,8.819805947481289,0.00671548,13905.526327049009,0.7696188133866876,0.7212763245038882,17.566324881774555,57.05579130729814,55.729301954308255,43.34596183754314,43.941351746263365,34.385644851716705,52872.559126738175,35.48506707623461,0.6606181245765956,2666.233513689153,0.3455100340009332,30233.91203356353,51.3066,108.8763758220415,11511687848.809978,2.522258803558945,19.551660333182348,34.33661883359335,109.79674958136584,32.482678890291446,26.741858449940032,31.377068212673308,-141.4911616218448,683.5925370974084,16.026813764136882,1056.7064728978874,-4.896610753070711,29535680756.34784,0.2228757960991743,23922.253249356017,1545.9249787769288,1312697.5370198467,6972.19182294074,0.664828,0.212363,0.6176191020517843,0.8504612553778799,2.5143222710478392,15.36283740085581,0.6744867008799111,0.69241983736745,0.9965025783068092,0.9587169930630148,-0.2277947240422196,0.5406782540203892,0.4494613468403836,11.800926578573677,0.1321673708081295,3.703804450448561,0.9147408308521482,0.5790713629030693,80.85878799702976,2.543862090136846,0.224451,1855.497687997948,0.2814932224448769,25.87160601227726,713.0290784873487,2.965911211544102,5576.2328190592425,0.00100254,0.0213211179003672,3.916724767061115,1124.6894580794124,0.5589496490834472,0.772021619081703,4.92549921383433,0.6468848274538946,321.6994180011999,0.000389061,25.9285896531469,0.141401846921969,3.11374,1164.1436092800104,735754.2839124277,743058925.1909776,0.225683,0.00104556,208.2904681962383,0.3576264980596149,0.6912280387103483,816.1208642140906,0.0175374356359827,6.974585663628578,0.0854912192353108,617127.947195038,0.8302255820295162,0.4561874240506865,24.22115794833492,26.648589576150727,52.071494866383226,44.35717395769067,60.20614671822676,35.360791979230335,8132.420043559462,29.77505118882233,0.6096201356854868,10015.411803303628,0.3835610303655788,562.0
ID-1363,Center-3,M,1.0,1.0,1.0,0.0,1,59,54,0,3.5349572626377377,5.863645670895822,8110.21,5.929901564490668,5.259741092927636,1.79041,44884.28983678669,28.23501347432255,7.508462487500347,2.7997378000916324,9.265365934976314,1.9795588919267693,12.377775030823646,2.2464010417950826,14.49541014392732,21.81133516549114,0.0722601534718451,309714.952253312,5885975.829144528,0.0530045592726815,10.226878147215064,2210.9045994691705,6150171.942571531,57436.55669035203,1048.9881691588416,20.098777602159657,0.9118545463612234,3.768543850440388,2.83040255681527,27.29020625850924,0.4756109678341068,0.5696716532405719,0.991808514275791,0.9446434093414596,-0.32766803707187,0.971484057122764,0.2856273290557785,39.22358738681751,0.0189837820438247,11.8075,0.9491445586852804,0.0469454368998202,103.21736118007448,5.513423323519109,593.6702483193418,36.2218,0.0134456554672252,317.9359511959435,2289.393170993767,1.3716043935728546,1682.7184289288264,0.000408215,0.018081959108568,5.782477260618319,4352.18574736313,0.944465875132277,0.7410695846095169,0.195406979255398,0.9143588319047884,742.0191158976188,0.000379169,190.64832565370293,0.0253858889018936,6.42722,539.4839768774771,3.34623,14404816.661884695,443.7974405776231,0.0047240468606299,3983.695273829837,0.2964673015285518,0.59578942215621,2.66496,0.000418855,7.313269435549084,0.4692022524407085,1.09326,0.8035917317741198,0.5689230497876743,24.51602806910785,40.78696737136854,45.626993779557296,48.68615252712815,32.52692713738368,57.233788062963846,29482.74387859541,18.88167433556736,0.6824081191784643,4249.970676206979,0.3374102763655363,60263.78532921533,23.17429756826531,80.0069008751659,47482361148.37391,2.777477699862864,15.248295644688142,190.3892210236776,66.3085,11.626272848469611,4.12072,39.94294950917111,-517.5824888399336,144.178,32.230907831864855,1056.744923315711,-3.226333108571729,27847772160.026203,0.5760388874856807,14172.445830437897,1466.3115152588653,1060291.2810748194,6476.525187871192,91.93494128776013,10.898002543762589,0.88323258792963,2.123544184540495,1.913704399283652,0.181279,0.6256379590824235,0.667652092296597,0.9966132299063654,0.9623443462907036,-0.0627388543835744,0.6724849133923877,0.4768630942375453,49.046682673752414,0.1479538765003716,3.128923902256352,0.8008858426991797,0.4592376751942938,80.28268336458213,1.9414284702386533,54.984996161648674,1515.606216780773,0.3007056191420944,21.86252097758244,28.9544,12.547191710342148,9529.630400027225,0.1195784284823372,0.0100336597888802,3.799420722534013,16064.239168395228,0.5006746627569475,0.4881434368454784,4.393578581470419,0.7458832125139531,581.013102584144,0.0184390788449908,50.837203348644906,0.1747999694645642,132.629101664759,1474.7456947999187,249009.9413158992,88069282.03261754,4945.985448528669,0.00104556,51.333028577890175,0.2459986816876704,0.5001239984263314,1276.8591496128574,0.000562722,7.331793711959851,0.1278843351638209,998.9109834517584,0.927479967457429,0.3696648783740593,14.472905236815397,43.3265353751036,36.97048571845279,35.15868300900458,12.1655,66.86935105808034,8129.09128047325,9.92882,0.7169786522812052,6539.451422076285,0.4544788562646624,24815.55580493653
ID-1366,Center-3,F,1.0,1.0,1.0,0.0,1,40,63,0,4.503332352188972,13.313159710404966,3448429.716208176,5.617380798193711,4.238502916219157,2.3925320344969303,558.0,12.142600767799046,9.096866750041745,2.351331514533171,15.36662169806752,3.6548064311413873,13.242400955450613,0.20577,10.755669653463,11.362798974213794,1.1982284754906527,614278.6655320534,4384539.416379522,0.00914519,3.136357440810972,1410.70110607102,8450817.536630666,-5512.298376219759,11.2113,0.897676,0.9654014085401382,3.2828823789457147,3.7289178073388434,37.32927042609633,0.180761,0.3926280754676591,0.9964557928029074,0.944350166757796,-0.3449640150582495,0.9616423671369384,0.2715727245223146,68.50983349368424,0.0218399654118899,8.458684671950023,0.9124568300509808,0.0246891168466649,73.7684120957829,5.52721381182263,451.86046612239016,602.6129184507216,0.0475533737674353,3.51945,127.81458021126306,1.678198156180806,540.8057190125,0.0032334683225236,0.0141426372749867,5.615620856952781,4788.787344111537,0.8465229622311389,0.8454439566781011,0.5068478758344676,0.926650330648305,789.9687785315404,0.000379169,178.4208835749759,0.0556616801776502,195.24870282846123,733.1663765911487,20288.513189823545,9595646.155014796,184.1090993328185,0.0565222398572295,491.4755683336398,0.3007105692169871,0.5192350127694697,1156.214432497259,0.000418855,8.83279,0.666228,1.09326,0.5289855523452597,0.6721729684363477,27.346389288980937,44.96375178008532,62.98863407880831,27.53905054627268,31.818791866923807,48.75022968241582,16186.402144629035,36.97997461647464,0.6203857616696073,8087.164879590645,0.4869355870235829,14252.31909898225,51.3066,120.51675495006737,53643523871.66528,0.829978,11.532931493597864,64.94161711733162,121.08602550439038,42.87800564328314,49.81589512310623,51.96665035484722,-32.3284,1759.8686972531502,8.843040942634843,1065.0350687539465,1.2984391230693957,3131675036.5466805,0.6089389695584626,15550.11060425362,501.0012725543505,1384780.4218322453,-1782.9495666602766,0.664828,0.212363,0.3161023581451985,0.2333645166406453,2.391566156254868,0.181279,0.7323218841826833,0.4166632034922553,0.999872,0.979565519321688,-0.2125635784526367,0.8247929809537279,0.2550658512115292,11.053350852543858,0.2257521760594277,3.4942954020364394,0.920413,0.6938158416551282,46.36559670164031,1.679998289002959,30.169981685890946,3360.975292993447,0.2280187605834234,29.68442763309028,1376.334178495008,32.123175676130586,5279.230609996552,0.0044489940850516,0.0065228070877531,4.128217630404271,6817.957581447739,0.4679358192903248,0.5376014639319465,12.509805672688636,0.8161290905604822,308.54165611531465,0.012981910728844,3.90476,0.0762619890755972,221.22090133762023,30.1957,561776.2414591415,398827048.1671477,4836.753010239714,0.00104556,1532.532213584907,0.2541972182741077,0.7184301937738936,519.1711153960082,0.000562722,5.733837019570817,0.0452452603147469,190.726,0.7199157596328688,0.6914084297508089,27.50419018427962,25.06784452711976,64.883218490483,49.15219318877187,56.21329649959165,54.24006343056965,602.2209276102976,9.92882,0.7643229499902776,5385.705679825977,0.5451022906223677,27904.40862320119
ID-1380,Center-3,M,1.0,0.0,1.0,0.0,1,61,83,0,8.89920975482153,9.656337766075897,984571.974957834,4.987640019432126,2.898335991593707,2.7168536400863945,558.0,6.4045935923083634,10.548305097525398,4.502136078864105,8.459531256616604,1.8774360532995509,9.675538018238576,0.5687146582308416,11.947061306324496,9.743241470427554,0.2454643046823028,218188.56934669925,4135880.951658765,0.0208671493087516,11.35563439671376,43.7843,6798531.51715158,-1332.1530176576862,1867.7519158290083,17.10448441274292,0.97466,1.1527531485735985,1.32192426882641,7.630964710012666,0.5897072256935797,0.2527660311418728,0.995117813079846,0.9453025939547188,-0.2926897625357512,0.9653664787140936,0.3914187235195595,29.491346001998124,0.0127200662524686,11.8075,0.972700963724016,0.00134553,75.23789629635868,5.487613408530345,118.1278685957058,36.2218,0.0597022834692175,705.6042291934281,2556.041765589052,1.3960627400611827,3152.1426512155736,0.0738639280086756,0.0104569517070403,5.3990544755556975,25409.062734470248,0.7324030310815604,0.9512130058368062,0.3817186510488627,0.9322700970888445,1057.9630079814467,0.0040566127075444,107.5234032755679,0.0550286828990324,357.5900763853457,1921.767449040624,4981.570805118155,5029628.679264913,52.93563709595031,0.0569659733155791,2263.955731940668,0.0982526444666067,0.4205958635619651,1709.1714330879904,0.0199230697322272,8.38833947391592,0.4007466149971774,4288.298083059938,0.5243586054309056,0.4871134630724692,20.44608485969072,58.55191990543847,40.32162771838711,38.01068543833232,68.90775070034657,42.66491965231659,24886.976760486414,37.407027416991056,0.7372779604190549,7514.236816427896,0.3201018683679912,26590.23982925735,-81.47634961923731,105.1860555296665,23491543629.42964,1.3519278704910835,32.48847958460201,55.25031136354709,699.6664743300079,65.7091846346448,18.357780629513968,55.86510203835707,-39.94088969911938,180.1629723082324,21.855788653770656,1033.924291149025,-0.8871393364350925,5063266213.32378,0.4944454942583388,11111.824212111978,781.6386455917338,5.8552,-11414.313962431865,128.93228894609007,22.88454478384033,0.7164585544428733,1.40000923869075,2.1747852235397502,18.82335688429416,0.7153725019874193,0.6725280793847727,0.997429973833422,0.9751132728889236,-0.1553191088214169,0.5507953739853965,0.3809509139332456,27.226069929198427,0.1160327393641848,4.06074488977596,0.6689449807361384,0.6678422853343491,81.95294542330014,4.069502486001968,8.642695341411988,1288.8291376491738,0.378310003014832,40.31256003183743,28.9544,18.23576688127704,1328.5692065705523,0.0971180845483628,0.0237071037143128,4.293961208842178,106.226,0.2885963961380882,0.7062340319629252,5.250205751811868,0.6182454231448534,1249.662281943489,0.000389061,68.78243587840534,0.0476950739597215,3.11374,89.49558071207619,398616.678080692,1096460396.6823416,5637.005935836796,0.0335543292717995,350.9411125317457,0.4690974885752128,0.4137621702510535,983.5123377459036,0.0082614612922993,7.478736892725683,0.0663250090599281,83230.2598002179,0.7515751881179322,0.6727876571304636,9.376041424908989,50.99818003620626,42.23551308260438,49.27141799382834,35.24482830308806,32.46946118659396,17309.554636831246,13.797729074371736,0.7880455301634239,5561.187960454996,0.150970440122747,562.0
ID-1382,Center-3,M,1.0,1.0,0.0,0.0,1,71,37,0,4.800795864776839,12.913829308106733,1309735.8237808065,6.299001615389501,5.397987041167784,2.0420644613888093,29368.263780919664,11.689335861583018,9.80531912476755,4.368455104506519,9.743345391309846,2.959964021353547,27.06305861958805,1.6750595195185392,8.279365567914432,11.59977424438702,1.0309242488933652,546368.6542313776,3379569.7882820703,0.040005452471061,16.23875042975617,2494.2639962112653,12251313.247748656,-8855.021815160359,2185.458088541529,37.37580331525494,0.967261835775802,5.0623771921371485,3.246383421773023,10.517585503073894,0.5395162118381698,0.1483018000552272,0.9946659463517212,0.9575977683757754,-0.235993,0.9486253242596046,0.4107244610000824,23.36759677346124,0.0032379172008777,9.03877817379722,0.9375748901122454,0.00134553,83.72107025888596,6.168527680846927,243.84882395400413,365.849820223948,0.0112648261720814,4.997522433329692,3695.897522536028,1.2175942763719223,4588.851410647103,0.0575926079214154,0.0186643312713295,6.119731170514611,277.587,0.7749526981891866,0.8547106562971796,0.4919881574827381,0.8939009507816824,1309.923577252949,0.0132049625489894,1.93333,0.0526957316338599,429.9275130582807,1540.4546480417969,3.34623,4794868.087143445,371.19043906944216,0.0346093972778315,2294.994415284534,0.35069492801667,0.5891459268940133,2.66496,0.0212427433998087,8.641317609672829,0.4518316115487698,61055.93691344364,0.77659188184,0.686164251024799,25.475298473992456,54.18155981382567,35.564302639895104,34.45819439191527,44.94472978953769,61.21548153773109,45946.85172697892,26.185480715878,0.6062426387506172,3555.533480498875,0.3847906903797791,1834.298113292112,51.3066,33.3375,26239327084.999043,1.6756473418001945,21.366578621535545,197.7140698400705,330.9091934846916,23.323548552706384,22.882640541196068,34.72599392766609,-608.2750433761768,144.178,20.22639787210745,1071.8386715067786,-3.655992508809197,34121936411.90853,0.4401375143466315,2790.329589551028,707.8067295127488,421481.517509039,-1704.5631690460805,130.1505402707554,8.946298024862504,0.7407316063503906,1.6425189295206706,1.9438069259820008,0.181279,0.8336914016340757,0.7876969689245193,0.9945661649970498,0.9716428333673828,-0.1752092180683727,0.6102382476598092,0.4452688058437364,31.26432901508596,0.0483142449155585,1.41363,0.9147554007760615,0.3270077242418099,84.07153585850001,2.8392791178489603,17.013345388764307,2710.366460643799,0.2229392833025517,34.30269394917094,592.6392598523192,11.579243721949007,1727.8276693229743,0.00100254,0.0204279587684812,4.715836188491849,2326.3427128632056,0.3828173519665917,0.3384742236193392,0.291681,0.7141270792638744,2027.0653324638893,0.000389061,27.33138302600297,0.0769137972257236,38.87745553791218,703.1651215108045,397111.2685377613,1175703673.146239,0.225683,0.039262216160342,5.90323,0.3419613893384022,0.5891421197822319,636.3898682894237,0.000562722,4.808426860782446,0.0733192442699462,365757.3817684186,0.8147860689705413,0.525879515363332,21.1420331708104,31.70345233216851,21.339429807452746,29.22876743759604,78.88843375717404,82.57292455174013,15564.073980908965,19.662491082933823,0.701756838165587,6049.603012772472,0.3624673332569681,10719.454220092694
ID-1386,Center-3,M,1.0,1.0,1.0,0.0,1,49,60,0,6.754880893320369,16.906011518631377,2375227.4618701674,3.8992898815826,2.5780452113986434,3.32843601203148,34686.189726098935,12.75002873686785,11.653785854327571,0.5744971731892927,8.833438869646509,2.693591511511848,16.21505079789301,1.2810037515203745,12.54038431322724,10.0802361883746,0.0146232697263808,649730.342383929,454537.86114646425,0.0506350977581173,4.078122860253668,2315.004762456187,10271148.634646108,23293.51414664408,1107.627854274028,20.23744583811314,0.9151047697735812,4.885325831978154,4.244097403496396,19.76422902414183,0.661545132925346,0.3486459483811723,0.998305,0.9451729820141724,-0.3734641091545563,0.993989,0.4478376882020559,49.59025883032954,0.000347025,10.83433438382538,0.977199,0.00134553,58.57583977705576,6.9617589879531145,662.0367496339148,547.7741575450535,0.021159865686823,390.8824583235632,850.2056535889232,2.131814253530224,487.7202620519867,0.0230122234677968,0.0156669571836024,5.314655807829846,17709.8842255717,0.9263519992670236,0.8954528815301603,0.3084125530437425,0.9470245566944095,1942.58946172158,0.01989229415335,118.8085744630568,0.1065389692495585,289.1893776513767,245.80465640566507,47509.10354559068,2783298.12815387,0.00123903,0.0273070316043816,9150.651470924508,0.1513854032989343,0.688216124128213,2.66496,0.000418855,8.808345572509388,0.3769230170231234,18830.698549944307,0.7448807617284939,0.5346657360153606,31.636585379143003,34.47751821115531,73.27732649307872,51.55948800688627,56.1495504958137,47.71313204190438,30464.164013557085,31.884839604994728,0.8150165126752672,5224.937819114688,0.3319719873079,29716.48093737038,-8.508408653964212,150.47122803831644,20530722738.325424,1.1463781103595565,69.73681964198752,133.44983033332585,872.191917561486,90.23580202835842,4.16362472716998,38.981394666680025,-488.75248235164014,1237.5001494537985,6.611182738923297,1031.832954526195,-0.8115654332651366,37219904334.94403,0.3465429227014198,4728.635884984326,1689.1216529110434,1869981.4995286528,-8349.518696015419,43.08163580409235,22.822626056328502,0.290925,1.7355815268132422,1.411069226298124,0.8662563973284181,0.7811750129062394,0.916126,0.9988476568134016,0.9801934897383076,-0.2092305183635843,0.7107268401845643,0.4825769224390406,42.68203241126518,0.1476961239478848,4.579655790949985,0.6973833724282258,0.2808824864441754,84.95158273598342,3.737734975153693,21.291303098197005,969.251722554736,0.2539314885220138,0.610339,834.846972380153,13.62193905338603,378.8869257789274,0.00100254,0.011417113961157,4.955001869528025,106.226,0.4142650449061044,0.3820029826725758,7.824451330738121,0.4917613674271192,533.2359310281406,0.005735142741006,76.2020233272482,0.0752066296655736,44.94015648266909,1205.4815623794907,214.609,337996361.7771354,8185.287261982081,0.0593276763976146,256.69281504879206,0.2999405671296218,0.6719346613081243,1078.187874608181,0.0285627963188829,6.569242586576725,0.071248179197221,571836.4341768672,0.8180467236700347,0.5093576839221502,37.78339784492361,43.89256822980906,42.35463446025877,49.2730598129586,34.74784082732469,47.87504786010578,27400.18825547389,29.844924407243862,0.6342861246652356,9493.32055568616,0.2998745060715812,562.0
ID-139,Center-3,M,1.0,0.0,0.0,0.0,1,51,80,1,5.127339504324584,9.685972562417271,3185498.3711430244,5.398989986751552,3.106443210514592,3.095617312441688,17471.97633634242,24.00733154117269,7.788834851817098,2.0324930316852416,13.257651713159554,1.8707142833171693,20.27279753992249,1.6895138847935731,10.216456694974337,26.55766480742469,0.4243882980852057,240244.6891067948,3673580.549335706,0.0412651064614989,13.095989560206243,43.7843,5741668.8443463445,-14396.039025120215,1824.3205733272143,33.97102260288105,0.9534875079854516,7.393615059179616,4.4432,18.16092502166661,0.3470583973242466,0.453842252780455,0.9942024714508868,0.970106,-0.2906298294610959,0.9623114913010564,0.3027300684874028,18.0181683653758,0.000347025,11.74823424844509,0.9508896804128218,0.0438091309914849,109.12928659365927,4.593480550022603,3.02726,337.3466248011105,0.0488967209147412,267.389720502272,309.5031285949902,1.6595666068374724,3452.037668667452,0.0127308773741995,0.0178150670471466,6.779252581080051,29853.120059010693,0.8791222415072423,0.9329189040963872,0.5149524800570294,0.9227164143474842,3343.7480731420524,0.0146088287748023,55.1421476958909,0.0413524464211089,162.27983292022645,2311.096265892317,3.34623,4784457.022087208,0.00123903,0.0158469115286385,1240.0858227357576,0.3973349797176274,0.574835807341725,986.9844184145682,0.0201511915444939,8.367203486278466,0.3552148749889542,39464.82714206621,0.7396612845762139,0.5520620753620868,19.03147217710719,29.41960389036189,27.12815374248329,31.62211313625001,74.48249411508264,46.19111116498721,41295.77227706313,46.420883825795066,0.6543641036439437,4990.009269769444,0.2469915030678904,7373.060184223525,-3.115640133460128,115.07986883404833,79195153536.55411,2.476288553414927,5.42996,77.22675898332669,875.7480814997955,35.11423965257038,24.90759970306754,40.11924934375195,-834.1136749010424,1411.1811317537583,18.211919298343776,1060.2984013734251,-3.560087125788997,526132000.0,0.684836,67.1971,885.0739190227248,608951.7110343655,-3486.5596470896403,7.944629996891788,15.012848334779989,0.7355608351997314,0.174711,1.9248521047778515,8.598110284144965,0.851065244510445,0.6162440130740843,0.999872,0.9891383254458772,-0.213782830779338,0.6528629458497675,0.4372270147108384,40.6631025905983,0.1352246134141415,6.339368959202504,0.7777274668781559,0.184813406541747,63.536922457325794,2.837325092110091,50.41814521072683,487.99007729944,0.3493044252237429,2.796826061541535,1419.8836602394604,10.37938758762205,6013.730916019361,0.048546053202194,0.0216525445216213,4.855226539862505,2065.059948085024,0.2609201352527596,0.8334568029110656,4.662401386478033,0.6896621478869013,881.9617368328047,0.0113056359629439,60.69152221444835,0.1153188491854518,3.11374,1653.8927135230686,214.609,713223839.120713,2571.151826046112,0.0163916918397029,1485.9813218686222,0.2043143313708404,0.6203214242229121,1728.4131633556676,0.0236534504127346,6.68898230538337,0.0797937769845211,685215.0345264983,0.957316862710554,0.3994265289161662,17.52444815591495,39.84675416452892,43.13225975960384,66.25824383607609,34.96163221358085,42.01816402506566,27079.110144404527,28.6651517539432,0.6857453358710464,7677.688570322958,0.3451705736115537,27482.048431890697
ID-1416,Center-3,M,1.0,1.0,1.0,0.0,1,48,72,0,7.435626555531558,9.777185106298026,8110.21,6.024093804558462,3.824598964179336,1.883996769654188,8982.868515011689,18.585528502902022,9.912947598219674,2.148111862488093,2.71105,3.0626991182363383,18.89325991709219,1.3212551440349296,7.803325651079566,12.396246916546383,0.5658168926279346,281346.7117216643,8110.21,0.0097681277514369,20.07586005422393,2234.625947462192,2250649.132723752,-2404.829080772118,1794.327325595461,0.897676,0.9225409358679328,6.517850931447542,3.7715890555778353,5.235270526122548,0.4399181928175805,0.3645058725562621,0.99332636884946,0.9665411956644784,-0.338063643048407,0.993989,0.3594190226368867,25.62112025606316,0.000347025,7.40660065175337,0.9388545265755628,0.0381304091274203,58.83419879697669,6.127106816936998,230.8294179204292,869.7932160792009,0.0204175979984935,589.0926352410593,38.346,1.9504057355961728,1844.2566778947603,0.0215370807884145,0.0145329993729489,5.046436003712636,488.7548133642481,0.8744354390834476,0.8519107487145529,0.0353675,0.8933281775884246,2681.3865672583684,0.0169775247715883,241.4725547315998,0.0477002069290153,118.01264660301948,1925.207825719585,21625.924547238348,2737398.6945533943,0.00123903,0.1274281645601749,1902.0971997723525,0.3010645489239184,0.5769677232026964,1031.2972281899165,0.0295226930560188,8.361957821199283,0.4364090004391592,1.09326,0.7461185605285418,0.216809,37.28641912533564,21.9115060765376,54.183055882575786,40.87520334869806,40.11614527447412,40.55392245609518,64746.0698705672,28.23365979012046,0.6358503118196185,4228.060002218705,0.13282,27285.72540397344,10.46658442260251,33.3375,17046733678.754274,2.5737343820674887,34.38326370643722,3.83943,985.7112961096456,27.834961956473368,45.01049138288478,48.79113295567,-467.110990577152,631.4605806554133,19.657327263913498,1054.5037827255096,-8.74599,526132000.0,0.2993644814835438,2027.835884516115,1317.1450081585526,5.8552,-5894.977580663377,4.982767594423024,4.63556606892322,0.6305864606081658,1.5704910503482492,1.9057184223070425,7.2595544543323856,0.5206428170605362,0.6616575668682834,0.9964112217737164,0.9739119922142876,-0.2469657606828497,0.5507865628927889,0.2697201392189299,34.583303809676906,0.1835971687368593,3.6101334134132808,0.7644282113890482,0.251827287451057,55.53937493470527,3.9696698268634383,32.490054183504526,3688.8399438283977,0.4335265785212391,0.610339,1355.711872023427,4.3861379231349495,11867.221471870704,0.236425267895187,0.0178274319589056,3.7543739244823895,1614.5789532507415,0.5516192579255164,0.8068689481653437,5.7475203527296,0.7891972562492173,17.3286,0.0109696308570337,116.3097364677342,0.047920118134121,98.12842240942174,365.3122992257514,48684.82350368491,783300133.1971548,3812.919722984323,0.0098984741678509,397.12702791231527,0.3823147478214102,0.4924362617657608,432.7676517599704,0.0505530380401978,5.342143760821776,0.0112885577160989,550751.1813854504,0.8000012136113868,0.3245781574581346,26.79711225256067,58.50638073397128,29.813510226987816,49.404191483015374,29.699748258469665,56.43884556655486,20383.136943810827,49.13246951528477,0.6888313933678608,3522.6819285352867,0.3690610121487975,9020.86229844091
ID-1420,Center-3,F,0.0,1.0,1.0,0.0,1,66,69,0,8.11950652110781,11.378612897244905,6666173.165673392,5.68495095554174,5.903944693935263,3.0002175473367747,558.0,15.738291586961116,9.174948718722163,1.503609364558152,5.249377606809709,3.169525084938742,15.453680604195512,0.5062822954111035,4.847267641642329,14.20109519825214,0.1470572071534127,159650.70289730668,4670511.349996998,0.0743197558312339,3.577810877050462,526.4589525819462,2940003.559916036,-8609.533836682771,29.404177997969526,82.45699503993731,0.9338816079745654,3.187844399263708,1.9792633145031848,13.177731262954556,0.5007345043549147,0.4261348400222905,0.9953026501575052,0.950602207738516,-0.2758582223031093,0.9589366073398816,0.2289396896862466,30.98797229866136,0.0009485469953571,9.437632394447796,0.9550590554926326,0.0282377085025995,79.58529208256627,5.78274633716159,96.40142133921933,36.2218,0.0217019156972724,892.0599708646353,2699.3577551692265,1.09603,1109.744906616069,0.0116023655530362,0.0105589887703455,5.084607994295628,20714.020481424097,0.8984904360732999,0.971112,0.0353675,0.9321958487732592,1017.7098666961148,0.0207133632605043,180.96311535383904,0.0486735182375467,673.5622811785806,917.9518493877132,29661.689783922404,2305134.001020776,179.26458636766722,0.0428208470319929,1302.1678540987368,0.2875469865909778,0.4331196144038529,509.6058488409196,0.0223357136298495,7.201995003805426,0.2067775482878524,1.09326,0.579925518149446,0.3835594471547513,33.10729897192095,31.33004298782639,51.92475290958304,45.6156741496438,30.49616697518737,69.38923427914929,47701.5636195188,37.56247923725255,0.7964541127421232,3923.977413740079,0.1759912658522155,558.0,38.32747676647095,168.85128055035685,25337073103.461395,3.5062260344354743,30.54182507190605,38.62529651620127,427.2768844714892,30.8783198802344,13.151854684061725,65.1334,-32.3284,677.4639639887835,18.01377761367037,1023.5652307914022,-0.5892177346800967,54735363630.39645,0.4077772945293935,15427.613365905769,2032.1666500667684,2169608.9371693786,-1390.541942898777,123.24721928732193,10.90819459062412,0.898971,1.181027687712305,1.853664883327646,0.181279,0.8972569409727946,0.7418462595281128,0.998109329743646,0.9652204621357796,-0.1948387437992145,0.8783487529139777,0.3550773698682478,28.999479852343583,0.2307358540203821,4.718214416034338,0.844439627221103,0.1945304948653834,83.9678043871138,2.250847558939028,11.405969597104312,3268.020593937365,0.2466648849609848,0.610339,28.9544,8.650664889023046,10860.920462467511,0.2442786295939128,0.0020729499795942,4.946940504004567,106.226,0.2383132213800178,0.3982635941543886,1.4981781138602288,0.6931681895127549,477.4571636858833,0.000389061,43.40768302014156,0.1787076049384555,180.10869465854918,1096.5851708936525,158661.51337101357,334567739.435723,0.225683,0.054526919884608,246.73480731334843,0.241217504018454,0.6405127619158494,823.6874431414628,0.000562722,6.9320375431218215,0.0633140430687962,252875.59267512555,0.6871033139409449,0.75795809056088,25.48323909903389,53.48143728464501,36.16877799152639,42.321061132791634,36.915367699572506,61.88645512128146,12220.59890430628,38.89004905001718,0.790859483043595,9403.253140208166,0.4257367363561081,562.0
ID-1431,Center-3,M,1.0,1.0,1.0,0.0,1,51,37,0,1.89383,17.016914846583735,1447679.2250589542,5.08962216224383,6.166333673488347,2.846754266950071,56186.12863494772,12.663908863287162,2.89068,2.0759854188700846,10.828890493752509,2.942297986075336,16.0145879338814,1.372922644517541,7.221579501231278,15.575512571436215,0.3788338685172884,94964.5553993222,4422367.676443611,0.0963007652970097,14.365615758206548,1082.0205757392207,312.508,31569.471081722928,265.5956532462467,0.897676,0.97466,6.961896773015232,2.141388963814998,15.938403295217306,0.3874357870397334,0.3272913004839163,0.9977831063270844,0.94306662855899,-0.3432367648043905,0.989389755851148,0.1214534929732578,56.39997309519557,0.000347025,10.102196774135807,0.9147045924586278,0.00134553,69.70592944468595,6.6387494297736405,88.62886719897486,826.5998204970259,0.0569932684434298,75.2312905536549,2801.6224226064883,1.3888244112331154,4962.216950067103,0.000408215,0.016408923361551,6.852826146847026,12792.191578888462,0.7920774457777372,0.940678734325055,0.0353675,0.9761680748059236,1324.1802342442252,0.0077857749161935,77.8671782582904,0.0270682848360558,172.8306185189786,1905.752736522268,3.34623,6485.56,337.003276964634,0.000476227,2.18182,0.3433387639373838,0.6165146687757086,289.4650358115576,0.028008845480995,7.845015674002348,0.3037269544742473,24706.018448742136,0.6583621008938174,0.5435731844638516,23.65006388450341,11.9315,52.29012914771217,49.190977352866256,35.79386484935725,23.282585512216723,23859.90509632233,28.760388823072464,0.7454916005264691,4842.143483044772,0.2714717932024633,27995.70216669567,51.3066,38.27566672053244,39483491590.40847,1.5174395198115131,35.86281051000185,67.21991573397577,331.8983043690752,58.296958624825656,21.251179748680105,50.007760571345,-330.388197883394,918.6654036224317,2.31624,1066.6300333550312,-4.954237593041023,56396612106.96461,0.3349957554438466,17850.740677783382,773.6071574197564,5.8552,-7513.847390509527,202.82260706000145,7.312546126735948,0.7444346389168209,2.061207556168215,1.7189713111336304,23.259068208392893,0.6538672732390676,0.6703062294501647,0.999872,0.9800916542212436,-0.1212822931818716,0.883264611590615,0.3187815107921385,29.86940368015795,0.0125889,3.250540498694133,0.7778391213777989,0.3388964942739952,85.07012408098335,2.217606681036424,22.8186387045186,2344.520310176785,0.2836611490437133,65.29593614528088,984.9262769843004,20.77418576681085,3033.390647962153,0.1626625389687122,0.0240643178193466,5.100078734686824,3801.6644714059553,0.3830436314450366,0.5499114818745283,0.4003034568530894,0.7589386023116932,530.763027113444,0.0089429261103394,119.18288450978584,0.0152311,154.6556958338563,428.1158414000281,979782.2923316394,517568562.61106265,0.225683,0.00104556,720.7511178295392,0.416163287377766,0.6783843681220905,6.83919,0.0385716266452302,5.731794859214552,0.1146318886651331,85823.74034607506,0.6123308910978095,0.5786523550572147,27.84157272829417,25.42087510019677,57.44420044459439,52.92571374228739,50.69808361309222,41.16487723573796,65270.67942762714,23.51738369718511,0.6390116260905214,458.685,0.3270534063494518,9938.997520049816
ID-1460,Center-3,M,1.0,1.0,1.0,0.0,1,53,71,0,2.756981753509724,14.506385786939514,3763087.967531468,5.733430216922932,6.630941522454175,2.461413272871768,13170.539959925904,19.630425605802767,12.665400424017122,3.372948112519648,6.363488991599304,1.4311757478332428,16.064057320788827,1.34225157164745,7.87141819905864,14.78510987847165,0.4946743546460947,476897.1446414449,8110.21,0.00914519,5.035627776174287,43.7843,11941980.828872733,-994.8882684114988,571.8497970188282,6.97386029432591,0.9543787636862509,1.93563411615564,2.399590027282723,12.55423431064052,0.40201448270201,0.3487042029545483,0.9909473245286402,0.9444337421841116,-0.2612193929757018,0.949339901425238,0.2506664686599043,35.35335776078537,0.0067943494586566,6.857410053247845,0.9750913789580598,0.0060596792639233,47.46981462695697,6.264961817228755,64.83730641947713,442.0858910780826,0.0145225339547773,297.76901803958367,4526.875577525728,1.6567644957218963,1275.807803869681,0.000408215,0.0162345031380738,5.813844490153006,277.587,0.9276456751392728,0.9558901409603008,0.0353675,0.9176150158823734,1320.074862420453,0.0013359755563796,199.83711844630767,0.00977157,284.88855527495394,953.846325526707,34820.40866963854,1095152.8293730167,0.00123903,0.0439463370700211,655.9972974583957,0.0876092522531717,0.2251078632998678,1118.252723936006,0.0194894091948264,7.328811934178847,0.2816822259066035,1.09326,0.5891923711287461,0.4206735143559668,33.976195030144964,39.81641881233797,33.131740680187335,34.5276154555579,30.04589844405585,52.50809182289441,545.25,28.359020445330696,0.4994034297222177,6819.422610429553,0.3667294550419626,31276.470090879146,51.3066,85.31139252697994,77092599675.09576,2.464715983623539,27.27487366992058,12.784083644040606,566.2805559831926,41.31406872817073,4.12072,47.223359763740426,-388.8575140652725,825.9996228402514,9.358281825940791,1032.7699734788432,-2.718312546256408,37380169048.28282,0.3008497588741977,8860.303814038994,906.753778585394,5.8552,-3684.9895041499535,107.23150051141673,0.212363,0.5729946782673674,0.174711,1.5977065184685737,3.0848353905923283,0.8007365037951888,0.916126,0.999872,0.9738977319048444,-0.2761281825033144,0.908308933968046,0.4243868190736236,5.1024,0.207776192361174,3.712593164207375,0.7027205699754131,0.452514991386525,68.46438864435233,2.4446366069168657,0.224451,4583.593685034145,0.2927574523434991,0.610339,717.6584508518557,8.718086054954009,5056.81539649194,0.2107311253803206,0.0214426238754894,3.6659843001412136,11266.37732216602,0.5133043147504989,0.84282,9.539541180515307,0.4994464915242618,1398.050570785303,0.0041417835546203,141.64960856409203,0.1251963824549643,144.46212163546755,30.1957,214.609,200636387.7973416,0.225683,0.0164427154703844,5.90323,0.4501090680463972,0.4876527954691755,974.4639531857252,0.0205158149519689,5.669827967297608,0.0608720979106282,788214.9543871614,0.981698,0.5516361290288561,32.75772107340303,37.76115180219311,71.13728869183399,49.67809090708344,43.70953935181642,79.01925172010515,27389.371622839742,21.057399908782465,0.7206786840393269,7744.196325494851,0.4669400383310465,33794.62553652595
ID-1466,Center-3,M,1.0,1.0,1.0,0.0,1,49,72,0,5.719040596815316,17.99299311715588,3407773.719083002,5.133920451547829,4.050080929915091,3.977620371493781,11594.43801726408,20.545011912150127,14.503109577070948,3.418546940721048,2.71105,3.4344261162305894,2.5576711814062643,1.5022421534261,12.497810927750326,13.476285254970852,0.4661980068377407,345800.348710209,4337096.493426995,0.0433921919712663,1.8875881320593768,1627.7827022079591,5157089.676732686,-1365.2096556431216,1407.86045692974,73.37574371946238,0.8854790855258695,3.0914849575095347,2.5024120479501377,14.071448375319248,0.3776035167594021,0.3123632102862534,0.993848658405423,0.9445522033156616,-0.3055254430782919,0.993989,0.2650761548451969,32.89647311117152,0.0200431183862663,6.526545140923824,0.960324465350469,0.00134553,32.67224770373315,7.711123829326788,43.25296090357848,878.2409478689123,0.0485495094260033,163.68637461103893,612.7281692473324,1.8080985819038715,339.5939011081927,0.0073695803309257,0.0158282451271148,5.30575544075508,24952.236795556844,0.8799046452678718,0.8940928588700012,0.1232342465236438,0.952331086762342,2997.415335923013,0.0094788411983764,70.20651340068002,0.0509496995948353,94.84083805682111,1792.9513840723453,3.34623,5927534.99249373,34.494896881892856,0.0419194493400348,2841.551908815021,0.2102287824661858,0.5823574405197953,1325.3357945040568,0.0133410134587443,7.730337686760309,0.1068858914483884,1171.5005729939148,0.5383417666275541,0.624532998894557,25.51532889090756,33.308845235925375,51.12502865306372,57.55532805666823,26.50439247523931,36.382958990678105,545.25,33.09986730431896,0.548626643724908,463.203,0.478639016273344,6944.286749957839,-8.241187087568322,75.13634297371256,3633634959.323311,2.461021168944746,17.003928529767464,98.01652896390256,241.9497574822002,69.23160432371402,55.54603048142049,48.80343341127956,-480.1755894377538,144.178,2.31624,1054.232678082603,-0.3214269246062461,28871328690.528,0.3705347922032667,12732.901032882532,403.05758122654913,957029.8498493256,7100.0014922380815,117.77718742124804,8.326429532222305,0.477051753208934,2.248989697828952,1.6822331001575934,3.408032755637271,0.666178549998349,0.7629106150335921,0.9940159822647672,0.9737036311789324,-0.0944388772849821,0.7477241408356442,0.494728,5.1024,0.2659025352271542,3.015060901969409,0.8003950310786799,0.4332591622315723,80.58316045189635,2.510508019703328,0.224451,989.330524813664,0.2359922432036026,0.610339,769.1692308786219,7.92830418177881,172.295,0.0498387436372734,0.000499152,3.954802453965964,16883.7430484833,0.5882926320957376,0.5311543123220602,0.4079357119401237,0.5277663580730269,651.2391175662981,0.000389061,69.23065341692103,0.1093468370586882,129.54814240473806,2418.30363251128,496762.74780481495,63095.6,0.225683,0.00104556,5.90323,0.5030608811011853,0.6595816914466779,724.7936874660409,0.0123842235983031,7.201407090234384,0.0194365173908982,1000982.786143013,0.9296503765302188,0.7542461537128168,17.473100395507956,41.22294693173576,47.49039639551004,50.734272406584,50.33554460230397,46.97815448218776,22648.429462533728,37.6447374537524,0.6554542092621651,458.685,0.181799821312721,27622.52931391474
ID-1475,Center-3,M,1.0,1.0,1.0,0.0,0,66,104,0,3.925929827931185,14.050872677688156,5220609.954645853,5.767241200514292,4.690842076996455,3.464385530562272,31994.401982198902,10.97300367922891,12.53533085204625,1.507381552276499,4.89077261503603,4.785926906798323,17.49561470774664,1.376728353032179,16.16798702411538,16.795982529649983,0.0775509482823429,285224.5835816184,8110.21,0.0436687369773398,7.985275210398961,1873.081014915072,312.508,10372.017321424384,11.2113,0.897676,0.872014495073018,3.47063503671722,4.396068611773586,10.873750571871744,0.3304656270334712,0.5200410377229696,0.9943899565574804,0.95661471785967,-0.2516184035209422,0.9737530085943096,0.3455935061146876,53.79750109596704,0.0258993726888148,8.30471517284977,0.977199,0.0115548661158108,110.44889133535764,7.756240138899535,273.52390981108186,350.07099757258885,0.0651601340289421,468.32633025065456,1298.8062590238458,2.530162195212756,1738.8441228380982,0.0113427777948794,0.0214653501606117,6.498943062835028,15656.765962617848,0.735616993784175,0.9308773884649008,0.2966546696982073,0.9426954168333032,920.8377777215322,0.0099780369496514,132.25495337859212,0.0625268162661384,442.02136344565673,2146.909753622516,3.34623,6485.56,0.00123903,0.0611045928982418,4971.96016913281,0.2468173474094253,0.439454666444626,1532.7567855835478,0.004199200690995,7.495820719470115,0.1265964876943396,28705.997199692865,0.8948818227616657,0.454679072633061,20.122522583804784,31.95963343044908,74.19262724496363,45.49448169745846,20.34054172692612,70.26653909932435,19287.771250485024,15.938695492194466,0.5992245922058126,7496.552497885606,0.4923243331100617,21408.44276412417,-48.10735065308295,79.6772881295562,17050519868.02831,2.8202601785615293,51.11328872961464,88.18610537909532,66.3085,41.97368733225884,86.3415082307451,46.87362015329461,-494.935303912732,1680.402865870171,7.250028415067147,1038.4596297642336,-3.1235156359867275,526132000.0,0.421945736655856,8274.328385913152,1739.6781382839556,147014.9772034106,6855.3621807482,162.03240446075512,18.892483758297864,0.7626975696151344,0.5288396708817449,1.3169210035498,7.405716657085981,0.781112505012175,0.7573031952946809,0.9989470923553808,0.986351453499504,-0.0526266,0.9052424314487592,0.4458762281503509,18.591807946575106,0.0125889,5.614259954383008,0.856592147053945,0.076301283050509,83.72801646236432,3.4658204603191045,8.925776763469294,1770.8533794959803,0.1935089857426537,62.65797492510805,1642.7269568065208,9.691535504860896,3770.437984866977,0.0788784405094131,0.0014417571188109,4.187602521462468,22336.373787650664,0.345232172830925,0.7507702080525244,6.098014819503943,0.7954931350666806,1278.0677042092343,0.000389061,52.98809627326619,0.0377289574124259,76.31808088966537,1945.553702480518,1199495.9746720511,63095.6,4010.2031542161394,0.0482710530710247,5.90323,0.2795661149101592,0.5736176263570986,1032.7725291828335,0.016663813292184,6.277668837143476,0.0662935458395392,190.726,0.5734529852510039,0.7691423647090779,12.764440836169328,40.83630456664494,30.23727310039221,47.754551055819896,32.61006852915323,40.93190559393717,44071.84384007065,29.00629008516917,0.6235162463738154,458.685,0.704882301445315,562.0
ID-1500,Center-3,M,1.0,0.0,1.0,0.0,1,61,87,0,6.5320345411532585,14.663813192068211,8110.21,5.326909477984315,3.246775451322645,2.679291942896745,27070.66422911807,17.41978507849482,9.533446994110433,1.1306365756121497,6.052395383864566,1.2766135957385432,13.670905926703082,1.6310919450989143,8.534835298077931,2.99426,0.9758650350785908,146054.6737493405,4185341.395702792,0.0705137328199012,20.275477974137463,768.3885831146378,7385816.697200608,32243.96172672581,1106.9786796922422,34.736091063377884,0.931504585269292,2.7845389066337147,2.0812064742424936,11.62703636399977,0.3143949859541517,0.2854311436407075,0.9955660700836054,0.9486646967784608,-0.235993,0.993989,0.3823298158899065,20.0252434878081,0.0054966768762242,7.282322154059829,0.9469918870060025,0.00134553,48.65256719046104,6.890906673390945,271.5892342411852,36.2218,0.0320818699266466,294.7453966675772,38.346,2.044220055908693,1706.5512514910545,0.0393055987954762,0.016735154802483,6.822760291559524,42204.25576575383,0.719978343290134,0.8449274990176877,0.2653040568543007,0.8888887385525617,3612.048262046626,0.0190747709936919,18.74125842152089,0.0428668582080622,133.88552829437145,1097.9002963771245,3.34623,3639163.792229456,132.5957905827133,0.0489155616066509,3466.243658108609,0.4233258689489178,0.4466647433849234,984.9595893961956,0.0134260881333286,6.733041224578414,0.2675809240215344,1.09326,0.8512057541408772,0.5454739367948268,5.50212,44.76904728413687,49.43678709417132,36.746198755846976,24.566123538566767,30.005818338426607,23924.6802248951,32.704381296104394,0.6772994623615071,3097.369255536561,0.5406774418455502,26807.34888787247,0.5195380891612782,74.81013050439081,32196173438.217728,2.68444803005692,22.98277723789724,8.718011175782152,66.3085,40.87811526313045,50.23065797887003,63.62045902493595,-32.3284,1387.6875798987842,20.18610333458092,1030.6883945101893,-8.74599,27123839185.429955,0.386733673969549,2545.6640097728923,1114.2982297743831,736798.1285514815,-7076.903388664021,95.57037771755331,9.163119862864397,0.6272226809805013,1.5288941713152595,1.57844247993911,5.657253421981063,0.8284644080478498,0.7574521313804947,0.99902965616266,0.9895920575803342,-0.1559305137273906,0.6762515875636383,0.4184783806090487,44.107543508541525,0.1902636221541903,4.002499112185748,0.8281885167700795,0.3011583715456125,41.5123920856651,3.016217898689624,29.55811016375689,2386.985660637773,0.3155739604411695,32.673890607715485,1796.0327070142816,14.84034401801052,8079.308319499879,0.091774792963368,0.0283207261900506,4.168954923192188,106.226,0.4764540978735739,0.6822904336099829,0.291681,0.7791211064315388,332.2119789897462,0.000389061,78.61631904951504,0.1402010102693147,3.11374,464.33479550138486,486073.2253888925,63095.6,2719.604991865361,0.0247499491213941,90.416637986423,0.4100873277062359,0.6400134481953023,335.04101182013585,0.0275728733937127,5.2295513153388375,0.1203464259055941,4576.4318244880415,0.6764909473718831,0.5816828493707833,25.12413138053704,44.73310605054399,41.31764125424937,45.26353319778706,33.8657140570668,51.43518609309805,548.583,23.901415964346683,0.6621125443061726,6127.885943189212,0.132051,816.7407133142588
ID-1507,Center-3,M,1.0,1.0,1.0,0.0,1,60,69,0,8.978640889057626,19.63724083355228,4628149.482172499,5.392764530012687,6.609345136028465,3.0045070874462616,22772.84271766536,19.012693904416167,3.8871285997114406,1.9776258784850784,6.138407150356351,2.5087781763928585,10.681616737394592,2.021639088838516,11.501251997553366,16.692420327692517,0.8502592184732534,619183.4678250346,203124.49981848244,0.00914519,3.657543837172489,2018.2019743247383,312.508,33526.07616025819,37.92956903152523,40.89569698659636,0.9225821102779383,3.3608882738917383,3.791773828118097,30.543138339177307,0.5723293426627392,0.3837265598060178,0.995610634433552,0.9449864142036604,-0.2725140555701674,0.9797424663908684,0.2011036537321572,28.11980078352966,0.0095751560268859,10.267463180421096,0.908908851168781,0.00134553,77.08349573430172,7.78685,413.3590290197675,195.0135614636096,0.0142389238521158,340.39986553657013,2152.4581935883525,1.5144816539629993,1372.4927695984609,0.058141463508983,0.0028042022221297,6.518350988263,25670.29981467189,0.947064,0.8408832865704788,0.0883593670594336,0.881594674334093,26.058,0.0063795672005522,1.93333,0.0454368121142513,324.7537677434756,1212.2655849494056,22303.669406415163,6485.56,49.59506788403882,0.0792192391928557,1474.777292502515,0.3649265503992879,0.5016774244147557,1498.1316817042166,0.000418855,7.346325215625274,0.2635271537529,30724.60752436928,0.8789330393247728,0.4820838946770123,23.12439639921764,46.43420709390481,18.13301479201285,26.28113598768614,39.73075821889908,27.72987764317184,545.25,49.211377177845975,0.6876917087513846,9285.07368476804,0.6147436557653642,43488.55421858988,30.005792322958456,120.11185637053192,526132000.0,1.8934324035400765,26.553711438484854,44.45984667190894,537.1644462632282,34.65203585769026,55.66549490254354,53.783586813164845,-614.9599556896046,144.178,16.45081154641862,986.3087477536676,-0.1015646086422797,12985210136.483145,0.2533143511445177,67.1971,108.72409568895606,2479882.203916341,-15157.532329116892,96.7402099174115,11.727730539806553,0.7720462573446326,1.6143744577786716,1.821371235765309,0.6103673968943646,0.8274711724440524,0.6851911109255562,0.999872,0.9850864247727628,-0.1342507492899843,0.7417109668815445,0.2886628169617378,50.861608845989565,0.2549067212044067,7.50181,0.634024004302736,0.338622026965982,56.3604885309657,2.36515454922164,55.74394685003495,922.589297518091,0.2646003296999366,0.610339,555.7503185248731,1.74669,4144.678675105586,0.00100254,0.0094395268388111,4.5259913718744205,9598.40864702305,0.5152413269688192,0.5414608620781454,5.070028322485581,0.8083478036938355,17.3286,0.000389061,37.78098404680702,0.1354481514412517,27.08283599864327,1421.1222921113392,489669.9017151453,63095.6,4916.824103872719,0.0229366983537235,673.3236839300496,0.2135407343490541,0.6287173030432576,862.8976413955346,0.0051348714910324,5.598961846641942,0.0790719600084668,590064.1622127522,0.6413295629580879,0.5642652614439673,24.011151678410982,48.51987309851495,76.38304156740587,48.39878384553084,58.08206913692037,52.40806517841226,548.583,15.712451482188186,0.6640891748241093,5660.382088416991,0.3397495639649565,4965.558691638351
ID-1527,Center-3,M,1.0,0.0,0.0,0.0,1,68,80,0,8.217199154419019,18.502082684746224,109247.6830213326,5.29058189629985,3.9761487258825294,1.79041,50533.74461793357,25.434842040083453,12.772610036192056,3.689218765218888,5.941231032070233,1.02709,16.558707206452834,2.446550240242207,6.409174854137682,13.498862728944207,0.5239315534731376,2087.32,8110.21,0.0417815920849075,0.134882,43.7843,10113789.873650188,-23007.94036500475,1459.881831158796,35.82347530953716,0.8914432424129742,1.0866664099543095,3.56279324599546,2.820106733969622,0.4172562747953746,0.1467053545105693,0.9963377520051788,0.9487371382529604,-0.286192945348825,0.9938877961226356,0.32586639347298,36.655088300419024,0.0152917167447819,7.336826396183321,0.939696643475902,0.0324059289154589,74.71868293256415,5.548799682280394,343.9171241661131,36.2218,0.0509692949991232,383.4225377845248,1268.6133086299913,1.8041551367292576,2595.313683835261,0.0440617242316799,0.01391201054466,6.603584207140423,6473.44050933789,0.947064,0.9303778799843598,0.3223278266730985,0.904807250952152,2181.296376214395,0.000379169,70.89146358740747,0.00977157,490.8424557795011,1813.668659353114,27223.649292500544,11445833.71407166,0.00123903,0.000476227,1851.175071226704,0.225605396599443,0.6797117470731144,1425.2746881600358,0.0096182881527903,7.32620970819897,0.5166695537180109,29184.49158062392,0.8304692332209216,0.3925183448854387,10.317619851666208,50.86494136315455,74.84256405727184,54.36860069413897,23.957459262072124,44.50233151386105,26228.89187857916,27.52501693284975,0.8147193461817679,10810.862601076396,0.306520406498115,24589.840285328453,-1.485857206277016,185.87898976653463,15199749770.013988,1.885167190939629,35.43751219887127,3.83943,606.1333718411253,39.00811175938175,28.70184515050491,41.22614263378632,-881.3865214950223,988.3426273752478,36.14925926364449,1037.747064740783,-1.493476036867003,31841013933.47269,0.2538756664590101,15982.383787996236,827.7644508307085,1826588.852688589,-11614.14897023834,26.920635881785525,4.399600504502375,0.8181561847014207,2.4131621042092464,1.9047941200817096,8.738193538632196,0.720210423749772,0.916126,0.9908193490815302,0.9668094406937928,-0.1872760746794672,0.7082546070830626,0.3935282952933752,18.28836263976696,0.1146492304471912,3.630002842096376,0.7574068634020121,0.4963290428395633,74.06948170771143,4.860645924376417,2.83998821115014,6772.558234868068,0.2272739037924709,112.55046781253878,28.9544,14.411817541966473,4831.315476196822,0.00100254,0.020194851926665,3.944874505589465,8884.529418543743,0.4972925797136511,0.3622385211655805,0.291681,0.6809228941353862,729.1059844701176,0.0110218560335645,70.2233014611082,0.0152311,153.6397491530384,812.5220949986531,597512.1407424773,787537140.8083186,1920.0122503761845,0.0268394676930895,265.4376353307627,0.2214668511590768,0.7088462487689252,6.83919,0.0118086504280103,5.977902581875466,0.0898984397813215,417015.2855715316,0.6825941281142616,0.7659532064791299,37.19630261676463,25.738794838938603,22.2969030095256,45.58990027959631,25.51970475048431,58.63460341455581,22938.73979424179,26.594451177650715,0.6049119793038846,458.685,0.4739140419430022,14467.249515672363
ID-1532,Center-3,M,1.0,1.0,1.0,0.0,1,60,67,0,6.631044118160477,8.27078686384282,108157.2965614074,4.021205347886295,6.03080986183338,2.8912023015760258,56242.17840465756,10.604036798600523,11.7156451360765,1.3204998549881304,9.393339626077749,1.9459522194071843,6.601428554666666,1.7401205019508144,11.13566401890025,12.496020965272306,1.4140331239021766,179467.4744959399,2812855.7627656944,0.0332064021179436,8.236572488680427,1377.1090929180486,312.508,15123.86332103581,416.03755277950654,0.897676,0.9169362845615974,4.148519019192162,2.330657535024175,9.05915931509662,0.3108143310750529,0.1011786055519202,0.9976451651350344,0.94163255518371,-0.3073690032047115,0.9783316104205758,0.2573220962676017,59.13335098278513,0.0063810570417574,8.95860847703729,0.8934117080039888,0.00134553,97.93533545633466,5.741391608182453,205.2103989697717,358.7975835412501,0.0621647429044492,157.3694768386752,2133.912904776063,1.09603,2144.9955583373226,0.0405982972351014,0.0025532392919824,6.451066146332705,7309.255088724125,0.7774482934474942,0.9145579439036664,0.4031893828866809,0.9088458428472412,3484.6836214168,0.0158540446493372,187.45625004040312,0.0623326066246078,356.76589585276014,2576.4662551283645,16047.232347417208,6485.56,147.7765197800901,0.000476227,522.569649891256,0.3248777353894538,0.6307870245074196,708.670066181913,0.000418855,7.865190280959422,0.4060576968189914,8343.942299165468,0.8777836813279115,0.4934927788609892,15.129912222730477,49.36822412227772,14.167199009788249,84.26399351704482,52.18020365832064,41.41604090827151,30043.146094200725,35.07941373858188,0.5252384084079542,2693.6074325592654,0.4139283583671674,34109.4100918677,51.3066,54.422350799327546,33601978998.4805,2.942500004128861,33.51398712740377,91.4926227998935,602.9370377848877,93.42146632766408,35.00005647446589,56.16460791195912,-317.4915206893149,301.48779715733224,2.31624,1051.7057897512495,-4.191278513616268,59393081402.11477,0.3618856955010732,27717.40886321605,26.3153,5.8552,2108.817822684962,110.92814899315836,0.212363,0.6687199766571218,0.388998042081148,1.5041247123023285,7.379219316985561,0.7570387491038919,0.8157025126084227,0.99605777180683,0.9838254452055196,-0.185348612790676,0.949142,0.3944834889348991,37.958478624102085,0.2252948159464676,3.31538470648748,0.8263522422786963,0.0386862,10.2048,3.383753543429103,0.224451,1738.2723853457503,0.2559925267855305,27.82024320641002,563.6119732853791,15.008463246347578,8365.487770600459,0.0836287383729671,0.0136382734133859,3.637312338963802,10437.57757218749,0.5946111849164708,0.6948645590631588,8.812032112970149,0.65273826393113,849.2942727031061,0.0054761835524829,3.90476,0.0466019026939319,3.11374,1942.34809479034,470364.5735757274,541321530.5795305,3820.306384149165,0.00104556,185.50725158072825,0.3605259353434916,0.319715982033749,686.4333919035251,0.011809142901207,6.764044578390698,0.0427302286548996,226741.04116761612,0.8403383825030849,0.6944549606720068,15.858271465982106,43.06785166236879,27.11977543878492,43.68715570268071,29.0485863033188,29.68574879505149,6385.178135754234,14.128059803850412,0.6569443452515312,8891.638341420035,0.4796212332622622,36067.0903707681
ID-1543,Center-3,M,1.0,1.0,1.0,0.0,1,48,58,0,1.89383,11.10516285884946,79958.81105575897,6.203396283861463,2.4979642158417064,2.0415491339916745,54858.19096230513,9.736659216138996,11.849453674171118,3.5022044768088287,5.553661299294845,2.442379238634317,19.534620939126807,0.20577,8.307383577619952,8.295377578674929,0.5620392309891339,467895.58276568784,993474.48141349,0.0111291886232358,17.39675524345847,186.9311975734253,4056825.51291356,-23200.56537832748,46.57986592894744,48.704350006109486,0.9606352009842556,5.587726954730105,2.887774523456164,8.12056844752511,0.3373300699525687,0.3656491725464771,0.9970636471676878,0.9251942471883696,-0.3092378511246071,0.9693680611399328,0.2985150608334845,29.83054565007849,0.000347025,8.302396539700672,0.9674667312244986,0.0017015917259754,42.848425181129066,4.99427069742609,146.6208469308513,85.4829626446183,0.00917615,374.2643571571633,38.346,2.3816042680986174,3633.981299131664,0.0134528388092873,0.0121540435064562,6.807867594784096,1614.501992041157,0.8490910231546932,0.971112,0.466273363082202,0.8797659865313003,1618.5166532431535,0.0081018137581683,181.66051972796976,0.0708617913652538,256.3300356929261,908.3860361798428,41520.50533059775,890950.3365810465,156.8627369066176,0.000476227,2.18182,0.3064994535399398,0.4846823196122095,998.5455333145452,0.0394895256751447,8.774055926237075,0.6403214580127606,49442.58550926506,0.7628134264591154,0.864829,32.99558823687568,48.20191329672878,66.63544755052138,35.09735685513828,51.1410879250777,61.43860279667516,68781.67757257179,27.765122495231445,0.6546290893443427,9202.820610878513,0.5904099245836583,11370.839434528589,22.338560306367995,79.07313852595877,30938466344.13808,2.006107063083672,48.362193539149885,82.29430372131698,66.3085,80.32070915252795,16.188361316849523,34.20015227783634,-239.13070640683745,1379.9608304118642,11.990046741627337,1062.2703907000164,-3.4364558403952863,30292364964.71548,0.5375982012713565,67.1971,3175.76,5.8552,-1236.937842079231,188.428835365433,26.86170542871067,0.5843852581873311,0.8428359500232023,2.1939140058501065,0.181279,0.6832212876301298,0.6817261309905872,0.999872,0.9814306678572844,-0.1263699073287912,0.6947339149326528,0.362619383422181,41.86412955129238,0.200149104349508,4.549988759677945,0.7804696089245112,0.4083590529105392,27.75391695552821,3.970219958667073,0.224451,4399.825821591386,0.1248455087634936,7.726066305299075,1527.63230459131,20.23787836309557,8309.764386077613,0.00100254,0.0043359757303942,4.428308185085796,5834.388522723238,0.4090862099666403,0.6324996191443925,5.856652360877518,0.6233718896645773,17.3286,0.0183411089315112,38.68657776739486,0.1563481944111739,57.77909025419466,2365.238123666565,214.609,63095.6,4035.591293714688,0.0658348879645161,151.33713328193397,0.4001230057411754,0.5261517747591585,1071.5384670658757,0.0176237339200004,6.890044062892839,0.0624514538857491,671691.9683364559,0.769001168687214,0.5645336881651658,29.80295245408765,54.19164997460277,29.263444889116258,47.88509917468821,44.93609807127689,25.97038007059282,43870.694132786826,35.6780295216151,0.8044423209890459,4602.731790337733,0.513389927876453,17284.48486979935
ID-1546,Center-3,M,1.0,1.0,1.0,0.0,1,45,91,0,3.630694301256184,8.496966221180244,1120799.5085186006,5.951137848087945,0.476152,1.79041,29448.24538440456,14.936899952204683,15.382191811897536,1.95225732173777,10.720813947729896,3.476226901866831,9.935457887529818,1.4294768369089792,8.993655286141154,12.756798050332948,0.89073950680877,2087.32,8110.21,0.0144029100015098,7.203472156179333,2099.208833327578,9045622.131871227,99.25680417683452,11.2113,29.52039693451403,0.9306793163179776,6.157866028188861,1.733035481245918,3.947720876415788,0.4595283761268283,0.3114613045734651,0.9937683265528036,0.946612025180016,-0.2948631224185234,0.9701725341804832,0.3320958890563144,48.30738680586491,0.0051312337437939,9.929974250216851,0.8891430599369995,0.0480259206768774,45.90794649058481,7.78685,510.8222623818573,1227.5253050234587,0.0762109642978359,407.3932590354259,2624.7246508231274,1.8788124075353207,1724.847265755983,0.0139110425576388,0.0047962099899044,6.698282103274432,42301.95887820911,0.9163000287445096,0.971112,0.207382741166354,0.9407488000203792,2196.310912048544,0.010173541111666,96.16653303340516,0.0384457265821257,83.08146199201929,2231.0059533675894,3.34623,4324424.908777143,450.5494823283681,0.0227033542033003,2547.239100353708,0.1687712018486666,0.5578678428110977,1524.5077140391536,0.0042945224909377,7.923909792845047,0.2234157475637654,39920.69707459776,0.970114,0.4068184606578544,10.60726314938017,45.31488019761444,15.372409235016724,26.42771883799636,30.299457583452444,21.067409596247327,545.25,37.66948519982484,0.6521915716729928,1278.2772170678522,0.4759802134341512,1826.278975701949,51.3066,128.38346048198596,20708496259.832848,2.709673610381711,58.181275486647856,11.889770205555834,680.2620800084893,53.69639193305554,74.94676631155096,42.88876353047265,-86.52838217966648,839.7076671224254,14.943290675547416,1057.5876537117636,1.514204228598624,14909993992.869411,0.2148146745529368,11895.71047991729,785.0883461978942,5.8552,5216.127499556455,59.43844251732264,10.4483358473467,0.614117546374933,1.1869757065834778,1.9106568532456225,12.570052230367232,0.6747863987092764,0.675941038176098,0.9981559496747644,0.995225,-0.2313287505139659,0.8688334873448674,0.3642700902935017,22.81023407777469,0.1974190609686468,2.6922613530006747,0.6825920632871135,0.1365588781913679,48.24434233759479,1.3105017727223935,0.224451,4194.101712312401,0.1094358010084718,2.7025347390629912,1148.3726766293505,2.5965155449306176,7401.257966556508,0.1503597420603947,0.0167355262368021,3.533128651637776,11342.370704767813,0.6236812974571394,0.7964576988421844,7.7117798810945954,0.7506601842033118,17.3286,0.0038642221458306,32.85849300645899,0.1981157072228573,77.37012604471141,325.2310918663504,110274.95922584653,63095.6,1048.0208181270395,0.0022831825152958,77.9693258775538,0.353241888789558,0.6021987843231666,337.53887849620907,0.0340962658980965,7.404645167096756,0.0237841177777707,629201.3052343692,0.981698,0.6388101363756129,28.648804234231857,36.73476004869442,49.216253395872606,59.25565742539482,26.36938004993951,36.40268034642682,57292.29746841063,27.867404577353287,0.7742836064800852,2929.4462435500163,0.6038837003121963,65021.61131172888
ID-1550,Center-3,M,1.0,1.0,1.0,0.0,1,70,56,0,4.77975102409781,21.909723879912008,895293.0147588085,6.031163868175789,2.386282059854236,3.048495163791495,558.0,14.135254128103774,12.053277915675116,2.841180600270929,12.182461604931872,2.4991480949081915,8.216570608745242,0.9270203717591954,15.594580127424738,18.71406682257378,0.0609735313693728,2087.32,2772977.7534464747,0.00914519,18.68594770951821,4582.134668264117,7156224.983715499,13220.215399422936,1554.8326465575146,22.340591761176697,0.950926226273906,3.9574993750807264,2.330927546724914,4.057143584027968,0.4204240365132575,0.2319749003218369,0.993935586439493,0.94802470103456,-0.3405420010852956,0.9900345417326584,0.2591805230964868,49.86838435348725,0.000347025,8.708123887413915,0.9535592818554288,0.0329996970603847,71.54493182151953,5.606164673338904,722.1941072813362,349.52673654412035,0.0467649680108372,441.6486008054098,1829.568894444476,1.7220495573445365,2766.876243955257,0.0530421618859025,0.000384061,4.707360180083463,277.587,0.8909330450872499,0.883073836846271,0.4403221592019893,0.9365415717929372,2019.1078599539555,0.0089924348052326,135.25739148769793,0.1066169275068861,236.57819596257625,1115.5439782561075,2156.1061073154383,6485.56,445.9453194565657,0.0503330680071311,3125.238938992361,0.2126565283022292,0.3735174937929116,1160.5489522596545,0.0171996935729379,7.679827858791848,0.2823551699892325,1.09326,0.6567213974711372,0.864829,24.385802151746848,32.8452907315203,37.61346260358068,18.11680111640541,33.43917239219114,47.47481302357576,25253.096770062803,25.921716544359253,0.7008199782029056,6069.494099917503,0.4334254760366198,5001.919743480128,44.65047327548227,116.4992294177286,41376605232.71443,2.521156996369843,22.21943012149208,152.94358026894378,734.6942636138324,67.87391433177436,11.487178342390274,49.922840261778994,-209.2773633914088,754.2674328885236,9.27393157993741,1082.2194955335908,-2.357709682079028,36386965550.25898,0.4668408366973752,8062.587360309946,1676.5810460945174,623441.4159216594,-7906.491592982828,0.664828,19.043446581286297,0.6921222318686557,0.1756273640189214,2.0987427926134474,6.975269758947509,0.8889996034224659,0.809682136407374,0.997976582832164,0.9693510821015616,-0.2510243114203951,0.5953211561951742,0.3872801586141973,41.83130376030135,0.1393253720889916,4.043555537557093,0.8819495497402053,0.0386862,47.70860985600187,3.007458550802636,5.179155408676194,49.2996,0.3783926430673308,73.99622747392043,1220.127755971026,12.548179487000754,3882.94876130962,0.0643797173370853,0.0202663680453897,4.412521761033118,106.226,0.3931020518890562,0.4373309166592487,6.452692396861746,0.6950504572857947,628.3145854221414,0.0046110770125145,73.14935256533428,0.1653994124270237,223.11516194285284,274.9692956663255,121771.9478791461,208141854.4153399,4325.029135915787,0.0040741402087682,503.6784040386673,0.3356901375876534,0.5480351271615488,587.4539002958486,0.027507705473241,6.903975691232474,0.0249357479831757,668857.6060438936,0.5210894858767685,0.312595708010583,19.71062822548432,51.99854617050416,51.48631879765747,39.12082456882487,34.950775047760914,25.962522196317515,65304.107906912766,44.54327423946761,0.6676370005817079,7454.324474039025,0.6104750130109838,46569.03237674255
ID-1551,Center-3,F,1.0,0.0,0.0,0.0,1,66,80,0,5.919940010041856,11.8569906554935,1038530.552137913,5.114530884615832,0.9465159363534494,2.586948032072016,48644.04226765342,13.785121149386184,12.704545910544446,2.364815998372208,4.508259702555108,4.091267632928455,7.7251630484653315,1.2467051773741775,14.055342497394118,21.45218122727287,0.4813577120399795,295623.39206226147,8110.21,0.00914519,21.9560045584673,3854.92285599636,4822048.403458791,8666.342850554236,1021.5818792419656,18.74689793333472,0.8969369186444477,5.160330535162574,2.86064036620277,6.524144406845309,0.4310746982712576,0.1702336380973306,0.9916991054508376,0.9584629448111388,-0.2675713005388304,0.9741618408713512,0.3212979884367142,41.35708066039271,0.000347025,10.556672845172429,0.9566156895448394,0.0109975811710476,72.18976209037666,6.495309672343139,441.332577280686,367.7588491547,0.041432792716664,273.5871515580636,910.784785330652,1.6945737135136842,1219.7554499669914,0.0181747512210369,0.0097343031839371,6.091999387751953,27748.37248454333,0.91515096001332,0.9351108326954456,0.114550653332677,0.979283,2049.7834624179995,0.0021751123978128,72.72530802952453,0.0168683205427642,121.06821054569748,2431.499646178346,3.34623,6485.56,0.00123903,0.0705474399494494,152.01564221485023,0.3523761910637343,0.5346031770931367,1291.7756381461995,0.018127482697201,7.969414653378352,0.4236143663890361,21193.776576899138,0.7250868281626189,0.6542171421046434,12.214293433727589,36.83276412889245,26.10335279579204,26.46298518979756,30.021206221945977,30.54295425856795,53401.314193244776,40.04572432146366,0.764765749846367,6697.124257195965,0.5226336298935184,20890.843957656427,23.63928278155552,33.3375,20384879400.01748,0.9962756795861414,35.389513947186344,75.98486042067442,941.6360474615304,17.208000875730008,33.15005391566985,40.00693210752872,-848.2427507184417,1967.8398750100507,31.794680031166408,1053.919227113656,-1.4531108258700105,526132000.0,0.3286649932899661,67.1971,26.3153,1147563.8171541863,13150.993537896053,143.33205725182344,18.772797233612906,0.7328968915364258,1.7465064020806864,1.5226659336514934,6.934776709262345,0.7394481951381309,0.916126,0.9974356467123764,0.9665869946152444,-0.0526266,0.8241687663904661,0.494728,55.49103851301851,0.0304313979417823,3.2734559962261973,0.5872958476765201,0.4468909331549919,38.99346851500433,2.2933393221563656,0.224451,5454.074781480648,0.245213647724011,43.46627155185429,1479.3554534851428,5.846548722134834,653.50244870405,0.008349654930192,0.0160263274808721,3.702346101235232,3637.824647374073,0.2582931334491232,0.6099177418726899,4.9211827492325,0.719014569434276,746.0237727609447,0.0025234177246751,3.90476,0.1448310906704586,3.11374,880.539763978976,445030.7049740072,438650454.7256831,4383.952839365831,0.0263161566675973,241.63309122604403,0.5265160026180499,0.703989502706225,453.0503825948154,0.0301325708397424,5.974042256524407,0.00580198,920857.7657916922,0.4703903142267406,0.7221443371850642,13.60818102554746,58.03608814131407,32.84602711498808,32.60046002046778,52.64682955310643,63.39195365758831,29161.093698436496,14.89309502213297,0.6404756473044906,12629.268580537926,0.3416010741300864,32385.91770672845
ID-1594,Center-3,M,1.0,0.0,1.0,0.0,1,70,100,0,5.780550392464146,23.750178919152614,498683.9279939311,5.048050997843688,1.998044672298134,3.2220202333371413,28530.84437668559,18.660271315267217,11.238677228809026,0.987462482692921,12.463328907961085,4.193803751419139,13.69176190188971,3.581538845252144,8.90698010392199,14.453212468473266,0.6446213761367672,228376.17430953207,1616315.4587159837,0.00914519,19.02203060097318,1550.884171693236,11771868.684655452,38855.87995288197,11.2113,50.60818426808663,0.9435737790679212,4.876461259327384,3.390769161575036,0.393348,0.286001030465113,0.4339315343959162,0.9912706128248088,0.9571485918085312,-0.363790958285738,0.9900070775433344,0.3822728635623021,45.39907007085596,0.0041823865661097,9.9532440737192,0.9516388185808056,0.0099017391268539,98.62523186288648,6.900231076709369,399.3644824000216,707.2715166350451,0.0447317496459367,39.881677164402106,3860.703840802295,1.1733824676332416,350.2427532692208,0.0622972129854911,0.0079879217124466,5.707326132795147,277.587,0.945252812286114,0.8458816190743944,0.4305667872740627,0.9329204185382636,130.31176090442656,0.0218266353267115,78.23888086538797,0.0235306494257968,502.1326286729132,2238.3115043487164,4248.337176996229,6485.56,0.00123903,0.000476227,3421.86543229492,0.457933287018117,0.5668127851182234,200.77212250197937,0.0169501939770514,8.83279,0.2588074672112898,1.09326,0.8669652394012751,0.740995354832356,19.539929840194272,22.72688545298741,46.73822542837589,33.0275922379713,54.401539502877085,59.84414898242751,40200.4313304777,25.0546580652994,0.6601348405078834,463.203,0.493199781682224,26283.690664142985,14.045176861711251,117.91502896178596,21163137007.661385,1.358294638842203,45.48991138875749,37.76813359880155,995.6061303700666,30.38470886913712,51.93055151513377,46.368574476433615,-1055.39,1646.7915423967167,17.360348491275076,1068.5657312743758,-1.0304835810107864,526132000.0,0.3400312462003587,67.1971,26.3153,1266529.9337192802,-11411.245037825243,36.179788252254326,13.435651751288445,0.6152430495597274,0.6004491191543975,1.999934533037244,0.181279,0.8544798762480874,0.6552635231876967,0.99756635525131,0.9824157431229164,-0.1119784117693578,0.7726731848226658,0.4073853103493799,21.648079827778968,0.0414846871408512,3.565786719944733,0.7532948192326948,0.391206163998048,89.56652691742902,3.833136457013961,0.224451,4555.555676044097,0.4405609609576785,0.610339,728.575849780137,5.731827620825184,172.295,0.0402735158400512,0.0165914454146671,4.294901437480993,13403.206868605264,0.4931725252474002,0.7055771658807422,2.639708796916768,0.4909130979705892,1616.170071770974,0.0074234229546526,48.56077225288207,0.134410969287033,134.35873965727012,774.4758937508178,321340.560000491,63095.6,5194.965127808029,0.0046526608738808,5.90323,0.406641696884421,0.5233959160649727,1248.2833438941095,0.0346845653353679,5.037805088973904,0.0881965117393857,190.726,0.7220263769666223,0.5250124300462558,19.8536690495534,52.63532517630077,43.28682154421241,18.742824374491303,53.3120497922402,25.49666928190318,31145.215143316003,30.051308780526806,0.7766407647360116,7741.231614054878,0.4341806194471751,16259.263050840756
ID-172,Center-3,M,0.0,1.0,1.0,0.0,1,48,85,1,3.846673431932897,19.44208773027096,2555735.8115886413,4.755479459667337,5.328415611552065,3.188490209936736,49832.29824314338,24.358746794322165,6.716765002655501,0.92908267950422,5.8007324734204975,3.900926296075197,10.032130091186762,2.075508745302746,7.961912213861858,18.81923504375528,0.4954863176006583,232805.8966045711,8110.21,0.0465420141614937,15.714559925631184,1666.7489738023037,10069749.28647574,-11445.236182792414,11.2113,9.38678769277493,0.8996799335268522,5.1198705597879535,4.018398339368107,14.156388028613907,0.2861400956324995,0.274607773386282,0.9940317236930836,0.9493380791967724,-0.2773120898222033,0.993989,0.2407180898236161,53.34892585557229,0.000347025,11.78712969788332,0.950897412065102,0.00134553,43.97057305070367,7.176789036366057,507.2073434656896,702.4352987078428,0.0539930304362275,3.51945,995.8040545081876,1.09603,2394.037991590459,0.0155067771961272,0.0286397853130509,4.518326302854127,18923.630030020147,0.8977812093636984,0.8848461139108227,0.3816045542490306,0.8771613599984064,1880.23382298946,0.0046820427353596,147.21589259061304,0.03808029741584,444.3632773574747,2755.564252720196,3.34623,6485.56,76.5203045262758,0.0369169264315768,2.18182,0.2880585832399476,0.7301501702339789,923.76846026705,0.0011047120286502,7.138293332550062,0.0632145020507435,40918.44726687945,0.7431585889894267,0.5164528383056717,14.120333884655386,31.18298072988484,53.33650955804281,40.90577037050179,22.636070315195628,74.58125057743699,21144.66491204437,25.60230761765023,0.8110636109048741,7442.17035106586,0.6295192617277761,14713.327764892849,51.3066,136.39954553164634,526132000.0,3.140059672804332,41.13103286709015,88.99993125784385,672.1196441167663,53.14244702754268,64.29696221904504,38.81528113053746,-536.8339536474253,930.0839396542374,12.112915515592624,1060.1728168980746,1.186626997634868,526132000.0,0.3787583393203303,1582.76359346985,947.287031604992,1997036.479419029,-678.3766404066405,0.664828,24.12683949804337,0.898971,1.0910026989295618,2.062175569216484,0.181279,0.6039081787823335,0.7459325478831166,0.9986621832244388,0.995225,-0.194523842455589,0.8393183982744625,0.3534905576777877,23.94251386733298,0.3835392003504907,4.168025295851585,0.7878812842285022,0.272040895958468,10.2048,2.6613696174518813,17.052218588679253,5634.156841766448,0.326036319494946,47.30018520690686,1028.6074029469223,12.19582782503593,172.295,0.00100254,0.0207334803478301,4.673522357009464,10639.330722655222,0.5266803872689974,0.2834928745572075,2.800287959549569,0.5436537612870135,427.2084968978277,0.0083915097272207,135.9308302470071,0.1141344260367521,3.11374,603.355278160432,702491.1935737389,686490142.2393706,2003.007557819373,0.0070814189733821,782.5867982201349,0.2934136563850556,0.6923311414345434,221.95272365096216,0.0103834511921047,4.06787,0.0410787085022576,744644.2608165509,0.555464852693233,0.3832382851844736,19.238798208146928,56.859872912932296,51.50275343986881,44.11834419138548,12.1655,28.11343132700826,548.583,31.244669061024588,0.5897589958901291,4461.132614728865,0.3690461483232552,41800.16463871547
ID-178,Center-3,M,0.0,0.0,0.0,0.0,1,65,79,1,4.747147466231064,15.66262652872805,6888916.345674172,5.936675285068715,7.396387171830693,2.804873444053908,45846.36075687445,28.180940137093945,9.713525242902485,2.8366336069299107,2.71105,3.8375421829050658,19.637037501669468,1.2576434989036098,10.204608467803665,16.65479773318025,0.311507758880591,552267.5619501232,2871922.038188492,0.0280956174851206,17.71328485196913,3274.162185349572,312.508,43839.09615918012,2577.858592221476,2.3818108977893395,0.8873311860951005,5.838063968633588,2.803724894465124,17.05323485387541,0.4920842530920489,0.2001338142868263,0.9952803771485584,0.9385640221664848,-0.3425682478959358,0.98833329260213,0.2887510746777463,45.39555317921487,0.002336780457622,8.286419278124162,0.9362041502227856,0.00134553,44.12649808659601,6.886981631239186,314.59421228068885,512.1749340681225,0.00917615,107.64343325950703,1375.76884336997,1.4065272629106742,645.1912829356829,0.0539304401420227,0.033169664717392,6.250594181182253,34093.19833724087,0.8043481359849836,0.8902062651723816,0.0458092699037113,0.950214075739401,3237.174471145067,0.0235461977734541,88.4411196759386,0.0708147171555116,321.47037915745005,769.9287640345724,3.34623,6485.56,213.93167912862816,0.0585998643031107,2339.9881097428715,0.4047339024198562,0.7171711647891338,1752.9329210124863,0.0039830487056901,8.83279,0.4091689679916151,1.09326,0.970114,0.6732651045425188,34.98718428689614,56.17291728816743,19.67557987257934,62.99907659402211,51.47387239868248,36.20854931423092,57233.38332969898,35.323181566242376,0.6595600075935274,547.9319654877029,0.6965031398489617,11492.220144844045,51.3066,115.37075935530558,13829817100.300703,2.2960103931471747,29.524918589191408,12.094054695799102,494.74632109412687,44.32852990901227,4.12072,61.20365392036106,-32.3284,1588.1719072631045,15.156607928284568,1055.9761270385443,-2.3505491377832644,526132000.0,0.4603386790365268,795.6779792018351,688.2237879433579,1556130.0386708411,30349.88668402933,29.925466172184453,0.6364948362550438,0.5823667320216546,0.989639438489366,1.205582271116972,3.473034452460084,0.6714038489157812,0.8666557699028297,0.9952548707688958,0.9808169886797278,-0.1940442904826836,0.8098272111832224,0.3498387064674699,17.832326963554966,0.2859858361359467,4.521115261050174,0.7817205174450309,0.2243984880420267,112.432,3.239046088974161,53.13901438542102,49.2996,0.3086445358515004,27.73956026005912,2355.1048032160697,4.687052526459095,17448.962798242497,0.1342175919734253,0.0127627539471042,4.435302189564863,11458.066538324632,0.3504571691692743,0.7230163222072462,3.34168967432388,0.7627593854095999,17.3286,0.0016690030986767,3.90476,0.125551878509435,290.90497884193564,828.3937166458329,497522.9520250599,315496269.2363656,6241.806613646108,0.0556684553549085,701.5831314331368,0.3361306752303432,0.6099284624368049,900.2018212854416,0.0248925445328117,7.625884723136663,0.0227092815842139,1073805.7062413697,0.5077337778706021,0.868571,40.12402525975769,46.45862100653704,38.54919992268112,60.66087352724478,37.39823306731135,49.06429605856096,36064.08502013004,28.13119419193379,0.7222746682647717,6321.235550126751,0.5624241043675611,51091.3945097284
ID-179,Center-3,M,0.0,0.0,1.0,0.0,1,66,83,1,5.462533742712061,16.542400333800682,8110.21,5.210665477091916,5.079069391471203,3.727461197379965,11714.46553288762,6.115739541828266,9.911113079128212,1.5331742531896142,6.698330508228977,4.088093046478157,13.174668577171182,2.15993335356274,4.123342973298103,12.60592833444704,0.2027135320184066,585816.5179205347,3529653.70162809,0.00914519,15.07939875054614,1604.2215845739915,19799218.51911213,55023.10196786624,42.820213119288965,27.801576549894264,0.927565612934368,3.76551947533296,3.2067548051461627,12.5910669179198,0.4940375673968993,0.3483039035465365,0.9941851402726112,0.9498824443149312,-0.2362970846956544,0.983030667159652,0.1885744545473986,17.744356165399847,0.0011492383210268,10.885601701353444,0.96837535470218,0.0232324566253258,65.56841821784553,6.194652747392188,68.39239419569066,1121.712706649931,0.0494994030226025,293.6590032480788,1062.4161575237017,1.7621335605893669,3071.926789422196,0.0520345824630426,0.0187389110378615,6.123517499520696,23234.01942324272,0.8388115548964183,0.88856014712626,0.0797943931140879,0.979283,3178.0719608292825,0.0048880844388219,58.61892194635608,0.00977157,243.6835638681904,924.4392657615928,46401.085203258095,11019917.997891208,208.8356045945472,0.0062000096975395,1539.7178697507638,0.1826443379202879,0.2789445425643468,2.66496,0.0227686726986566,7.482523787650929,0.4105200628539681,1.09326,0.8629881547894549,0.520214889538706,22.318480172227734,56.22589231883068,42.12329811296748,30.71961909246253,14.96904050428422,32.57331799653024,45248.803490213904,30.41659275188808,0.7128229565113148,5932.714155474402,0.5298197129331742,58759.2337739777,17.64024106280987,33.3375,50988977895.82223,2.8132640897989285,23.390460690207664,57.68168467016897,409.94065322571134,59.14703926988995,35.169083936116344,29.53544567520642,-32.3284,758.4094475945165,11.91053809114374,1052.2488764859056,-3.364878000098191,5044348552.831215,0.1378806029382066,5944.644947538535,330.34390924742866,1967344.1478799945,2870.3550811051828,19.50302627725428,2.584408025046309,0.5739868055293921,1.7940873948182232,0.8127269739799479,8.257919628816769,0.804582667872378,0.7814661489485767,0.997066693384697,0.986306588166593,-0.0965076217574527,0.7451611695242627,0.2627825117852639,35.867455940261806,0.2333591922795095,6.467715844459278,0.8690550896664985,0.204126542225302,63.435993203883775,3.5989927807536515,17.041076703703844,2662.016635569714,0.3790330795445002,23.1515498020822,961.3812478418694,3.0204154583500493,2335.0444699195814,0.3150368002478013,0.0106960423304193,4.593080937482755,3259.976107019268,0.7077117025495753,0.3272150988123361,9.485251801326786,0.882034,941.4927339938496,0.0079853764714809,37.46781185581685,0.0493633305239712,53.294734025568864,1005.7010635975704,699112.7145216631,63095.6,2192.0147859925046,0.0268263687951478,5.90323,0.3091432498550683,0.5206686640686556,1086.1232112005628,0.0168135215127689,7.262847813669692,0.0795272751972338,552885.9217112964,0.9248993410232952,0.3830737067143558,16.32737007973706,51.15607253419748,55.44062223390636,59.57645508625913,46.02512748882172,29.762411651694705,49158.60460932276,44.222715609844,0.7749068885304682,3611.848956478887,0.3851645831638099,35583.2257907831
ID-182,Center-3,M,1.0,1.0,1.0,1.0,1,52,86,1,6.870418682903922,13.663495205161375,8408224.570219455,6.8484,0.6754608069243528,4.1869346592512064,34910.261618416305,5.7955615594562095,9.102314134861247,1.5919461800194192,8.525931053711487,1.670157337564807,3.93809230122023,1.948911725003003,9.555227307413393,16.664812212077468,0.7555226758330448,2087.32,5324373.878670784,0.0242301558509402,10.536136646791434,2257.6205016379126,75897.47691801959,45615.53382752897,2687.3100726136577,19.91321843794588,0.9626403841352924,6.643264783583634,2.6183883753521653,20.20500247442796,0.3884789213049794,0.2067369561103431,0.9943054956651894,0.9432124389707738,-0.2600609740165218,0.993989,0.4202185592204477,29.54215520353629,0.0131732464618316,10.002147366371815,0.9485662964003154,0.0519540165886065,59.6945401748124,5.784667655264709,151.03592471170063,1231.3656661556424,0.00917615,163.07020258662072,1693.596980839425,1.415210519941144,2055.9215844470377,0.025450482294019,0.0262173485606718,6.525342889213308,6540.05771458239,0.947064,0.9394766994978055,0.3690083432124563,0.979283,26.058,0.0097258305471474,98.95326496835432,0.0177712725839513,289.4626145022184,836.325973975531,14908.821189930448,3706332.777907177,168.74008877819426,0.0077511190288023,858.1204790880122,0.2964994478530802,0.6513768209765214,1082.5368800979454,0.0081397677966519,7.177569324302058,0.4583205451310495,1.09326,0.8600588401590297,0.7568815708032796,25.25464437137805,23.470190979778824,62.9301390095023,19.59146428335001,55.69346347139505,57.85964175876498,5364.196244334018,32.99384920784914,0.5546129547507181,463.203,0.1476407847751845,39644.889401759545,5.49318875537421,33.3375,24519062453.9112,2.453302488075653,40.145159986009375,20.67757295689184,271.5961271732555,26.369323028884832,4.12072,63.7208532481907,-706.0047161373091,698.158182215544,7.134338845844834,1017.86824499793,-0.7516362266434006,526132000.0,0.3918229684417303,67.1971,1979.9524188624896,5.8552,6869.63481183066,0.664828,15.31517942243918,0.505839496044401,1.3900373122197411,1.566309015705715,12.004075634717474,0.6373939719953094,0.7589975183790326,0.999872,0.993063951690264,-0.0526266,0.9092525157759074,0.4581582825215443,41.50982978006131,0.3038074415501957,2.565746571640988,0.8284239415348366,0.5063580233358549,91.66236944093173,3.808247793423849,69.8396970978547,49.2996,0.3005156696199444,48.65384416408042,80.72516099092485,5.610166046962823,172.295,0.1842307567245217,0.0103420278015546,4.312729489410088,9040.512465985408,0.3958922179420511,0.6639132973302593,6.89693642365146,0.6451515238371502,1772.912377931942,0.0035866554130263,50.41045061338304,0.1518999235492232,140.19896743767026,30.1957,466260.0125312751,706251132.159945,0.225683,0.0259910716689626,650.149056427996,0.2083100339449301,0.6619808032762295,1075.682158070117,0.011544890417332,6.531113523461979,0.0571947390571006,429887.86175144895,0.9455363543908506,0.7574584586927051,14.952417429967902,26.662042577667982,54.2439640071894,55.767599890567936,37.516665504905546,43.15649966762724,548.583,42.39312119607329,0.7887400969520223,3435.651015530064,0.4779856405131056,4800.061876759016
ID-184,Center-3,M,0.0,1.0,1.0,0.0,1,71,93,1,5.177786144561932,15.224479655042533,3245550.730576009,5.854891353673106,1.3469031073642803,3.675867738131039,558.0,10.947465275997326,9.251623908696768,2.922972805995361,4.42164736746771,1.741569672150016,12.386217535638565,3.680742963472527,10.005506397754823,12.67268233522076,0.2756294149217577,269591.17495721066,7497472.6784139,0.0206366832398496,10.196162283903472,598.2598533717085,313762.4293005123,26349.244697138347,1021.2030131260163,6.8524431930270175,0.9479275240703624,4.11633699413397,3.689925098963739,15.883324803183102,0.577810778957282,0.369509708906601,0.9944482568834764,0.9530510518322076,-0.3275749800660292,0.97504171627437,0.3408007358263327,17.85091856820238,0.000347025,10.45279655232702,0.9145712817173152,0.0137677559592018,84.68571069257334,6.619967987628799,214.38232323142083,989.3828883362326,0.00917615,143.34523499954707,3507.369317183184,1.09603,1619.1046898563911,0.016129665977348,0.0106274533352509,5.287830510816059,38175.94023201556,0.7859755127447029,0.9603579307795322,0.4916465041197941,0.979283,1193.3665908840412,0.0041273392964454,94.854609186403,0.0605797621861627,585.0712536423366,2403.416663574016,3.34623,14491965.978848116,80.03595486554741,0.0498667254085703,2.18182,0.068754289023014,0.5215569314586664,1467.952939246258,0.000418855,5.486711112584849,0.4716230687586323,1.09326,0.4934531955272691,0.6966898982666638,19.05939435449856,41.03244149990169,57.90648714527806,50.63211798615277,41.35246842563703,42.03131642994078,49917.80700258808,30.990459319982733,0.6914418782373565,3123.8827042267267,0.4974838492889039,83652.01797376935,-32.62202039638247,63.47055467583144,47962004976.69508,3.7618749782451353,41.15193164531646,42.63264800291694,66.3085,18.30494702960041,9.697924319785798,46.23436865776591,-460.1395228891195,1234.78459132239,18.1399499370826,1095.261867249474,-4.930830826590302,20330976354.538334,0.3579412235811574,18910.71707685899,1445.141201758041,1987460.3457206013,-12350.944680604473,183.446815707549,9.428577476884126,0.6340148998894898,1.3272329144355008,1.6294224015814025,23.642966539180925,0.5530511091618908,0.7655767350785754,0.9986232691985474,0.9749210015901502,-0.1141930473617575,0.6438036202163999,0.3610375368056618,16.71272985667978,0.2340332826833124,2.3627045485246216,0.7055430900725507,0.4709474407024892,76.9070309123994,2.0996424313410844,9.26772878123198,3483.348533295245,0.270197067684407,50.26151835091958,1930.610036198741,20.903428980980724,11372.650337630454,0.0798933234416521,0.0009107247143778,4.071173211376807,25194.33779255765,0.5055386268816412,0.6236681988705484,9.433307348867713,0.6583816004277022,481.8221353503616,0.0034212352428216,5.962010378789022,0.1522534429109166,140.03614637314723,1507.8320809642833,214.609,407683149.7783488,481.7484643599171,0.0101501856001047,5.90323,0.3173991507558956,0.3691568546993933,185.00039436388795,0.0166100125587011,7.670465334566817,0.0551046330429914,1206975.4290775824,0.7803798516422589,0.4610671323713153,36.82025907344576,62.24345656549884,44.62022549405918,37.03860450918837,54.11807245702095,23.341497407317977,18637.129882697514,19.33719600612023,0.6183133857575857,458.685,0.2580009801638016,42091.075331517335
ID-204,Center-3,M,1.0,1.0,1.0,0.0,1,61,91,1,4.883521130806047,3.46337,8110.21,5.072296576036127,5.157829991961945,2.236973625716425,558.0,30.014765450709564,4.2407054181666215,2.474512587508806,13.435906515702062,1.2957954556911797,19.186423585127937,1.4376240263329174,8.85663279197042,18.72013780191213,1.019042231346502,235066.11661263587,8110.21,0.0371871668980543,0.134882,1823.6615363830124,4780234.060944129,-20837.21547425496,2402.96471787858,45.60293314683819,0.8868876641912231,4.543442385108097,3.282533739155737,8.879945979177652,0.3135682172783582,0.4346402356640135,0.9946756071913536,0.9596706410959074,-0.3419642314432787,0.9925565495946592,0.4083094409286888,37.78534785715087,0.0027742189585901,7.067867839065514,0.8974515895269382,0.00134553,68.14078565035797,7.701568818445139,321.7806085943272,48.18619027953823,0.0551939305791998,291.60013613188494,1318.4034751276463,2.079289252327124,3250.6514706306857,0.0027181927544387,0.0197407739549423,6.627208519372118,277.587,0.7556854036525747,0.8407922324324123,0.2422291195495716,0.979283,231.9087986546338,0.0263897746300101,66.47876069644464,0.0260537504904434,494.5797516379735,901.8593900784472,3.34623,4651603.876922785,448.55006071615946,0.0780898766184977,193.67593958130487,0.2068670568597462,0.7193573009306231,855.7022702403453,0.0199667087227693,7.41174515687045,0.4477314424470578,36203.93021240522,0.4714528082498568,0.4944108741166476,22.47285885458269,42.63869564476828,56.24313180775726,77.10650922804253,21.14809100349485,34.40144498898868,15306.535663882569,37.88893712938949,0.6428812866575007,9810.47835984508,0.7048725918386008,21031.771633221444,-8.264207635204821,56.290364160901255,41111390961.2044,1.8448871731915533,44.901618602290114,5.34981603136108,449.8928900780747,68.20887330326026,55.65138841310229,31.92021422625436,-311.715447173576,229.3539281543366,7.340709782337429,1045.7081574957251,-1.9242497553400133,73093106864.89087,0.4070588467009276,16780.977471291157,171.0036598906117,1333262.806405387,14866.345259987402,0.664828,5.225476628351509,0.535358806794842,1.1550959262559453,2.0499156377895766,18.013458357480413,0.8057551530054905,0.7309677792089677,0.9989504898101677,0.995225,-0.202083275042411,0.7635009153553731,0.4835328492039916,39.49215199946725,0.4435118017467356,3.9235683620372233,0.526247089787847,0.4819084275956551,59.45634236967848,2.2886645764612434,4.566265230898505,6900.431553928711,0.3034971674621717,49.820836043877314,1539.1601375358573,4.061221556129377,9244.684136178204,0.00100254,0.0088030433136174,4.736098698754268,17857.595148789005,0.6135408816287415,0.4848634863995183,6.1329110251861705,0.7761857441746746,2165.6836486546968,0.000389061,40.42456190662461,0.0166864559398367,64.31555618882115,1371.3648045289565,1027465.0022888096,690832566.0784125,0.225683,0.0328672383001258,885.0162945425012,0.3278492965678469,0.694535856731847,901.9795179954552,0.0167444605593218,5.691461132270543,0.0519376352101151,284252.7982469433,0.8110197251653447,0.472073150128353,26.80417828090619,49.10889718801624,32.28030648645257,26.67638139555284,56.44797171288516,20.83680497608476,548.583,33.89425672240644,0.646568041276547,4138.8009982978365,0.3365904899680538,31883.13551283373
ID-206,Center-3,M,1.0,1.0,1.0,0.0,1,70,79,1,6.036847579348675,4.997010144492095,2946255.0573621504,5.970547580321906,5.491220613124058,3.180775108065524,558.0,16.85505687610182,5.885265945865335,3.237795299385036,13.05060093745854,2.906016779325164,21.298569543244604,2.5071895102250417,14.99049839623946,10.064261646141215,0.4357376541807792,231169.2429553542,8110.21,0.0515013037386309,0.134882,3951.149624195344,312.508,-610.1742391601283,1379.6154122070316,44.09908832649659,0.9396276568459196,3.848119007769209,4.303837032458745,14.288772552775376,0.2856387223108974,0.643065173057117,0.998305,0.9577432032007148,-0.2587696988556667,0.9643401457429172,0.4331027989443041,30.21922542215044,0.0134441758247003,10.237085344726893,0.919558877923878,0.0223834525610238,84.11151952751933,5.0153459693474565,186.3146416016252,121.6346312048585,0.0602158067843763,235.6577737702952,2931.654987004149,1.6077121033523123,3963.142728651326,0.0281498785072099,0.000384061,6.094624175007459,277.587,0.8336117672344707,0.971112,0.1200013081141521,0.9595013644789806,917.7114344269158,0.0110491518082115,255.5465648391226,0.0594709517535083,587.7380653648161,2719.847034954639,3.34623,6485.56,583.7117758941808,0.0444167571211657,2333.3511713005546,0.0862387804685254,0.6187679522192208,1770.856130559123,0.000418855,8.83279,0.2905612996732499,1.09326,0.8507899779309975,0.6886088809371755,18.44026667249325,45.52155854611416,53.075012616546914,49.016059998635946,26.5248241936801,52.62666656787376,33182.70423447598,36.413189829488736,0.6908584964478155,4867.779075206895,0.3468167625710239,558.0,-6.180107055883214,78.16618517292262,526132000.0,1.0950763452673968,12.677038802214984,52.53585421297956,120.9094270631238,25.4440446310869,57.092361059476445,45.7822972329639,-239.469898161292,662.0470612682788,13.74629030080253,1068.48074627537,-6.439378256726839,29943663586.634785,0.3776477845099674,5253.212446396503,1766.839573206857,5.8552,2391.4382874613448,327.16950603250353,15.54011928225645,0.6551480439937621,0.6415060981847107,2.333890532980186,8.894246623016905,0.7445688596163067,0.7311300303533077,0.999872,0.9684657147971256,-0.27547528485638,0.8851775484325348,0.3614220184805351,15.347251283597748,0.3585943564387192,5.186535693189509,0.920413,0.3346711615445377,85.15900757103545,2.897951212962972,0.224451,9052.003558958117,0.3218113505224974,4.077507578088337,28.9544,8.003521225229015,1774.7893666609211,0.00100254,0.000499152,4.079334566913314,4390.616843905987,0.4619058708418406,0.5562566527518631,1.718399693154605,0.7914486716969716,1429.9055099640452,0.0071667026703303,66.9759800998025,0.1023122525187891,10.587255670253487,1112.9415498252454,549664.4757209306,509353084.9953012,600.2188448633065,0.0172515343450309,5.90323,0.4099282067992079,0.5169927780090636,1163.5347547239835,0.012504361814702,5.113080899472815,0.0811550915764607,190.726,0.7046283142360701,0.3873491677664451,26.345995024945555,74.58368358585119,37.439725607536005,45.20272958009081,65.43768224573975,34.08771100632817,22457.95208930478,25.25633913483739,0.6332000740398381,5766.829141512378,0.2881974155840391,67728.98885199142
ID-214,Center-3,M,0.0,1.0,3.0,0.0,0,57,98,1,3.36073813210513,8.26500181502419,3288790.6252040714,4.64981226995783,7.555263568367643,3.4004201315360345,558.0,16.14158619260814,6.1075579037346746,3.5375632211716166,5.631705903042783,3.169213307842224,4.362421630245104,0.20577,11.911448567580482,11.458542299636632,0.7450877319551542,590584.232490232,8604867.30202634,0.0377819067477064,12.985503143673302,405.8211982264219,9039892.00037919,12923.479089158482,917.1333586597044,49.80902845342778,0.97466,4.860633953678249,2.523668921383244,13.524605635155028,0.1998255321080582,0.2264949836023762,0.990346083882968,0.946756629808863,-0.3190555095108132,0.993989,0.546289,33.428258394099856,0.0125794540714617,9.716373114714528,0.9608505391272484,0.0161781902611953,55.765031568339104,6.04532145918034,285.6316049984599,36.2218,0.0260198721483898,395.0786163983404,1026.188789549215,1.718997435364855,116.083,0.0334381643811009,0.015158856321966,4.988046333681645,34072.12192428906,0.7657044822493313,0.9009753171817162,0.3849240356725009,0.979283,2401.8852552970066,0.0213566064484051,29.89339956086078,0.0532412438124713,6.42722,1231.301515397129,10516.842111233724,6480566.000929033,0.00123903,0.000476227,5521.176966994493,0.3046944768190581,0.6309426963288429,564.1348633117666,0.0033656854447536,8.274608142294365,0.3656098180718871,13811.406995228068,0.714171050924796,0.4342605909911965,39.30449463007233,32.805295279683506,63.11342062314412,30.464993496423467,29.05289744694717,74.2810574413346,32931.775746381514,23.26929866590691,0.843337,2801.8791830178475,0.5350089011330076,3933.6167053216686,-35.036571603179745,88.2599727924622,100047501694.09692,1.5682636078859844,39.23508182357254,94.31721461582248,739.9730173228522,45.204467294961546,102.76811210596726,36.18634594698414,-578.7426978401913,1542.9439123498748,15.52247341741494,1052.4925395190182,-5.145911588102567,38851969063.86299,0.4430546574957588,249.9510152940084,26.3153,5.8552,9496.373445852863,9.498486066780163,10.588854136303082,0.6578383453606224,0.5819818556442846,1.0312259595183244,9.62085102075745,0.7335248281052651,0.916126,0.9989004195052512,0.9847196490304818,-0.2712849172322422,0.5062254538965586,0.494728,49.1163957542483,0.2393595104991156,2.7738262220539887,0.7342844788349393,0.4018933794644734,49.9272164473799,3.1851112022259063,7.393894295528781,2496.365182862834,0.3387481111628656,0.610339,955.28329532112,13.260850397189133,172.295,0.3512930094295022,0.0062881662842537,3.875455188462919,1990.50939951396,0.5137668319170606,0.6022746440756966,0.5281776739709435,0.7775964902757103,2555.06,0.0051977525815504,91.15741109490968,0.0152311,21.22645377120377,30.1957,772156.5590624446,832444471.2198825,2432.533213780028,0.0415775178546203,250.1161767014932,0.193934613630744,0.5740994221827358,952.18782300908,0.0097464105271832,7.016131329246177,0.0128454676123706,181116.10110582545,0.981698,0.678888794170728,14.59970999134644,44.35504892097286,21.691392858628767,77.49456793946214,15.926733005218813,18.44658418513074,62252.479930221605,42.61120944156893,0.6399314808792101,8422.83327063351,0.4641024892742922,16044.584206133635
ID-276,Center-3,F,0.0,1.0,0.0,0.0,1,73,114,1,2.583361758754047,15.370672376925542,5913759.302697518,4.3839055170065695,4.673724544847457,2.6531839989050394,15120.42310341311,17.985501933004702,12.299237107207372,2.699470530157858,6.593490155848652,1.9143220901074105,3.0880724898927503,2.179025870514449,15.201662271252632,18.57538493521852,0.6918980798952944,294931.01183166075,6259662.458353043,0.0527838693623121,12.43072858358472,2856.2802451140824,3594957.6433188207,35107.73535830656,1306.503881446294,52.01784481708949,0.8455394438827861,5.033634584217175,2.697929640517493,3.649998940824284,0.5067134679713847,0.097145,0.993863679807804,0.9492030161536756,-0.2961632978365844,0.993989,0.5070653569152013,54.07604321126081,0.0094448309383841,8.371196627866944,0.9321895391340757,0.0034018822155218,45.91745175330413,6.598804934698554,160.84795367339603,882.814545101952,0.00917615,338.453190508985,2342.033821886435,1.9849176466782712,970.5546903217952,0.0101229792225706,0.0119670779751006,5.824904930771361,34266.35863129697,0.8579355560466804,0.9396824417810212,0.6244326595111908,0.9427520709302696,2617.382699496244,0.00842957335958,40.56424910380987,0.01547254281191,6.42722,1311.8965925859811,20663.45604731753,6485.56,387.1578200140741,0.000476227,2552.85773242429,0.3792699277807916,0.5390525821498442,1122.855639337295,0.001830258125229,8.49238433106467,0.422614518414291,12279.439049167202,0.6634740377705469,0.5925744063401223,33.03487565862998,41.74768156270408,16.746426430498865,34.4831569918864,46.6570112324561,40.98990497663978,25981.987423069524,28.185315851395508,0.595002348920985,13896.036347309257,0.4688339232803487,17598.003142734262,51.3066,158.09139896331072,31883737841.501534,3.53611134028226,39.72690281658468,64.93333271519239,577.3089946305472,51.48809452243425,47.26523501688503,51.27943125978548,-928.919222927485,1385.135805178393,31.064779732512847,1075.1083446850373,5.484714692893211,25272807546.96977,0.540203542952368,2119.12203654311,1523.8622461882037,5.8552,1136.2199252697178,71.36918467829383,5.777870854702851,0.6905680799356596,1.6926748231310016,2.2096531615552064,7.078427186629821,0.6191899901639637,0.7320437172366009,0.9994090567397492,0.981046561195743,-0.0607706555192361,0.6379105472904556,0.4632989977796992,44.28080617124294,0.2696504048775541,1.8783996214759,0.6515618492794498,0.6443175996638411,52.90988473516968,4.08516148622021,58.42761960739722,49.2996,0.3907019600704591,12.939217187101445,2007.658475155644,9.506527382101227,11102.74339258701,0.2226008647308434,0.0109364591993526,4.459444476092697,1413.9933458890364,0.3458199763526273,0.4401059262618983,10.891821380437795,0.821098104226437,341.45294379035056,0.000389061,64.92263965799334,0.1211534390368076,122.45788532639986,1231.6556813238326,92456.8587614564,63095.6,2069.4457304799653,0.0048345351281604,205.07105664985647,0.1760158995554972,0.5595847376881654,474.2254946447494,0.0179329416138531,5.822956633747081,0.0797207094850109,190.726,0.7493846857505928,0.7361169078963788,9.381177327465725,15.24920934425148,23.679053705614905,55.07683974084392,42.526034642126326,55.952682152372766,18613.701559611804,45.11217358394551,0.6455358396935333,3357.317601045872,0.6628186928821377,70299.84338504371
ID-287,Center-3,M,0.0,1.0,1.0,0.0,1,56,98,1,2.864163513379322,5.354566783360386,5099767.190812862,6.78369249426061,4.680971491037464,1.79041,15803.278303271312,7.77197972825046,10.408092884869289,3.5631257790397184,11.251993673956072,1.02709,7.134490385637675,1.9683034818238112,6.906887450377507,17.26082493167644,0.6519277112371169,405360.5035166546,487953.97733436327,0.0549252330805812,0.134882,3342.487271530129,11862776.586624762,28292.88646231096,1145.1627077439273,47.68304593061699,0.9729571431468572,3.812946782286003,3.3587453402740044,5.168725689871844,0.4532051750587116,0.2900609926472117,0.9973515629818588,0.9577606745559843,-0.25592709789113,0.9576449509283504,0.4609834206440052,6.41898,0.0037368056835132,10.382094728718862,0.9525685530254262,0.0096727772332729,52.17035718623864,7.494712779175424,634.2128512293259,770.5128598624642,0.0599898233127616,19.987449560181503,2845.083026973497,1.1224936844644715,3103.891505855684,0.0475814980004838,0.000384061,5.850088975950375,3222.4001530519145,0.9284758152972664,0.9013457153844678,0.1426346246630622,0.9687524085426286,2137.519966661416,0.0099445896661653,47.12206069689314,0.0353066756748901,288.42159895426244,263.0517033627069,36720.56193605605,7210459.737861413,569.3898324561424,0.0453342386853018,2.18182,0.3895941027051553,0.4202875162451084,966.7696460698992,0.0040272622136168,7.829778087559586,0.324965007898627,1.09326,0.8477756200210647,0.6388920107449098,20.94153900703767,54.508338222050064,42.68875088797272,35.13043365233342,45.72997474826293,23.74619252648901,545.25,35.70641334334535,0.7979330892011746,8638.887491363153,0.3443217597531197,32629.537797311565,51.3066,50.02773279242584,41977816320.154274,1.875027436813382,33.00271550873294,119.94813085007804,66.3085,32.591569787330684,31.72136067466445,60.40153958399358,-494.3932988705821,1517.907818796455,4.033569358933065,1085.1483785644257,-2.126547970172036,22369644227.51011,0.3294931466291972,32791.93681373546,2001.021992695761,5.8552,-11854.668574287558,27.707617983372845,0.212363,0.7177774487324199,0.282664498470431,0.8424861650695789,0.181279,0.6587661225212813,0.7426542923567467,0.9981359219882568,0.9730024115124344,-0.1347724955781873,0.5118200138413086,0.3066277282199795,49.2035872853091,0.1801113965500784,4.729005557021459,0.5178825910146383,0.3055670430568312,63.81583123291238,3.510950304098603,5.514460625562094,1077.3258052920824,0.1876037269711275,0.610339,2041.6694468488529,12.519471018976864,172.295,0.3158242351447702,0.0150041107543897,3.5743123123984595,106.226,0.3891100556613201,0.7110990447037107,4.145295189946723,0.422749372816905,789.1155766341171,0.0081529082922515,108.27736697485668,0.157427756671383,78.45894078591363,2612.607751709323,214.609,63095.6,1285.4787201768654,0.0217982411340377,5.90323,0.5031939460778564,0.5029849104980735,889.6818636135882,0.000562722,5.390959972210523,0.0239117154637876,36986.11008960182,0.8043534997171993,0.8197173422013464,11.429683770895013,28.148114440310025,57.26169935889163,47.04486840407264,25.58219938811016,21.91237294265047,23438.53350245908,28.29461161813062,0.5992358965464728,7425.571993989365,0.4699590690911315,38432.25723797453
ID-310,Center-3,M,0.0,0.0,1.0,0.0,1,62,85,1,10.105359239981633,17.385153375393568,2512736.5726854503,4.812473773891464,5.575986087087278,2.602025552778278,47940.34018952256,25.13820874295668,9.32619604114293,2.190079479133912,17.955905864822252,3.953296464232427,11.647297674977343,1.3765095911844931,13.804117403241024,17.4516403168428,0.3328458022164773,395060.3831545018,6784482.791101436,0.052087121429686,13.541861479740708,2596.807844553345,312.508,-2840.8549161896253,1215.2201751419543,38.50208260044069,0.9584976556736752,4.111759332532296,4.258207928951667,1.140307064031397,0.470227663261936,0.2015472686415921,0.9944210101205088,0.9475548739137006,-0.2977607512874205,0.993989,0.5432493205090443,57.144195254308094,0.0171157916389764,9.391456698118663,0.924522538893637,0.00134553,101.16816482493834,6.475360008839178,372.1758107455005,714.6750984421897,0.00917615,411.67422407301126,755.2568010191227,2.4819014697761275,5481.426540927111,0.0450869512774332,0.0151001208659048,4.0530500481629375,13952.15212274466,0.8454369353358974,0.9186547676941696,0.2952741949366605,0.929864326963091,1050.3841757519615,0.011931723365724,187.70342134258527,0.00977157,166.4848109515613,2965.3461932234063,46810.878681237,12497792.73153812,63.27072743932253,0.000476227,2281.0237341063284,0.3451404212980739,0.4748754919853067,2235.236902902195,0.000418855,7.890979136247332,0.2287487386002151,1.09326,0.8848772839375306,0.6346404750287771,22.4317858646274,26.69431929240013,30.396804805421738,49.63682267670819,27.591461825507448,75.8544069406603,545.25,30.366344660994727,0.6620054286327088,7226.674881701246,0.5723729972644301,15056.540923748906,51.3066,139.2445395999344,36579936993.85834,0.829978,25.85591676456428,52.77490083108607,431.61984069167,39.342126804477296,4.12072,62.41916188863601,-428.3061043092473,144.178,27.628028020660647,1039.5007721255838,-3.650295752216225,53932274577.64985,0.3887173784526956,20011.26552142043,1036.7871677542782,1026767.9766381672,3945.35933497802,0.664828,16.250761967573652,0.6924880159558514,0.7886710283982763,1.71438857551217,14.827089297194032,0.6509347357322899,0.6994745788184403,0.9984764470432006,0.980145571818162,-0.1155810184387236,0.6782535600482186,0.4632941009392048,43.56364911675388,0.2005664938960294,3.692682050388863,0.7829060821120087,0.535173147146923,74.02501814865455,3.109072544898561,0.224451,49.2996,0.2602534756586686,5.854440750439558,28.9544,1.950835186476877,6562.11189288072,0.1708230636612274,0.0061720923204846,3.818701216577048,8852.494329791658,0.2778807725149385,0.6089912769957133,1.1207540004285763,0.5926983657585206,1806.6588537844104,0.0042723172636557,53.76323024773502,0.2461979100381748,130.15116284268865,30.1957,214.609,873150833.5190928,6080.611625015119,0.0307417139355791,270.8192491095812,0.2736036659102632,0.544271859543011,1052.273305730113,0.0264238018302831,6.181386852313502,0.0177152996245016,190.726,0.7433343587454265,0.6332456623960034,42.016361332111856,48.62031386230981,27.546285992920147,58.19853231674596,52.03100475864023,44.19373816354664,31669.39086054984,26.723667451889185,0.7801845820784791,2640.873182832046,0.5408451569437621,11631.269279630404
ID-317,Center-3,M,1.0,0.0,1.0,0.0,1,50,74,1,6.157590198820589,23.897981059936285,2547607.580628016,5.651151288083731,3.252837108115332,2.8098907982451995,558.0,22.406200862373243,8.152013575381941,3.655120937894069,11.249821996284933,3.543959395552171,2.128190891637567,2.0829292325267112,7.630523674918835,22.41023077285181,0.1655112909165207,304993.7207138862,1082497.188582222,0.00914519,14.327008122309532,2807.969719850623,19467984.279151414,27968.2623758199,973.5978815798404,17.373459337688246,0.956849489014181,0.7434910576160678,3.4015301914173968,16.072038896931623,0.4593988944517889,0.4391947737909323,0.998305,0.970106,-0.2410199046259254,0.971988638660016,0.3704624139825932,14.654591127765451,0.0076601514960772,11.516406768036964,0.9123702832092828,0.0348460977749488,65.34226490856781,7.78685,718.6240536413871,69.31020036696904,0.107535536430738,351.4404437457844,403.9924869176485,2.598643151898435,4200.5449531641925,0.0106831531730953,0.0073682130132343,5.873923040019224,11447.062242759224,0.90341239282099,0.9361500852991744,0.3072352126317932,0.8812055201612086,1868.1551130360424,0.000379169,257.7849381031544,0.0409774004286828,330.3442670573493,822.5029638900598,22690.3940734704,6485.56,0.00123903,0.0123280436253695,1743.8082661259507,0.222379812837354,0.6339347466163129,940.783473066718,0.0179126698523116,8.324202545566429,0.5682418765632424,1.09326,0.934563528491304,0.369913648232716,17.452936066048274,50.42634320419095,62.23598819581315,41.72423739320282,32.60641965163754,50.14539389157978,15822.87668893538,25.91796975223413,0.6291546543319809,4389.316307100788,0.3125119933348619,15492.08335192187,40.18998798909867,174.82011690351828,67268306260.38491,2.3783309208544856,47.5867131875265,21.92260680913268,587.481533640047,37.02954624135167,47.57153543199504,53.69743952150241,-494.54238816739945,596.9851447613455,9.466135970530695,1096.3684022382304,-2.574171655160971,41405434515.18644,0.4946437556630676,67.1971,2276.6117784149246,1064868.508463337,17369.876750411557,0.664828,9.31933257246163,0.6087563693935156,0.5746098165528339,1.7513263386879123,0.181279,0.6861767203197602,0.6768207951661211,0.9962049166193808,0.9705850837772594,-0.1764245656716791,0.5883030601465924,0.494728,22.209086992373567,0.2002090652278328,4.706166623136023,0.4835246012442872,0.6280552797377004,24.419796931319706,2.738761913869036,41.85536665882264,4905.355089653416,0.2940912828108374,61.44515636597631,1192.086027597457,11.633214284595873,4293.05258328323,0.00100254,0.0055442926376108,4.818534569016904,106.226,0.67017012137908,0.7117792845987757,0.3813177295784477,0.7291711566052012,1175.896160343311,0.0134060897336976,10.996908821132733,0.2555618935976828,45.97544407865453,1334.1614912897253,214.609,99011029.21072304,4061.930613220849,0.0478506897410537,193.7384150436783,0.4574591939750663,0.6453646990850557,799.261320031116,0.0258903115823082,7.300737829827512,0.0915765592562716,942716.5821017064,0.8314220756055529,0.6750029914122676,25.34542323384095,39.784587664393406,31.36697839110682,39.21550559411065,41.79632401674804,62.191484972145446,6024.569489092413,39.74002170811121,0.7517039145286453,1451.1454251957605,0.2726200437661131,9199.425369309658
ID-324,Center-3,M,0.0,1.0,1.0,0.0,1,72,56,1,5.535958317152353,11.657139343459551,3815353.942865244,6.8484,7.950472967705182,3.157136552720827,558.0,20.250305958590268,12.388414347424732,2.3127178438555607,6.031160470468274,2.947551604570141,20.64224035480384,2.047489912302335,11.896961868095,12.21056783282169,0.5106778615693518,341710.15367296536,1147994.4596233033,0.00914519,9.913631876802931,1466.6723160254437,312.508,-26138.1702360804,945.4355383848692,51.61323172514109,0.9338836077933172,6.782488769131323,3.166675505483904,7.502265953251265,0.3417506017417256,0.2184497026875339,0.995855621814214,0.9508735687316195,-0.2501687619581983,0.9868988370225308,0.2153511673085608,70.3382818133552,0.000347025,11.8075,0.967465383509984,0.0292825633145817,130.88999263045395,7.544701769324964,514.7692279329492,811.2859610457546,0.0400222125705046,349.1394060148144,264.1627906546924,1.705074876577905,3566.0657935086992,0.006452152583296,0.0090816912388967,6.202348204509741,33640.482371088176,0.8433517074230303,0.940010330373072,0.3905717676652313,0.8942287276845718,529.9644622490439,0.0109765046653557,23.615279868392086,0.0512303061016413,66.09906389195098,1040.4121014456637,6824.107205300559,17769985.193267483,109.56826961023523,0.0651791482366743,2043.9275909333664,0.1551895905273642,0.3170546834365962,696.1865268260447,0.009700586079362,8.83279,0.3441167370531203,16017.264855750152,0.6954202883518419,0.5066696763243934,5.575753032522411,37.36087084175959,36.422222645487565,55.94302591122739,49.950176884720165,24.71513889381448,35268.62958419347,33.955230711325875,0.6098225104889725,4839.651928888908,0.1377769351934615,47331.69698360366,-42.09700758584284,74.60696950061254,526132000.0,2.830521288680978,50.5968511331868,100.37414232116036,1508.9154527009568,34.709588794593174,29.57192272949644,63.485292388635976,-71.50580054351373,1860.6031219306053,19.83416686523413,1012.4744398966144,1.544662918389791,3975256380.3622513,0.364462379270752,9318.681467129774,2115.126754917829,2248017.3584280307,7639.616073226649,10.924412718965204,11.170339776663807,0.5634407274700381,0.174711,1.4702131326313836,7.583266448540393,0.7086054301354325,0.6974393715103206,0.9980422547023106,0.9803189870991166,-0.1058142015960962,0.5690277012712341,0.3766495911718245,34.17576096297411,0.2603264990771615,3.004906168752154,0.6440188643591277,0.2813817808609379,72.26971754129481,2.7206671497725554,21.019215390839427,2393.9818096293984,0.4053181143563689,52.85325800927789,1163.5423270294625,9.867396457183434,1332.5789887778578,0.1017970720838686,0.019514136928785,4.13403545217808,13184.560411515917,0.4579994123126252,0.4880340214615706,3.733224879858609,0.7278551447182561,1379.5017648858704,0.0168309640481235,76.64342756850439,0.0414410026270135,51.4446659229357,2406.710381667399,419334.4537668133,28220472.338411927,1442.1221248927573,0.00104556,580.3855446385433,0.4104846635361792,0.4951373248371034,6.83919,0.0136458887278995,6.07338926022889,0.0744497902036047,190.726,0.6261946799926293,0.5620362372600498,13.408816260498275,35.83232372113367,55.02643998912125,46.578067669358944,32.31080561970648,63.28166449258115,49108.62780090479,26.35746092372534,0.671438084922787,5138.527828928671,0.5575381512629876,562.0
ID-325,Center-3,M,1.0,0.0,1.0,0.0,1,52,101,1,6.501973541790402,20.264063530042247,1748442.2781064815,6.315893998082707,0.476152,4.462881092169095,51708.674061253056,12.12900272416888,10.306617194601689,5.048834830089619,13.977349092644689,4.454181676585476,14.60259721337054,2.874274843711307,12.269431195200688,18.700609560969536,0.3771601360109868,2087.32,4194534.989174165,0.0872319121960769,6.5808283373633225,339.0335811796521,6289911.995917629,29267.996037946115,388.4445321601436,20.93698566768845,0.9290574590950196,2.6747600369124087,3.742187660070512,12.462761023934844,0.5092253556323358,0.3051315794800439,0.998305,0.9474728827402848,-0.2750121817442685,0.993989,0.2147989570290196,30.66896174825867,0.000347025,10.89083556155949,0.9206449172682482,0.0713566998464045,114.897966563869,5.971521449765153,204.98556482485188,749.6638371994809,0.044893515195143,220.22076363963905,529.8180393585986,2.140656700006696,2051.9223056228893,0.0226873880883441,0.0010208127644174,6.583727056418239,15829.814746547543,0.923608643737402,0.829332221808079,0.0966998577603757,0.8576119851059807,26.058,0.0027524798662864,73.00173860455106,0.0367025373432255,201.6890182659709,1331.0450993471477,3.34623,3896980.437524052,165.9734309189829,0.0293465778887608,2934.583993663619,0.3331599890547926,0.5088333218004637,1109.3834061357516,0.0046221649012115,6.611212164972234,0.3617505349452054,22171.518747322603,0.970114,0.864829,14.81567310225345,49.66924866419442,55.01390711594106,60.48156648107786,43.52966009956883,92.6776451829664,545.25,22.905438828265726,0.6562938353611163,3042.321574642776,0.5131212174164358,4629.648687610754,26.78639669631812,84.91525761194612,32036445237.89594,1.5850328838170042,24.82109893264733,89.02668942138634,983.4696957321236,94.38366054775324,21.78251720133951,53.09907098738304,-598.4544226261692,373.1915235785964,19.26070686765497,1051.4628396329522,-7.976877766744296,29659810485.41101,0.3151047735622456,9372.854839718017,26.3153,5.8552,-2347.838372639293,112.47874317393529,2.5302804989393106,0.5502947002107659,0.174711,2.2117083147323617,0.181279,0.6267594045316429,0.8149939150037562,0.9998075598259052,0.9649128122327216,-0.2250885852575012,0.73663052116943,0.4633475282927829,34.058829154084805,0.2760966371699023,3.789931638067728,0.6655338549885433,0.417797136715636,28.067960555894647,5.10522,23.003662728310307,10496.312516576803,0.1822885235881999,20.30871047708244,479.606236035065,17.182181623852756,2475.492980900945,0.00100254,0.000499152,4.519897174434247,261.67373565534854,0.4830721701945953,0.4290639400981298,3.315097315335476,0.5673671100798382,1445.7188957864294,0.0130729240726702,26.87801294316532,0.1483223589689149,122.471471292871,1444.6792690780303,478076.3532873745,904996853.9980106,5700.650314042052,0.0383265469111916,1254.2240440140445,0.3268673676535734,0.6731640994540972,854.1870086690225,0.0439791902395607,4.853217427611233,0.00580198,401089.5561376877,0.7034675912825258,0.6467540481862188,14.761559140944533,40.5450825038278,33.39428578991089,50.44342124070437,30.899017555818123,55.12200982910976,548.583,25.40039183911031,0.6991623513112909,3028.126169679599,0.4779314121198047,34937.58015014671
ID-351,Center-3,M,0.0,0.0,1.0,0.0,1,50,79,1,3.340924735837987,21.022867363302147,8110.21,6.637534526146238,5.528945697064241,2.988653467457699,33623.49903245903,17.855256403191014,7.938676066260506,1.9443641796693023,4.505927168254549,1.02709,16.252908072060727,0.9515568657261038,12.326539702719808,5.297022597865425,1.0194766650353395,585727.8184987961,1877580.7511185475,0.0533990195400144,0.9075025458064228,3825.314090742084,12198596.650757914,73324.04371774741,1551.7387977924477,60.20549817361526,0.9514687702746274,5.791739201349012,4.046265508657493,19.983233495983765,0.491672001613789,0.3604282484446617,0.998305,0.9362435276372152,-0.3281995514846752,0.9739806836053466,0.3617919323761374,19.29422240744183,0.0027612941269866,8.464312227144628,0.977199,0.00134553,60.999924533517365,4.903199973019957,456.8393369411092,54.60261157071843,0.00917615,403.9147844747947,4088.17511881962,1.7469656260782327,2178.0369379390736,0.0701269192753583,0.0019309343493279,5.44076333553041,10784.227762415356,0.8425680931956611,0.8840619588137829,0.4448302583243859,0.921145917758415,2134.4501850735824,0.0157724613112015,196.21238679618088,0.0856877204106091,66.69620527599102,199.0799913122572,3612.355391248677,6485.56,312.5705739175703,0.040175091661413,1152.6317431478506,0.3737361997423237,0.6882821740776883,1264.5576622757233,0.0013948928682395,8.83279,0.4781966586113202,70789.22041837349,0.7537373904427824,0.6293916615443205,20.27853442119725,12.375023049152716,32.56537090752613,21.23449690338969,36.983323651047954,41.57749754236767,71510.569059196,54.23025672150901,0.7521743127221252,463.203,0.5250997229608338,20101.346710682752,31.17137909560676,114.30693561869889,14780903451.104012,3.0621371795845365,30.67707948642545,133.93154070537253,649.1712671287025,8.921632412515844,21.87052657059549,48.219194476322485,-121.00510449746204,854.7381944275436,9.840010878220848,1050.7132978386055,-6.84767880095655,16642687366.677578,0.4033091652197501,21507.735108195728,483.778787453453,5.8552,12010.327824281072,0.664828,2.734041960462997,0.5070647177481481,0.2257138093152616,1.8116443692736723,0.181279,0.8467908663833177,0.7469339805050889,0.997974562692551,0.958009606280616,-0.2478345419947655,0.5744061063396189,0.4550518376843426,56.2161,0.0944946541558331,1.41363,0.8134764315458988,0.4745843618174806,87.45142691239329,3.226153103991604,35.10231442559338,6992.9935907514455,0.3713955461996505,35.09579042012188,737.6814336275083,10.288513789828558,6053.865181385622,0.00100254,0.0217985367313806,4.889714342597928,106.226,0.3737410034959306,0.7755080245378514,7.675137658200029,0.6173922289614183,745.3598293605032,0.0012306526007646,104.24132692924556,0.0152311,184.90854166600133,1571.814900079096,521360.4347380598,942466514.3719004,2586.0196601789185,0.0368168662455842,5.90323,0.277679349908882,0.5769289233005213,960.6560177668606,0.0118725871595416,6.285298725839493,0.0283210048574566,564398.7393550155,0.872301268040646,0.7179919407651245,25.57351023577309,38.66381417260929,83.0241,34.65401570145627,39.26606516685421,44.04967492797745,10021.797205496849,13.7726790453709,0.646214805050247,4511.2082523874615,0.144037503876468,43800.96874413375
ID-367,Center-3,M,1.0,1.0,0.0,0.0,1,55,83,1,6.378380077078004,15.846031732062093,2827972.2171433056,4.739097879217932,6.971600373560499,3.387295779471374,13635.2951283691,26.72238678541604,9.027628626863129,2.696089530196441,9.690746270691236,3.0274841466771085,11.922402387417351,2.466085553549785,14.098988751757572,7.081012060359074,0.5453091979431468,2087.32,6764468.501183151,0.0651905009540179,10.072777977667316,1748.391923175573,8645288.248955026,6916.577571377586,845.4082450108381,16.322172862728454,0.9449831996226548,6.860536117853073,4.4432,10.368678708117052,0.5772046036804369,0.3230678366742942,0.9930441748734729,0.9451255128690316,-0.3077455405754518,0.988028926546676,0.1850571681950609,15.851722684255034,0.0029427691451588,10.059129216717752,0.938331719114432,0.00134553,76.00478558451252,6.516525047072423,254.83259043049108,222.3250634121219,0.0299690461197905,130.85402334646255,190.94382981343105,1.4290867435829084,1065.6356201146737,0.000408215,0.0119994169479529,7.10604,9538.431442158158,0.7568509848124091,0.9701684852294548,0.1296103033966278,0.979283,1581.6805334357744,0.008896676295468,209.0791341122301,0.0523537513656372,336.56462206417973,3037.990389561407,3.34623,2747526.6325728903,425.2630264665161,0.0172557680633754,2.18182,0.2860080978208081,0.7074158973897381,1789.313938015236,0.0238230140845146,6.731720581803919,0.666228,1.09326,0.883332808334071,0.6078729872760138,14.143337330590205,78.44555010207316,36.96540276741173,68.48805082497444,25.5573746869796,35.650990205803154,545.25,35.97778673473784,0.5775236048858166,463.203,0.5128778839087731,34970.998135935544,39.5661072891615,116.48295176939553,54671611533.57963,2.0618538502439927,35.74962485605952,59.812057130430375,517.8224673505023,41.36978977994793,31.695886714098336,43.790441754578005,-248.38962920768267,144.178,25.254278236059573,1105.0361582519563,-1.5612689042470596,50936289008.055046,0.2520326226804232,67.1971,2018.423776514728,1958165.7050394604,4196.204421454408,0.664828,11.366421862324044,0.3336581729139594,1.3669268356625843,1.273759423103218,0.181279,0.7624286373134692,0.8087552114164935,0.9995189926454872,0.995225,-0.1074337805461932,0.5820702104241606,0.3997255128061554,24.103468002304712,0.2265365005977578,5.122130786619268,0.8775052580569197,0.403572982945431,10.2048,2.6689626828413022,65.22124161425303,4021.801295658072,0.2928441196039163,0.610339,28.9544,14.68607926231789,6198.114255291185,0.00100254,0.0063728193066262,4.343566971720052,9644.965662535236,0.363704183607383,0.5389181432472414,1.50557277357131,0.7818890918632507,17.3286,0.0107947278877737,72.40611383345603,0.1151565315329578,94.8187733189268,30.1957,214.609,662138201.8519385,3833.7792081788098,0.0200336806611776,904.8135389226454,0.365541315874665,0.5844122161472395,402.8451532678464,0.0230686367855965,6.4490966861088745,0.0443351795021025,190.726,0.8890456984873644,0.7125923206262365,23.554053270618702,25.647494546808467,42.19807632406296,22.095240868521746,48.15649193182367,53.524690995918526,57993.49351495192,23.68583808313432,0.7565098600396257,8755.043695433456,0.2583972989003856,12737.35991448655
ID-369,Center-3,M,1.0,1.0,0.0,0.0,0,59,82,1,6.093969346969802,10.43264603338302,4915787.612420727,5.69700337718504,4.269976985019091,2.25223471277224,44317.30756302808,21.16175786220621,8.828007442480644,2.207606768551745,7.619196929706685,2.7970708295140736,14.41582317346467,1.933248343609496,14.293150476412436,8.451120529288,0.542769437452434,135899.13832125778,593216.1458049627,0.0482576228767961,0.134882,3223.104207553357,1894323.0513730573,24969.7261287028,1698.7449061951656,0.897676,0.9508639037632206,4.744875164835039,2.2224188625852754,17.767281518233343,0.4498765363771795,0.3815810875676518,0.9946708055363064,0.9434002950537344,-0.2938691299433837,0.9721090459998708,0.2524615618730052,52.34238420366973,0.0112000462927034,8.108684661681865,0.9313847774873084,0.0040239587876066,92.74313482206466,6.384426170108795,203.2712047946138,1021.5669248975844,0.010827829639197,310.7466141395431,2908.769241068659,1.7220704858335432,3004.4621801708035,0.045665559282706,0.000384061,5.64825662158,277.587,0.8876473165235811,0.875350850633957,0.3645839092692089,0.9557427373194232,208.0166558198653,0.0237191685389185,193.58269933563008,0.0285504177667069,303.2085308113599,28.4667,12499.61739221575,1527654.8084735463,0.00123903,0.0195012677429753,2771.644132124167,0.3379106240192035,0.5663194910516004,1920.4184821822107,0.000418855,7.811196311460917,0.2371163509785122,24165.127149810247,0.8925484128109109,0.4976718482800799,23.80581932433784,17.215583098613106,60.8749057018156,47.86733449869124,42.52782114794665,14.7986,23752.05925112279,33.158353888017295,0.6450543678083761,6729.379851036857,0.4673902390214672,29873.62321621255,26.24875088638546,44.202015837701786,18692215479.76589,1.809990780964424,22.095827098725422,87.86455447083365,614.3885754880923,19.01284912133759,31.045897058194534,36.63174467019332,-878.8246210320617,1259.8720460040936,20.66924950709922,1012.5209191070788,0.9317817486193956,14166754718.14738,0.4235306886209124,4876.28689896869,1208.26999131205,1146457.2181247394,-618.6799596953492,0.664828,15.58997197796266,0.530484111497328,0.9194108107892404,2.03612968010101,14.178752324995004,0.7671709780817941,0.6922611565186115,0.996964498795353,0.9777390276136912,-0.0526266,0.7666894834855548,0.3201512560676471,37.495542870166986,0.1070129882860844,3.825924326910632,0.699011485797702,0.3398287986280763,84.15115164476002,2.7521158181371392,20.01176212628453,6169.007698210192,0.1460518509129334,52.975066101258406,1665.1377001269802,16.148746208194073,2200.206471081344,0.1681640008670798,0.0045848583164773,3.964785565032078,10968.737744446276,0.3795096598240118,0.3101812370411453,4.169476153964844,0.882034,1724.8111625142153,0.0018579590674958,113.62592618910196,0.1006510321174782,3.11374,2124.718968249473,214.609,63095.6,2507.080625292221,0.0418943388307361,742.8496980683129,0.332962675479209,0.5014504012380294,6.83919,0.0042907324080457,5.445317053335067,0.0627509071632348,19888.93036950664,0.9721800477549326,0.7054973279662633,14.812668681686263,52.27028914573362,46.36294034006989,24.04477796052712,42.35952005836437,36.46925569307438,18966.2932256472,34.73641285763815,0.7244460980331123,9730.675279774909,0.5500171570165034,22933.7629164138
ID-384,Center-3,M,0.0,0.0,1.0,0.0,1,60,91,1,7.019432626876271,26.20703525219272,5947260.338480499,6.074265386098598,8.656351451002989,2.854732928178573,17790.247914686646,17.194599622510534,16.602252943210328,3.054819902335804,14.849622404975545,4.818251130531845,19.450649135244944,0.650323527737531,5.39942003928363,10.318850124905907,0.8707523015204851,263307.4068083599,7553730.138187069,0.0370200547484492,0.134882,368.7622991314845,3687904.293591788,46502.06461196415,989.6382669794068,62.12269853001762,0.9364290309456298,5.308947919252431,3.9515828736192256,12.672065858907152,0.2279635421709455,0.097145,0.9940775282020436,0.945318627521993,-0.298205540327819,0.9765224923498506,0.1804427835668032,41.83665366782196,0.000347025,10.04053265362169,0.977199,0.00134553,71.24912542733517,5.569705418743288,335.7598035194284,337.1595930974542,0.0404413111238348,412.89152814554245,1976.656604095544,1.2454660644175377,1315.7406033314078,0.0024835941845469,0.025148106123588,6.029346951777543,29750.21495033454,0.7350678137954233,0.9471658718229238,0.0739616261837179,0.8913086645866303,2860.627796022344,0.0059023435685736,25.03400570896273,0.0281557200530039,55.44670634409727,103.62218724472618,37844.26156017118,2519354.7974650497,0.00123903,0.0313734263959347,2841.302740934048,0.4099130092965506,0.628351324710081,1164.9982874238844,0.0173131990930417,8.378725432599332,0.5065317195194274,4490.300570740115,0.9258875800082096,0.4728587892864184,27.25435716381393,44.841087750324895,51.28307309666592,22.49592023799464,48.12314838094487,23.21234812804821,34534.2970322445,32.40968735835068,0.7900242811094044,6352.935130127272,0.2252677497373812,39515.485707749685,51.3066,33.396845409486346,40954999485.80378,1.6842506889767637,54.70687218544887,112.08944208800186,538.643208089107,52.21689031581466,11.235193690679836,59.19430038410984,-388.7978403473824,270.1854430969546,13.136393450150178,1042.4740647250064,-1.7688544430803592,526132000.0,0.4236392722343838,2329.673468209262,719.8603245126078,5.8552,11480.249625671597,124.82792178342598,7.629815947540057,0.5787111838613358,0.3974762095190515,1.1801079895063786,0.181279,0.917477,0.8991501335205065,0.9943852845322833,0.989369751995154,-0.1488603417165519,0.7075618707729011,0.370830394048726,45.776708854040606,0.1963592168574472,4.728666945550577,0.6629091955226308,0.3501519061885775,76.69617648806364,2.7984725432117368,28.91058019995969,2425.85878204255,0.287728892146888,50.537832807637685,3188.563878553238,8.154771801607081,7449.838415962898,0.2653117164900289,0.0046416467225544,4.707917472573926,304.25846812684176,0.4136812011186722,0.6204868337217001,2.801233457767923,0.6104865587902927,1797.8353404327063,0.006507240778502,60.50302284923305,0.0661422779720939,114.80591743260892,2759.511911261742,751904.4677046667,89337281.4462718,3964.51560067992,0.00104556,5.90323,0.3046254171699668,0.5959887565572067,818.0085018071524,0.0018738243804651,6.852395333340335,0.1351212466798003,449649.2614256664,0.9045823680572398,0.868571,23.16618050349517,46.31106830696102,43.5896891341066,31.68347718980039,35.87098264300304,28.63949650251659,13876.893542674694,38.30814181623422,0.7970592745495163,1512.8739758129443,0.383835266256974,33457.75370555777
ID-387,Center-3,M,0.0,1.0,1.0,0.0,1,79,76,1,4.501233317547075,9.26715102661249,5183709.206155202,5.033543020442101,5.770587716413496,2.907015621332824,558.0,12.340946015522835,10.052605822736512,3.963765643232107,9.163034890177922,3.264174713538487,1.8071,0.20577,12.343288756631509,16.07509196295903,0.2601633865948493,382155.10216473497,2635675.77952096,0.0232273898821127,27.674294167338545,279.0775654884562,7976498.9476767965,-488.4313482085263,2106.0755240357794,33.23295098615236,0.97466,3.829808657828258,3.9365221271556177,10.334660891863376,0.382736138097157,0.4058707031665116,0.9962633613074816,0.9311392229090636,-0.2415723020659184,0.9737393375681866,0.2098187585055949,15.636937551802014,0.0090986038651001,9.481467722555418,0.913554724827374,0.0255384913859976,83.37583177399014,5.075167905410496,646.7115968325004,642.1996293223876,0.0251987550904468,583.85868519278,651.2845393015509,1.52609127251961,4829.156888989432,0.0628647892088471,0.0258442486186007,6.372960833061321,31279.95657165545,0.8730649199896114,0.971112,0.3920986339923674,0.979283,141.24062829474707,0.0130539711264296,216.30407795289327,0.00977157,434.9451863273118,28.4667,23112.808794377124,10791709.830231007,300.0812774341302,0.0478292626022344,2854.9756330216446,0.2269129036834583,0.6858809469115078,766.5623287256844,0.0156958811284084,5.6836142841590656,0.310627699309323,1.09326,0.7897239221781072,0.4268648803317515,21.84498300113318,47.90098522478288,52.332618853476106,47.16432546539089,26.43541443794466,52.06208813969897,63249.80639631837,23.75011127194969,0.6157465249456325,4163.069826719932,0.4560543579934345,22041.109338399536,-42.38691015691439,63.54316201889066,11966248932.008133,1.1862172065354235,32.48498441836332,17.60158669420538,626.7714773632052,40.61871570817463,43.18255267460586,33.637240763455665,-617.7858468891172,507.12835825900527,4.328202917133687,1072.202967154147,-2.42994147137607,21719806659.88436,0.4202405681049858,24714.11917274765,2461.652643240382,680449.51380078,1013.729107318854,149.58556632372154,9.417220059202643,0.4828582718105968,0.9398964431214514,1.074653623724926,3.3168820480295684,0.8590770271979671,0.6997316328842336,0.999872,0.98270881822205,-0.2462390738863375,0.7747623279036874,0.494728,21.188774968351257,0.3623489220102375,2.0204380672880378,0.6567116415995028,0.3208750706649063,66.56057394457017,3.426854447225125,0.6140115975746943,7311.808973117139,0.1899171006580776,15.08242177503766,586.1825599341164,24.11092629825655,2822.581214078643,0.2792525426859247,0.0121419684732735,4.116365132246308,24835.297913114948,0.4101422203276517,0.4590380741532185,7.891301184637399,0.5205902616635046,98.51901593440444,0.0124426947258053,3.90476,0.147397556425082,159.07130062448852,30.1957,485635.3879420315,27211766.891290545,2042.5895567909351,0.0438832254384302,159.96834837092848,0.3586790296807323,0.6746584996780829,1457.4890811559658,0.0148204176149825,7.335505428539024,0.0759168554801849,133889.15576632682,0.9551243237231972,0.4601739352224717,26.420295942429124,33.28322044038651,28.289192290941383,60.36167025754712,23.752200483970974,46.98100023475228,14863.34565451542,21.92969087462845,0.6138866574364997,5596.883272474646,0.4938281883990159,1499.1963477669588
ID-388,Center-3,M,0.0,0.0,1.0,0.0,0,63,96,1,5.381730956336747,9.104073043992342,8110.21,6.8484,5.155830898790133,2.862056775521615,27662.93698081966,22.038969197749548,10.839688933446654,4.47631201292773,9.506489164409992,4.457826795881646,7.166230289588049,4.05268,8.781118130002733,10.685001487469156,0.9165624047164188,253906.5654361201,566780.14883302,0.0787656212269969,9.875612775174538,1385.3196242931645,5248388.866122619,54500.62018825771,1627.8051792313106,34.34935899581855,0.9182662930846136,2.855928544166211,3.159601592423887,16.396556666471827,0.3153495885574115,0.1997200050723987,0.9976411207676664,0.9511350208664876,-0.2794384697480352,0.9846480003441896,0.2042199106926159,43.4370616887802,0.003611935519159,11.01252876949509,0.977199,0.0105471216970564,97.56580926052538,4.91790923275004,193.77137641345183,434.8916477004825,0.00917615,416.2165975338163,3159.6374226713983,1.6219541189773812,116.083,0.0315310596401287,0.0138046428700356,6.314284336287123,20304.89441989065,0.9305430479224424,0.8614878866295895,0.4051168291413116,0.8840746738164363,1856.467220235939,0.0192585770006224,86.6655949285382,0.0354479578664286,184.63459571852536,3151.348235005123,3.34623,7944705.108693927,29.844433824272663,0.0540011307437662,2382.720897183392,0.2181344505141028,0.6855397041806272,73.86426620877242,0.009621200713232,8.295114002559707,0.1533957147689253,1.09326,0.8310503454721736,0.8311944689734934,29.64059599695394,25.97750251570417,61.18544081152128,39.68910706466292,27.88873954879573,57.624388142623125,94479.81201940184,10.797218453496876,0.843337,4118.171886895368,0.3527145494823806,34980.03810945642,27.296423326259657,33.3375,59177791831.12412,2.562835001862281,44.50775309217679,71.0580931597701,906.6748527595536,29.69146488355221,63.16041959153418,45.6077454054623,-274.0178816966833,1487.1642573695392,21.25442360756051,1059.3004976963352,2.616314502624104,17216986459.15706,0.3594773143282813,11459.973291314243,140.15751560947723,5.8552,3127.534378739333,33.055579016856626,6.886894167026018,0.6813577417704562,1.6509177407553752,2.104968295127424,7.920099444549117,0.5748936137495677,0.8828276737588221,0.9972860030939812,0.9772285932374156,-0.3249749564186255,0.9235713984216192,0.4749407386721203,34.987922597430895,0.3631628932535887,4.109467456156104,0.7383062114388027,0.3113247970106974,56.65815483214883,3.1974269472078825,0.224451,4496.353712104814,0.3921885806411066,0.610339,67.59312829908839,21.361856113239416,12301.371226293735,0.1493143773561713,0.000499152,5.018730885621625,7952.609183034999,0.654583354270692,0.4540710792877305,7.441380671643589,0.6466013230039721,1451.2989480437907,0.0101701424879411,3.90476,0.0701858503177335,39.167946951389936,872.1370534973887,458085.4372415772,414175525.51968783,57.01229257305545,0.0176086901196365,5.90323,0.2021842217751325,0.7354394373382316,957.8154359721334,0.000562722,5.831543301683533,0.0088141165745276,190.726,0.8511513092750508,0.5910450923972598,16.783416990197153,46.065744262432304,65.75251792783347,57.801013367168814,27.438186786852675,66.13511714700168,548.583,16.31792779980761,0.8037513674762764,5657.209955747142,0.3811008465399661,17030.844024762955
ID-393,Center-3,M,1.0,1.0,3.0,0.0,1,80,101,1,6.560435285946323,15.756987505945622,8110.21,4.414013385201964,7.724582927591596,2.88975888941804,558.0,12.99920418472514,11.61512566514728,1.396940041106388,4.331000303863063,4.963174766175721,12.545986970057497,1.4591087426436593,9.737032625748864,20.43453354075729,0.7733074809769512,424280.0907290496,3985350.723917898,0.0292954612398994,14.785254477893606,1758.879151490728,312.508,36995.01995925507,395.804743141675,37.20621893298114,0.97466,6.432460898228786,3.270401849050762,7.924805926768076,0.4394507804806475,0.3009941415948489,0.9982814779006932,0.9498249675146592,-0.3274461105118565,0.9856144415218284,0.546289,58.73524854198191,0.0090051411915469,8.181069959036966,0.943191316020911,0.0171182350737253,79.86282044154174,7.78685,119.28017329693095,466.1886237594163,0.00917615,462.65247131976525,1961.784325789187,1.4824079141922382,1906.9474955140693,0.0355250355432869,0.0128041840973609,6.888697062646086,277.587,0.855168734464991,0.9148206441469552,0.2862272638316381,0.8908337356173646,2135.1416165678907,0.0084894397241733,111.3247954294076,0.00977157,191.340335667497,1117.197296381392,3.34623,10723523.16805793,21.27188440853769,0.000476227,1935.005593753948,0.2035422702895934,0.5168060815292738,1620.1638863017463,0.000418855,8.83279,0.1465957563046958,24647.739564812488,0.776968960525675,0.7194957947055107,16.79414226499721,65.68261885936525,30.91709221469994,27.427616141102803,52.34936327282029,56.24373971386453,59112.09396303054,51.31717410808921,0.7155282659096526,7312.701804985299,0.4522727558948733,10447.672460381576,32.95184161306759,46.92741980606882,32159801455.847275,2.918387057630373,50.81498290376396,21.029931204369,618.5558657017293,45.06385129173936,14.005504147701432,45.72205060990864,-590.8278801538631,429.8318914320033,11.480833244243078,1032.38114419548,-2.745722440119452,526132000.0,0.4307924112029919,3714.675560635796,1519.2139940909922,900892.6500885685,10954.713452614877,112.55452603725615,0.212363,0.520071508123884,2.049963866051601,1.360699509677936,10.103753019843024,0.8029889460740216,0.8060888869507997,0.9932418259596844,0.9785472839389076,-0.1362866466366372,0.949142,0.47027247092926,22.37295604678913,0.0444124859510152,4.152163640840863,0.5198718441819046,0.5618311135513429,32.36472046584243,4.334364618100536,19.416472716789563,3096.571214406424,0.2433838432964306,95.14261113243666,1440.8997546619576,15.22408721744518,8890.167648611266,0.1368041776908853,0.0131331568187493,4.605700162857694,174.09889823734193,0.5793962866691336,0.84282,7.244786716656255,0.6749296051803816,17.3286,0.0032367925690001,101.170803423486,0.0988493566506581,93.33302127050058,751.4511386015713,214.609,120973863.12452072,0.225683,0.0167576076180884,206.2251701115577,0.229802822214994,0.782106,1277.4484383835152,0.0295797863988246,6.107750890970433,0.0223297886575013,428109.2653437387,0.8443486099302996,0.6926359485234904,21.62999279221528,29.49451456101432,21.21132216148565,46.62082966876252,47.83220337586493,38.51541325003642,44356.136058990734,29.492462630143248,0.770497365265803,4558.878262789405,0.3663467016368094,79103.2821125302
ID-401,Center-3,M,1.0,0.0,0.0,0.0,1,60,80,1,7.894214301740372,12.855711642554196,6989236.364155605,6.4364781413194905,5.057515703483593,2.76602194857598,23263.151382854445,15.269228812425984,13.00484004347398,1.3847239094127668,6.506717404612884,1.963657010204272,23.925357388618533,1.893688150620162,16.700991436630886,12.71925902234748,-0.0560421184070706,2087.32,8110.21,0.0407822494938805,8.734569359989273,508.4364610519705,3884594.951814588,-18675.236216669586,667.2602648074768,0.897676,0.9360551029101218,5.128080042580599,4.4432,0.393348,0.3252068738332306,0.4048271059759074,0.995554345957588,0.9606521349121624,-0.3257076189860861,0.9851069198483624,0.3505815784913533,43.838589388009765,0.0172978409012375,11.8075,0.977199,0.0262130904944486,59.61875900157238,5.740412969592884,131.50013979492513,372.3394562473357,0.0305176245287079,290.4407250383896,1904.286491730992,1.4097933864837826,2951.8095480653697,0.000408215,0.0187795752533904,5.992739606607348,18167.532868615253,0.8806071035445743,0.9282381309812952,0.0353675,0.9179234223478346,2310.3752841423134,0.0119495365420167,55.85206687097569,0.032202096344056,461.0718531927324,2446.4566200088666,3.34623,6485.56,0.00123903,0.0769981873650209,1701.6728071863492,0.3713168660538073,0.7266380335098394,89.7838719134767,0.0030484011248413,6.493937865372991,0.3950581980170804,8950.109347374784,0.970114,0.2636796175914095,26.835227549259944,57.90256980274601,21.33160082435376,48.19417181116073,55.970528505721376,63.05813839475966,545.25,28.72862160784546,0.5720145976355462,12627.76974047768,0.5644763323392981,58302.82597154168,-18.81127016882809,59.53385791496754,24157759101.48706,3.019164698175828,51.01282241555752,88.06593679363088,339.32337521948443,41.243082229269085,19.190262203535475,41.38004471227256,-621.1628813471307,942.102134072069,12.089189796072782,1023.1871958286588,0.381121704340112,45277379598.48032,0.3686281702381741,22853.68089252444,2152.229782454899,136377.73603396292,-4071.5804696621713,144.0861329360851,0.212363,0.8857390287029897,1.2073843639923192,2.4383567526252614,0.181279,0.7650107931864703,0.7912744192225679,0.996575097435183,0.9777246831113958,-0.2481786318290812,0.8683463306940731,0.2815421503171521,5.1024,0.0317379004568075,7.048001922691205,0.6908932040778609,0.6558685721734456,77.0956431555163,4.077209124442718,55.818246734838205,2474.716980009247,0.3157064540330512,21.192868876141624,2274.095935928181,16.662092939207533,9184.422624561106,0.2498456495488148,0.0069117478581217,4.355409855918425,106.226,0.41198856310931,0.84282,4.87052582570923,0.7715899260148521,815.1389922247038,0.0030508288474651,3.90476,0.2115742838203617,247.83168842613665,2167.5046807827607,776522.2994240632,63095.6,2201.0722893525835,0.0618650026592325,803.7147757755563,0.3724944437460328,0.552212288223883,6.83919,0.0285839815574315,6.252287212348051,0.0161150871828959,262301.1003884773,0.762829912152207,0.5078495747966398,21.24705507682054,15.891366097785289,47.09488991121228,60.741161674414855,50.19954630300802,54.667080787137465,548.583,19.913462755817577,0.7568441678741062,2827.398945390183,0.2345638435720161,562.0
ID-409,Center-3,M,0.0,1.0,1.0,0.0,1,73,85,1,2.7599789405288617,7.76579153670214,2796320.802673514,5.741972712550456,6.6053042496482695,3.0167649727856336,1081.9387701597316,24.64762191315639,13.027670125425647,2.1530576109046065,7.125720697594042,3.024711074487644,20.184184763635603,3.4791624221401567,12.45718861792823,12.92128596858307,0.4105792866818177,200364.6679685545,3403112.150779385,0.0621737508427662,14.968656441929683,508.3316928602973,6471598.744237123,12994.662394025618,1983.7439638822952,25.1784291988668,0.9481072821053868,4.825046074472237,3.418296322755559,1.1983944112944318,0.4886179587213698,0.2801969099933511,0.9959024961375657,0.9633727973096594,-0.3585596376540937,0.977679861582468,0.101875,39.56702288761782,0.000347025,8.904627740040505,0.977199,0.0214525300324285,76.23169798406505,6.753592633339491,440.0482744711353,1416.8729226971916,0.0717887425206346,515.3330940736689,3451.7193929911305,1.5371084675516336,2639.540560016263,0.0140910352043032,0.0206596149783014,6.425777566514647,28621.02594487162,0.8247915407610392,0.9557846124068424,0.1585709545872024,0.9330277501878738,3132.055482089492,0.0346002651961677,77.93793649391833,0.0548811810189438,6.42722,1663.2980029598295,23759.131235783887,15935.341095588868,0.00123903,0.008632742026661,2447.0500918734683,0.3128883968257817,0.4575588206147202,2047.136071579004,0.0041149964747362,8.353548326112307,0.1740223579422465,1.09326,0.8931225133510594,0.5508335053820086,10.992194633401256,52.31143246612044,26.793972973238752,50.21448371871588,36.6471777968429,72.43890644241078,545.25,42.13981523266901,0.7833309333691949,4201.919509203919,0.4762032381876115,12817.856003225475,-23.128845348264804,33.3375,6079743813.068188,2.656327794440781,47.32069353560877,81.32319767201325,1128.0091126083223,12.17173410338324,31.062642814877805,43.86101246501192,-688.7435475366074,1621.5416111616182,8.557362029269306,1021.9806222619968,-4.982172992203738,526132000.0,0.3045900729859921,19954.41291195888,768.7787876789041,69061.36241354368,-3394.548410685003,138.39108766967612,1.9339966035811875,0.5313846167631113,1.7612909036351092,0.8623614936614459,10.897437112575176,0.4980677800177255,0.644053915978732,0.99650214653287,0.9722687707825434,-0.1599089774814373,0.7388891141933693,0.494728,38.13867714832516,0.1474006681327411,4.273680116917956,0.8922899281671356,0.3141988214746756,83.60426807022256,3.459683704355738,0.224451,2566.8577378108234,0.2917879841009517,0.610339,1677.5839643714162,9.93817512418453,9412.908858830917,0.00100254,0.0142078507967777,4.992538581670653,13814.205377827511,0.2954605932501322,0.3866800072412931,8.069408368303094,0.7564518771091716,1780.4797743607226,0.0159199477136054,109.68019127305692,0.1696060656264542,112.64085249857467,424.8355001106586,1013413.195058269,63095.6,0.225683,0.0338855789156221,395.9372311341253,0.4590504137918941,0.4666304221104177,6.83919,0.0383950119605456,6.080287629137889,0.0535901924757941,190.726,0.3757790889822776,0.4074219123218647,32.22672659441265,19.594548764667927,59.18017774061328,17.07840285669643,43.5002162927446,39.27733158767815,6455.317778216859,28.892118365166368,0.6220453684559256,6986.175676693875,0.303386752462465,20988.476566370584
ID-427,Center-3,M,1.0,0.0,2.0,0.0,1,57,74,1,7.703692567934276,5.740368876101862,5121629.806882904,6.032344880555493,3.5846985898536694,2.392274372266993,5623.797836345662,8.860755853534585,8.535747419174115,3.450960474380728,3.732126392448953,3.554942680967553,10.51822015774539,2.875779503122568,12.210295715786602,13.66874635058134,0.2132890588993384,434599.1640873906,8110.21,0.0560065936635703,19.99371535706428,826.2410913471343,5864138.58552901,9032.323027689305,393.5488116272435,19.93920123008245,0.925337816236487,3.2972545908791484,3.4253659518531343,13.47926826550367,0.5170489799176715,0.3357189255357696,0.9948322232338648,0.938123658172814,-0.2652946811893041,0.9255583415174238,0.3669223295226061,41.34462983303549,0.018539328110313,9.47647089628,0.9214317655009404,0.0218778465303119,35.443624707175246,5.655002062257636,177.12501938211523,536.4705798750417,0.0756459940396211,421.43514234893087,38.346,1.743577079112532,116.083,0.0407536764877552,0.0201647566139658,4.759096292711625,8766.816679847181,0.9311863002504,0.8775141523171465,0.4498132802916332,0.9115078416958426,2097.26140131098,0.0011567512943551,157.21845972608097,0.0158287064620039,293.25200339767906,2383.523712971837,23275.95130115594,9378048.531755552,277.19033208751824,0.0183242365361464,2.18182,0.1996595038827164,0.6229979585404161,286.41581787854614,0.0196628147855441,8.427115280687982,0.3289859799802359,40761.01070525296,0.8292614482517671,0.5507754877936911,26.13237963096604,51.05866059617568,60.404415626282045,67.04681053044561,37.23338118872701,52.334761221370464,5539.927457354001,38.44056183825479,0.7628131678048817,5319.591064795318,0.3019650014497499,18493.10443024365,33.50779247227518,134.32895140294434,62224861056.09518,3.15953998234267,35.680115680093195,3.83943,861.7768910417722,60.54571927150664,53.43980039709653,51.78944714936692,-316.52075052693823,324.39798720196336,13.49560061094688,1044.4145370686822,-2.817266790989878,30600045711.97715,0.4469208383983887,67.1971,1240.1570147612724,5.8552,-1543.2072378571506,40.86026880304996,1.6500447411053427,0.5595916979932714,1.1601755140131982,2.120276738782695,0.181279,0.7276852698257419,0.6836527040117396,0.9969301502851986,0.9792200883785096,-0.1088304882413759,0.6265973579996267,0.4463349810631497,14.240267653351692,0.2912294793617467,5.82392683241624,0.6696983215310203,0.2233416395386135,112.432,3.876805456684126,28.308130410717343,49.2996,0.2847378194183972,60.28153024915553,3204.87,13.492926094383275,172.295,0.00100254,0.005632291748131,4.665853306151719,106.226,0.4005048456649288,0.3108427947349948,2.8310594382395484,0.6926939385914547,1514.8276445241945,0.010664568913901,23.88997779164797,0.0958156591332944,137.5137593929908,929.0682640209312,60329.07542745595,356046110.153276,5041.395599468868,0.0243681070132971,5.90323,0.3769518152725156,0.5324699404315781,1549.7509176747226,0.000562722,4.704555936698332,0.0796527474543994,398072.0161041645,0.873295651485926,0.5381883225663623,11.460179768818827,56.31534029222232,33.19109676721101,31.3046158178373,34.55359285827085,58.57347844949188,44559.827292317306,17.125156968922486,0.7029505540424218,4601.822934125262,0.4918009205664829,6496.814166271003
ID-434,Center-3,M,1.0,1.0,1.0,0.0,1,67,73,1,4.604310108181474,19.31400242267708,2921266.119553192,5.051824871986351,5.512809745152427,1.79041,8755.598706609811,22.015720052619105,6.416479317972268,1.0761560648902595,9.166961725342086,2.019811095437407,16.556412691638794,1.4182937923256835,13.036984197234563,18.86552442825341,0.3238042380660673,480641.3946008545,4215194.918528433,0.0778196559725745,0.134882,1249.1664501440564,8282913.768742347,9118.237099156597,1444.5973103067856,50.504413719993984,0.9089807155246074,0.682288,2.82666754222839,3.3292993820387844,0.3173744132193385,0.4946844955588749,0.9956996958676588,0.946219389523563,-0.3354109283312579,0.9883824421813524,0.3594546012622843,6.41898,0.0074258823699173,11.8075,0.934255496988468,0.0343635643214719,101.25085868792078,6.4326496212932,470.54945350580914,36.2218,0.0626387455206932,513.788986833167,511.83887110988,1.7044579854417854,2648.9559727742776,0.000408215,0.013212225724283,6.047798560572897,8602.203794506588,0.7586240759218116,0.9359471732586536,0.4811406462704752,0.9500063587014242,99.06210785382368,0.0148304861228565,41.01368904466132,0.030051798471711,6.42722,909.1820976916516,3.34623,4323563.675846957,456.0659466087706,0.0792278879921299,3677.108352141498,0.3762026226992241,0.4081100030764662,1560.7942059507952,0.0091011227141224,7.147905552353451,0.4895104028140783,1.09326,0.5547886819764724,0.5517184978457931,30.927829434772526,42.7968022234679,49.82151248844483,48.956696676606,30.80678574507489,18.64006844506762,34107.857352575564,30.92023753943256,0.6853237331150318,8951.586064332074,0.7202784614146135,16156.487300150871,5.075368959863671,93.54449811369564,52986816831.429085,1.680430712166064,5.42996,101.60509381351548,367.2115636525073,20.10265417342338,32.66195902932383,53.56830138393325,-148.67937670592642,1457.7303212997172,27.771855721413825,1047.8399319475827,2.584787653164744,23967756171.05886,0.3232871109586845,67.1971,1125.1860707045712,419989.25457259314,-5696.817165560169,206.75209518579285,18.520509609654383,0.4720106424250049,1.9643955195362337,2.138924342507716,5.297376410844943,0.720586282898952,0.8956528986313287,0.9989392700354128,0.9667377137541772,-0.1411944994112095,0.6978142708143806,0.494728,6.482858085663287,0.0125889,6.259989525166074,0.8804909889388565,0.332587785780076,23.474015223434105,1.7863097829813883,22.297859783778662,3992.2484530978586,0.4325311883936192,22.05367167624585,1693.4648461635893,4.909500507273604,9329.37702570422,0.00100254,0.0030119475202793,4.454702903627267,3070.887085485924,0.2894018925941333,0.6679320296497993,6.048674808496165,0.6135117903898403,17.3286,0.0070313253543323,39.71684010651721,0.1215072729305178,106.2988065862551,329.7451467654996,403892.7326235127,620615414.0859909,2883.664556695872,0.0483729778856531,352.7126605566622,0.365559122283953,0.7032142652148983,770.5419200044373,0.01329108038746,6.160479550753976,0.0598369392420404,70776.03410664013,0.7768810555235979,0.5798065150465981,12.040909617764598,24.240240281428747,33.23844932256666,30.77889889365776,26.28990989044071,60.69115327325398,33711.35469399646,37.209074986643714,0.648463038833964,5580.548253870047,0.3834205831490928,64954.45859118021
ID-436,Center-3,M,1.0,1.0,1.0,0.0,1,47,82,1,6.539478798240071,18.820996535696,3317097.0221195845,5.5060809364503935,3.04929717734182,2.394278445634135,47186.23095758834,20.78183773631919,7.442868750094158,4.026797132155851,6.302138162082112,2.9582177438574324,8.901305030036877,2.102822014447821,10.659136113163168,10.888976968674072,-0.3883680740871641,202485.8596499623,1269217.195421204,0.0433446239709743,0.134882,2126.9953514287727,6558308.347108947,-7054.087654343729,1723.4455481929838,65.42965889847127,0.8978774364061887,0.682288,2.5763770119280407,8.88577821588076,0.5787307739353571,0.2900551047028244,0.9945730124353336,0.947653140569054,-0.235993,0.973774657708629,0.2913735963151373,31.212788281947308,0.011390750862915,10.644794738161464,0.9060239705072024,0.0212551783194911,53.985368256334674,6.864520441163525,399.8529327119491,986.9502920494168,0.009371405296405,317.92958854455514,2345.5150209755043,2.0552291925729738,2627.9656889842163,0.0373352951217632,0.0082837958630466,6.206844209770676,2644.681852968837,0.8577871945845345,0.941176217307618,0.4478914002759444,0.9622338254033233,1081.853434517477,0.0149608922797539,158.3729496772416,0.035791386872987,178.3949547330267,977.402662850904,5321.826108222029,7544319.867701745,424.44225778260005,0.0565617458306016,2.18182,0.0735873358390021,0.646222109079175,380.6746572566464,0.0158706569758993,7.775740728312646,0.078541817259843,1.09326,0.6805392857021122,0.4623731771804599,31.77603783270873,11.9315,23.89193783352342,40.674650520640654,53.21862223785277,42.52125084126661,65316.80117804202,36.43359208803568,0.7192319636591865,4157.550744107534,0.13282,8657.796476302034,-51.842917115349394,41.643499981752775,100087901239.50096,3.039393984764726,21.04425833781737,45.51430319318833,855.4803710837475,23.73431056004516,71.82195452546907,54.88461542396752,-122.57266295270423,732.7392557034642,2.31624,1070.64874988547,-0.916992649012986,33768160794.32059,0.2587318302293536,8931.608786631758,26.3153,1103228.2363980473,1212.7573080110292,51.08428614544479,14.136456532987866,0.5700953993680753,0.5048595503043438,1.922904281691872,3.4167154989148583,0.6422680188656409,0.6014215379792983,0.9944522928975316,0.995225,-0.2062954546698296,0.7021012593880109,0.3328923640598238,34.23242124549694,0.4252187867096213,5.340038539484628,0.6794088145403977,0.1886778337207977,74.12088481219558,4.387282043687554,1.4238858100160448,1946.0291651312973,0.3250528986702042,47.02592769192268,117.6724442076988,5.77519341335509,8766.540043216984,0.1349143288426442,0.0073431368313945,5.186275141526903,5557.201607907505,0.3788146173093586,0.4462155170181594,3.265550529353466,0.5678115610614273,1104.1093869952883,0.0017957756255843,84.21342674988549,0.1545451254920882,171.96213582806968,575.7385639025282,930086.1215486964,63095.6,4712.275005891357,0.00104556,475.06171926122846,0.5373485710861213,0.7514077221147015,1516.5980009797663,0.0340997746367715,6.422017813734729,0.0537229011586622,160666.92379669228,0.981698,0.6203869669883414,23.59958161265835,32.502819577329376,63.1182483442813,42.79665122476728,40.3091468774867,57.9435437921941,33258.55441387031,47.28683974938467,0.7487609300168625,7495.394693753336,0.4392441629840807,71580.14093386856
ID-449,Center-3,M,1.0,1.0,0.0,0.0,1,46,80,1,8.71489429013748,6.7401193422993,8479570.586123006,6.18830315766871,5.088897188795179,2.5603419672520804,29041.019694260405,10.381675412433363,12.62767671860281,1.465893535454945,5.392518106961123,3.855688299594175,18.6242744532068,3.3240616224285136,8.26368852581186,18.03443819717229,-0.3590542684949779,636456.0949995002,8110.21,0.0631299142893916,7.121717742214465,958.59552332325,7927889.097154494,-34479.2,979.8953093883232,88.20263079789734,0.9036070214083728,2.758410353014091,3.272081377737132,3.5573911996469603,0.5406338655024799,0.1867898477774816,0.995736668385556,0.9663826945386726,-0.2901568448813496,0.993989,0.2015193114576318,46.26986420673152,0.011503568817603,11.494074038573393,0.977199,0.0265943864282332,97.99217533748114,7.571944414853369,120.51144525487962,121.76094245103648,0.0737726609395776,253.14930471148617,4228.980550354734,1.9169900568765124,3725.4336506536847,0.0614949470591671,0.0157947596528115,7.04442252843167,39734.55898251292,0.788498204251857,0.971112,0.2454835852009358,0.9004902562785163,719.9865100034019,0.0266811601088271,143.1290630481596,0.0309895093913784,298.197453817872,1893.1925353166032,3.34623,11011279.896744184,254.7767663292745,0.0271199988339833,2070.0230037566453,0.2763962845493355,0.5987360202989871,1107.7288745135015,0.0081902387955513,8.021207173709907,0.0250781116220979,1.09326,0.8584391964143827,0.3809122534665937,23.51530483668082,22.06832726954809,46.439996940625846,43.1985632718636,12.99464272072404,56.37752577699663,49378.859205208006,11.464955373910804,0.5682977143466994,8500.725479683419,0.2541011290792304,38857.139836204544,-85.88553378503309,168.58249597996837,526132000.0,3.424966026229534,39.06915259586295,3.83943,740.4402731851023,41.615142313002174,43.22066828207113,40.37458738021388,-232.04805084357872,2142.114824408021,5.261411528396209,1075.479553215576,-0.4022141418482131,41899952568.48771,0.4373207261701552,67.1971,2786.224582218193,269352.69773008407,284.8128552302221,150.439686446719,12.17514930015861,0.552695603946893,1.0321377647450427,1.922451853623183,2.397261241069531,0.8815834552752317,0.8405135571641164,0.9971120778011864,0.9883677971219184,-0.2151156525119559,0.7170673096855047,0.494728,34.58016283193646,0.1766349824902197,4.809922604754876,0.8747130381443807,0.4896315546341728,35.64567120293618,2.8663307268098936,0.224451,5641.295705899865,0.231296180097621,21.54584369598171,1806.8438427694969,1.74669,172.295,0.242532395686957,0.0071548765316835,4.3779077891402185,106.226,0.3316194377556669,0.84282,0.291681,0.8459144599936431,17.3286,0.000389061,40.1603031797713,0.0517423130680494,53.21041136428424,825.248801715717,383802.8249007391,63095.6,494.8456897114063,0.0127227880015239,488.3835245389477,0.3387706209821943,0.5408204717319935,866.0422598197122,0.000562722,6.696788915584638,0.0186561512044837,546912.4285458904,0.9383107329623208,0.7881702390160209,27.02871982510948,30.83158276552805,60.92129770345297,47.19883047886591,31.228779665560303,22.28063848799427,46216.87634081143,41.88471596190629,0.7200113730795333,11195.66820583521,0.4778486481803617,25017.253645966768
ID-451,Center-3,M,0.0,1.0,0.0,0.0,1,53,98,1,4.01285170934716,10.32789999602896,5437962.685538375,5.314621359685159,4.243711054222687,3.303077896230484,35709.12248214292,23.029086916223783,5.260111765092162,0.295263,7.0178882478952405,3.515226566354956,11.172163534713532,2.761142446738859,9.27578138969027,17.63113661214303,0.933356580921552,743725.6460363829,3317864.128409694,0.0246468120553105,19.060846496038547,2370.7177622166164,12807020.756491143,31886.783976201365,1016.4910053164016,28.54591811343544,0.97466,2.56676099305709,3.605155310509351,13.301401544111998,0.3277980616399414,0.247972145517735,0.9980230217415892,0.9418139508748724,-0.3301298015059868,0.993989,0.1941974567789521,29.372957070972262,0.000347025,6.650325691571334,0.9499290635535445,0.00134553,49.060866030270425,6.736505886318434,475.84050831853966,634.3449914273803,0.0615926753542562,265.6293277472514,686.1888227133461,1.1524448290503284,1521.0666388114455,0.0160569643741783,0.0048551404991957,6.110343537567886,36419.93512688651,0.8229576387293364,0.9706021881970412,0.2415807154511713,0.9188269001526098,1708.531834605636,0.0140434267881782,232.30912524751267,0.0289581419539264,371.06804343396993,1899.310835162212,17305.2797161254,9755437.118199171,126.9449592759102,0.0417195433591314,2568.3815781849767,0.3448130031032235,0.3595117843780566,2.66496,0.0093704884879314,8.082116125523012,0.3722178498232151,34788.547897341035,0.7356238741120665,0.7215354121168079,31.429387020000487,62.98399272106294,65.54078791416332,23.99503139653993,69.61520518676005,36.62005951169408,17010.664778692422,26.826220659811067,0.6880314443984373,9258.678706934148,0.5604585857778028,21453.7314466456,-9.965397184434226,103.58753344393588,50117280739.52636,2.4050906723556444,5.42996,131.31970188404966,162.41833981008034,27.00046504913795,12.35544249220743,49.92607681829168,-170.44061287371176,1336.5382915131588,23.66322794124157,1029.3922271664278,-2.8412033019883003,27021984361.56211,0.3712402955273444,67.1971,1469.373567572069,2067000.291470376,-2980.7071053807044,89.50243628454697,23.25727357233229,0.6489810604441597,2.9777007309369603,1.466889545155568,17.014151817001714,0.7381343363954902,0.6282659376670097,0.9956994980586492,0.9948566665949288,-0.2459533098480743,0.7236351789617738,0.494728,27.88199288616803,0.1967615224049346,4.602171414014915,0.7968740410845115,0.5057569110061061,99.86146795963973,2.9329646201182875,55.25280514463552,2379.993128928345,0.2153657882040903,20.98244884782702,859.2459488434093,11.114272562699131,4585.370139136431,0.1598441439558094,0.0121453319478057,4.010277112870165,13134.274119883152,0.3558247878819391,0.6287192469254175,9.260746100862209,0.5374438004895362,1038.0634780042628,0.0038168368538129,37.14760314345576,0.107462441936443,17.41869182724476,30.1957,241402.6926809309,708581320.439009,3750.341784471874,0.0355226889962721,5.90323,0.5270723887950574,0.4343169910229633,451.612719436138,0.0255926787710967,6.555165321794081,0.00580198,625723.569074213,0.8433249246524978,0.868571,28.75388134485168,25.02354051699298,68.7356233037056,50.022854607281126,25.68655383921847,35.12370567844448,33916.69205435931,37.93820791860826,0.6988439451416827,458.685,0.3401626819967044,562.0
ID-456,Center-3,M,0.0,1.0,1.0,0.0,1,62,95,1,5.175577740839475,3.46337,3927174.81460224,5.986475665609778,3.296080689479035,3.997719671825967,10081.541875862318,18.41637360016561,17.344394352792136,4.991639540256741,6.010479727771807,4.720237302996951,15.50590723239359,0.8756437341672783,8.701290942548482,11.01302495096953,-0.3750687995412071,257953.834596885,2414436.2493853625,0.0114601587343105,5.897444297144342,2468.772453315328,6817094.617271255,-22213.93294511471,11.2113,7.702260738884863,0.9218329018718562,3.9361644338753927,4.4432,13.620682268601048,0.4884309806915624,0.1258678178245294,0.996093496104062,0.957760036861528,-0.3614761429600433,0.993989,0.4128804657530268,42.467882195936056,0.000347025,9.053454756683012,0.977199,0.0314288511943337,72.1154457086702,7.727463780514749,365.1412874612213,588.4297107309098,0.0689925295991792,36.71543159862945,38.346,1.3400802103624316,4419.785123467228,0.0247221811045927,0.0111319604667828,6.93322756143995,26795.742577486377,0.7991753965516062,0.8803564742102311,0.2599765151472974,0.9374700520344322,2249.6757148824663,0.0113292456248793,204.56402599044665,0.0240733619709659,203.9649944219708,2176.392180972088,15473.879929585784,6485.56,0.00123903,0.0419949208054301,1876.5381634405023,0.1677690120653661,0.499427676344198,1171.0001071203665,0.0080101625178358,8.83279,0.1713131323814244,1.09326,0.8606383430009699,0.3586084135152691,20.654199011732004,64.97768003461192,41.49709995987519,60.6911491759816,48.49469573467019,48.24651524687647,545.25,26.88223493158744,0.565439632990588,6462.897617835572,0.2562927417895629,29552.848365550515,-10.669512811202695,33.3375,86856053723.98383,2.896935819380519,34.823179130468844,68.63438730352834,608.3023972149978,33.54862310583708,75.59987867427533,49.56979512857031,-263.7611249904604,341.28112419488605,2.31624,1052.536033835494,-2.6301438744119614,50274125443.35952,0.3710378302022346,16440.68286550254,856.3636249134156,5.8552,8075.735054627436,144.0783297733016,14.67835604909676,0.6954678600869415,0.365501177392263,1.1768285496914832,19.876867403814884,0.747984684137426,0.6679837893242486,0.999872,0.9743808552219854,-0.1481541144212016,0.7740734764195777,0.4061125295836746,24.464822267567097,0.3897861627810233,2.6025735799565592,0.7132093299251888,0.2914529019065214,87.49069117682686,3.6602938261665217,59.84387635232086,3365.9196810665044,0.3471885586653411,0.610339,1771.3872725455117,18.31324863139676,8695.82998669289,0.003288997798365,0.0236309944788489,4.116792972644955,4998.85712274248,0.5439026107107309,0.5380949860644596,0.4029810486037314,0.7394592877993963,2015.554979235266,0.000389061,116.50525634596887,0.1289255130622587,169.50715517450124,3120.6768407464488,87315.60770056024,63095.6,3686.5343769799415,0.0173551808081357,5.90323,0.2837478974329359,0.6989383193078763,299.31461604685865,0.000562722,7.006330478214425,0.0069031505001281,190.726,0.9549494450084738,0.8371441843749455,12.349289314302156,35.918907387645,13.4164,66.3379516185217,37.882634975110165,22.73362179309673,32132.145187662223,22.308792656235383,0.7087745228217057,9885.708324132524,0.5070102617410795,21002.16962087214
ID-460,Center-3,M,0.0,0.0,0.0,0.0,1,54,77,1,3.8872807864247294,15.62325402152156,2301605.0270558773,6.8484,0.7245010344830041,3.1596959047266577,558.0,9.896494852582432,9.93914757776894,0.6624278681839547,5.911473373649068,4.90102637598258,10.333800770004816,2.1315626521813176,7.573036598988954,12.548349293085838,0.7621509357265901,379954.26675030414,4715863.456409007,0.0488677408104676,9.416922947189434,43.7843,10302860.039463142,38830.38882871856,1659.3036200661518,36.58853539991968,0.8824791064262482,2.329295154544086,2.5475800878568746,7.938927228260242,0.288809245199185,0.3699637999129185,0.9923029907932626,0.9473080764533338,-0.3473885933894611,0.9775419034917724,0.2422333981908196,23.448243165539854,0.006084575598489,9.246964316108048,0.977199,0.0675258173806145,16.245446913025877,7.566929038227049,397.25196730385306,272.5277147590066,0.0557877202332266,305.90803813061336,38.346,1.2004260793180146,1864.9943442127203,0.0479779894241245,0.0239090909802063,5.326591033568156,277.587,0.8052916963973277,0.9512013602538631,0.2599569036936352,0.9161293863460344,1754.666643512356,0.000379169,37.69785608719218,0.018882348915757,160.41656788504943,2746.6404715722288,12001.119747514764,6549047.288627715,331.71709255778165,0.042606993251601,2372.72876723892,0.1875647572364628,0.5415650111242936,2.66496,0.000418855,7.747790374409909,0.3470555079970511,22968.615947444647,0.7621757310124349,0.6365118108763597,17.928103151196915,44.353149399094896,29.26011613916716,33.73730942216435,25.710155592606515,33.08545467338178,545.25,10.1665,0.843337,5899.426010865024,0.4369023658091127,32501.764723667347,-39.68192930640463,110.58420437344236,40918332284.49448,1.5211837852659762,70.65212725430003,3.83943,888.1842099050803,62.22366907782307,89.50536529466062,48.97719605551698,-292.952831883485,1290.9981306582738,16.858099309743196,1044.895370787454,-2.0423592946049265,4317078207.061161,0.3229778976552618,18858.78299794364,344.0148013428727,5.8552,3064.923867336381,19.67018782575344,6.597508041420815,0.792735481470449,1.1733266628077494,1.5829683855022574,18.27134424438675,0.8617872425773847,0.7545311022500268,0.9980728849700452,0.9945673923779916,-0.2366160327298421,0.9282197524972244,0.3394601938350547,55.87356907164498,0.0285602413187142,5.364421613618207,0.8295674871000961,0.5120906526565714,74.18545540631946,2.97682451551276,0.224451,4204.613091715427,0.3506819915678028,47.32688219257589,28.9544,9.274477343424946,172.295,0.0624389640561765,0.0024044053286531,4.840783071272856,106.226,0.5607645991662906,0.7777534041866451,12.827351645217906,0.7360133245864499,671.8673125605699,0.0042594951705453,13.017203114793883,0.0924359827643161,120.35095580931198,30.1957,1198182.349892161,432096447.85907584,1872.0135258690505,0.0593694552604981,23.56753205320497,0.3341561209025234,0.5215096882689968,494.2670323231209,0.0271544638083318,5.997719093691857,0.0337606672797728,124618.24455902111,0.6159819358199133,0.6840632108424081,23.42637443805256,36.73516360059206,13.4164,80.9763380391908,70.05570419926671,47.11361927261289,36725.01194856231,26.56688744113009,0.6480984997817351,5159.019104191642,0.6016689480447647,42068.66508085933
ID-491,Center-3,M,0.0,1.0,0.0,0.0,1,62,81,1,2.034190027461884,13.334696442693236,716502.9669721603,6.8484,2.846983733325396,3.561639373696373,558.0,6.193011646691439,12.483837558470704,1.791848907324599,14.549535489990772,3.0045862869069944,11.778130038060493,0.4441700535359308,9.872986982059777,16.888634055128357,0.763114343190903,202654.30661489567,8644337.260705413,0.0484330852201267,13.35946539678967,2544.10746118928,888458.0631055856,30749.22370797114,459.8480574932097,58.98687496033264,0.9427162968849816,6.289967644070915,4.374149961231112,6.236128026784823,0.4674259982997705,0.3059716607294141,0.995680795789784,0.940437387262631,-0.3589860693555913,0.9488936913113326,0.2544285487430649,46.63077648618204,0.0062406420370686,7.357545880498297,0.9421623565984922,0.024948842991407,98.1227005678822,5.769932450604553,708.7681172078276,861.8415873086916,0.0112345620208504,130.8346990205589,761.2432280386047,1.443405680653229,433.5803050462356,0.0366202397862727,0.0017330929040446,6.144066916633392,277.587,0.8699994320478124,0.8867511440240349,0.2403067754514536,0.9543344187742108,2855.555836081673,0.0086514536391157,93.08014796397347,0.0190019141284403,391.6839915765663,2424.438448768992,12453.361533568115,9560715.10677224,0.00123903,0.000476227,1933.223436572176,0.43159514917592,0.5813336004099185,1477.7893890387393,0.0051551584241725,6.195777052425636,0.5444092594692793,29268.428099635246,0.8119787592379897,0.6786553902137628,23.101653094043325,52.18798527691221,42.44894143385519,30.59312632361245,14.11855689036726,50.72154700221427,68143.61208315309,40.84942001440539,0.6390058477671194,7786.274607213391,0.6661628960469864,558.0,51.3066,98.27729326957964,36514742456.160736,2.060933924254056,28.94107963766295,163.91319767567094,66.3085,61.84885511772018,73.31850594068376,41.158689431216615,-430.818522432006,1050.6136404430138,20.919017668335947,1084.3678869563564,-1.6001989791929223,21950532669.02373,0.3102005211042543,13393.117890670306,400.1239764541298,656119.1756695895,-5842.424723881446,82.66305333993364,0.212363,0.8832502457350477,0.9378945115305756,1.644609991143284,6.394127627552584,0.7457575302629647,0.6866628350228581,0.9983610731501996,0.992420619376745,-0.2983719802578381,0.6548793750873527,0.3946891752764233,40.445223663795815,0.0471489435212856,5.4661280827227925,0.8868713269936425,0.3685342356701492,36.15185567124876,3.0981151108693066,25.213459936289308,5257.84956596837,0.2432022783935495,0.610339,3204.87,15.606663819520952,2230.2904126870226,0.2368086439146672,0.000499152,4.154789625815037,5569.391250097672,0.6197881343974475,0.7535615789751716,6.071023080864124,0.7240419148280576,1146.3003601952369,0.0010330059068878,3.90476,0.0840175373199908,53.95525740562656,1160.1975713214792,187686.1592667905,463235815.6563724,4294.729051839753,0.0597570187055562,5.90323,0.3161906969063688,0.5825915466194764,196.553831944446,0.0310017842023303,5.686102078410512,0.1244971389660969,710335.4568286682,0.796556938913794,0.675103999772629,26.88300555457131,39.96737093223375,67.05611535222653,45.54220401474638,20.8453930759268,74.37938391073676,33771.95404613804,35.53385071896446,0.7066661201120293,1454.4530234466602,0.4949298090792217,15317.414993482196
ID-499,Center-3,F,1.0,0.0,2.0,1.0,1,60,105,1,7.463391054867224,9.427317986290335,6814912.525930344,5.62057131069088,3.9398073500095774,3.340882319319681,60968.118719446094,6.827652202327152,9.659755996086805,2.085709610806709,10.95130090149094,2.285140754139729,27.9916,1.0089021532127938,9.297555841140566,21.08941080471125,0.6186185977357423,436953.50925528014,3449859.898285621,0.00914519,10.900207851280506,43.7843,4697167.720937291,13604.621507970216,11.2113,0.897676,0.97466,4.138171155178487,3.422969508640563,8.436246603333064,0.2210469900660926,0.4011447810692863,0.994199170784456,0.936866159993474,-0.3232315100809863,0.993989,0.479192769358881,20.71902545307904,0.0065471213012618,8.330491763643103,0.939735159664396,0.0109227373158499,89.03589503118263,6.32746815116926,299.8122992362404,571.0929552152875,0.0338480844854321,651.5374085830246,138.1322608010626,1.09603,3278.5145407003824,0.0049718889552883,0.0300064568488026,4.521612256392831,18207.34538934176,0.9123480470281022,0.9061574086060424,0.2466354631575146,0.8811397894268198,2057.5781960271224,0.0015148595696905,145.65402237958753,0.0414466609366479,100.79503935309344,3088.164624968541,1926.09616852444,6485.56,896.1898527017526,0.0202761819384581,2.18182,0.1339201557783097,0.5740358923344339,711.3157799897585,0.0085018996664792,7.864573374837957,0.4517987158635239,3611.252297156654,0.5183699962940853,0.6108605150270617,37.53953184969319,59.66735135797784,69.59675391092365,29.412608072309794,51.53653706136835,64.8986813364433,31514.801814737,51.355852806865805,0.7151230604743897,463.203,0.6123732429605314,12131.168701526016,51.3066,33.3375,14478297034.304428,1.930736837684082,38.61176428587665,64.27882725760821,413.4665593383646,58.50481293932897,39.71617561622503,39.83487130451573,-452.9209639540043,1228.0541255574867,15.823076569659277,1034.9086501590514,3.739957273314597,526132000.0,0.3149493653426932,25666.18948651524,925.1280352587676,5.8552,24677.014624856507,0.664828,4.661230397501408,0.6647628882308326,0.512324361286917,1.86782105651721,9.671488628167085,0.796968485549522,0.8943319463966469,0.9984977377339124,0.98487421740515,-0.2104444780570587,0.7150321549425437,0.494728,56.2161,0.2016833600052634,4.020512598526002,0.8057659130212876,0.2426681248059197,38.21450581104346,2.539320706097923,0.224451,49.2996,0.4833307360935163,13.237184971896244,915.0123361341792,1.74669,5298.704092547857,0.00100254,0.0114557428075776,4.741496107095076,106.226,0.3419723913351074,0.7750217224531428,0.8532345649727736,0.7101373586700951,687.5362053022789,0.006939823748594,89.62101529654636,0.1178127951641424,116.68795351020611,2842.7280589589427,214.609,491963962.1075948,2008.9767838003988,0.0140193320265485,226.93133242989785,0.2592790698239117,0.4833470512298543,511.8324798323607,0.0189402191331263,6.04295385348102,0.0674346547054171,190.726,0.6444008775168677,0.5753670039378164,10.825566461096022,50.13839571920895,59.99684812796168,13.0384,19.209309027326125,48.23135644897905,8271.973731117,15.103980863396036,0.5447413514277898,2918.4222624904305,0.2946879456630493,50553.54809264428
ID-502,Center-3,M,0.0,1.0,1.0,0.0,1,64,74,1,5.170101683147844,20.450563243656887,1167268.6259680404,5.593248907306398,5.221331733187819,3.642455898822751,18972.14102421371,11.074417248680298,5.783787327940146,1.3015315425357448,2.71105,3.4412036388062703,14.046543008106344,1.6143417103831663,10.068730988623347,20.76819743926339,0.187203538078788,353242.81451311684,3971667.460551445,0.0719720071170657,6.294173988697303,3154.9532448942027,2864258.5067736013,-8815.597859255337,2490.2061513818658,0.897676,0.97466,6.566296958177762,4.314155226696338,20.46804108970064,0.5168574438889163,0.4942598550469559,0.995417023643456,0.9527913034358696,-0.2364258713204153,0.9567456500060018,0.4501274117530805,27.8839490608588,0.0057349245487074,9.487959757313012,0.977199,0.0206440977248968,51.91776305112304,7.123816423018428,342.29332849998383,329.4768199922545,0.0812213946161088,124.44331476380567,499.2811639782618,1.6039920889325656,3546.4578827982905,0.0297148136552233,0.0112487659643564,5.662278771902132,6171.788178845809,0.769565645032991,0.9600239362805842,0.3775472668104979,0.9465767144684274,26.058,0.0119708910950066,283.49646785798086,0.0573811344729694,34.31432744270646,971.2365965630696,3.34623,7833092.916856209,196.79543529013355,0.0295375326207535,3404.207219485192,0.3552069581305388,0.417801630639709,986.067100954786,0.0005573238469225,7.079800338803973,0.1916582867375575,34984.959756575285,0.7824166027678313,0.8496381370771807,20.50459567691998,27.214811229655787,35.18355740218709,25.33764500454776,36.1234941883846,20.271568241886065,22085.05169780419,26.26485467358923,0.7318389044934206,11171.063234399677,0.3430810049930194,41241.78917735677,3.07385775169599,134.14714201187823,40495671605.93072,1.509225021483309,50.582455862884025,121.94533865636772,66.3085,67.10043208351563,12.92798259026807,35.70411159335786,-912.6323450281448,144.178,19.8965249828067,1048.645459240789,-3.144528098012492,8490554897.851328,0.4140323613088109,67.1971,1047.24124717537,1487467.456363885,-2293.7630460153364,0.664828,21.1685633078948,0.6249996673667971,1.7113176076177412,2.4270478935563324,12.66658730291125,0.7037105406403332,0.7104686096101231,0.999872,0.9810180202917,-0.0808730861643692,0.6671369774113156,0.494728,48.43454252230066,0.2455324767492654,2.192120393673263,0.5282949618995177,0.3084683314644115,40.38397747881218,3.7684418369522312,41.61096651155336,1261.8898037459862,0.2430789957329464,91.68134159894063,28.9544,7.316929748673379,8056.827905938594,0.2349430763510283,0.0261509847600422,4.300426219685116,10598.634263432185,0.2871255077922155,0.5738546680382896,7.686161782139286,0.3711,17.3286,0.0033339533785371,56.43524291649212,0.090468934325502,173.3687120232819,1532.2811565408197,218645.490307938,7189445.996139109,6941.154471212134,0.0541959160524714,438.2549826562585,0.2761732680441368,0.6427678831924429,1561.2940618921266,0.0019619417730432,6.078691790233229,0.0395116055606694,190.726,0.6445729814571732,0.6896586963731501,22.85868520180728,33.22124119828058,39.59096897494861,40.08053109517425,29.68412806322776,57.07941451879812,22351.017564543512,30.0414260475047,0.6014796446630732,7893.249516343064,0.4469025167470332,53961.81642830596
ID-515,Center-3,M,0.0,0.0,1.0,0.0,0,56,90,1,6.45299501864257,10.234730301461004,4626795.42851497,4.722675953422066,4.741945694849799,2.6216955624663028,32036.64385250764,24.740431998889417,9.093624356856472,4.277986824719642,10.281407466662971,2.9156777912113374,7.562874346987464,0.5777211679587502,11.344564908440812,8.743496967054584,0.2545783534335425,2087.32,1601559.7525023017,0.0684009313393264,15.86800424282094,3364.464037109072,8528323.488295572,57031.80011013735,2398.828914404929,57.88253779929333,0.9332471469938698,0.682288,3.5578902250009428,5.332837203011519,0.3908998452129731,0.4262175813931988,0.99604190557247,0.9591711574719712,-0.2932562136487614,0.993989,0.3485789798808875,36.93634830058933,0.0081988028667066,10.352611968797174,0.909602730400239,0.0035576607623327,141.67934454163134,6.736491445277839,352.52182843686063,356.1259029216379,0.029926619113834,125.70159294419967,2217.666444789284,2.044128156042764,1332.8694313935591,0.0092640898045776,0.000384061,5.408168185457188,11715.67040719414,0.7935750174920276,0.9693515060851354,0.3536560493633044,0.932977921260344,1351.7174524046195,0.0265057749258112,52.646240889086144,0.0252788361338902,6.42722,2050.541362878661,44619.68809248568,1101387.680139977,0.00123903,0.000476227,4820.448373336323,0.3466725430955118,0.4919162837697492,2.66496,0.0239370000975204,7.044448473201753,0.3660593714465247,1.09326,0.8449488428627252,0.6854779614081226,35.72744515433872,52.28352133005371,43.322166788364896,74.17331084512749,43.73514947329568,29.939576408433226,20147.548316044416,31.58710784278821,0.5736538657777096,11394.837020404242,0.3484654844813404,3443.230196886112,19.838957686393684,48.06442317035019,12072067278.148212,2.756961610552445,22.78631974133742,68.40830717329794,224.19301068863592,21.14211007578839,28.08575548980962,38.22491235571188,-344.49804107683724,1011.0579694889924,27.371087202876307,1037.0471517998058,-2.401852237053536,526132000.0,0.0808784,5171.205346997063,1572.9248353790451,63241.414999189496,1525.0840110080712,14.006276757030346,0.212363,0.5225014913547119,1.163808442286831,1.676253273559258,6.207680055994081,0.7028390664256312,0.4827391434380097,0.9962571404856584,0.988423024991898,-0.2324516752013914,0.7869970543415917,0.3832044284428227,37.90940428950617,0.3337267845546942,5.117923490531927,0.7422746519951503,0.2362818002001705,48.28324542724785,3.423928371204952,59.6847680265702,3401.4250388355563,0.3098439038478867,24.985598693555417,1141.6392365527663,3.1250084428943907,874.9733262744589,0.0922398125776555,0.0187879135340172,4.373243187317327,106.226,0.3949530622437304,0.5521770731915514,6.002369306265219,0.4813133584951384,946.5562399623218,0.000389061,91.60244585446172,0.1231069492755778,193.8838358174324,359.97652888325274,701108.320970351,63095.6,0.225683,0.0067080352617466,5.90323,0.3914763881151221,0.6637080062317187,864.7657610986795,0.0160458365880022,5.41622160221342,0.0908565823909141,491694.2099090286,0.8287267027463124,0.5894182062726312,13.662411426773112,28.436524545441515,40.43573320003265,28.320183890368632,40.76936355328916,54.86317272854973,65422.55083006132,20.9343312872996,0.4989945146598273,13064.436075386113,0.4375393252300474,7537.051972874696
ID-536,Center-3,M,1.0,1.0,0.0,0.0,1,53,78,1,5.28565099155104,8.75495543349522,1389751.2285080478,4.172916187288262,2.981983266309328,3.165241121241978,40113.76893078834,13.978111811435689,6.981132325202145,3.859154839241884,10.298248068441652,4.287997851654076,19.130518763948487,1.9894795311588829,8.172640633983445,22.35017482875999,1.0900742354614976,2087.32,6464072.420621696,0.0540984784656802,7.230365775659878,665.8843124564071,10704223.546633352,7657.310772747978,792.7452202867697,31.17849541403472,0.9420186688385608,5.314892303713101,3.3327006200309848,10.693545282653398,0.4126183221094346,0.344132191368673,0.9937339754401854,0.9354434328611017,-0.2884732191739706,0.975518363131729,0.3169338762258885,42.54071038933647,0.000347025,10.742446735815015,0.9492376656537276,0.0204640493289265,31.075157949919,6.092627480910807,81.08524130412616,36.2218,0.0793810088655517,558.053043694665,38.346,1.7980952581600442,1690.751653618266,0.0182501513347343,0.0004095030701233,6.327925937059236,277.587,0.8027565759461645,0.7853081711878797,0.6115409549972435,0.884418560998926,1962.359690009684,0.003127282998848,1.93333,0.0511303332934258,167.37894353603227,1404.0445000601992,6441.364815806672,6913132.708907778,0.00123903,0.0241541244928945,15.63502839906937,0.3032935882222142,0.6426018164228767,700.1042614457297,0.032911505878251,7.252469584999665,0.4077586352834487,834.2368984191744,0.8985126919445134,0.7665954376399443,16.957179654740045,21.32919271454276,36.25353316043704,24.992535443053534,36.43338669651165,80.60645479139916,53372.39791240008,17.198652271651202,0.5487163978116704,5919.008382868896,0.4140844486430186,36216.56125705784,51.3066,164.15321305455225,526132000.0,3.2070113637587405,44.18531559450416,122.91620524562204,382.5334939479562,34.241460933381994,4.12072,65.1334,-32.3284,680.4192896909212,21.317948735717746,1077.2400234171555,1.1725723246379798,2282459905.1302795,0.430206226995884,6000.941806762243,26.3153,1791575.4329476724,4133.452509997307,0.664828,0.212363,0.5487200902594456,0.9977800963273796,1.9553693690916256,9.508929778516226,0.7363300852442709,0.553875227301796,0.9975641020428396,0.986616780706083,-0.2663799284258205,0.5557127018673595,0.3210278183787803,16.431163132407846,0.1661880485376971,4.5279348223144975,0.7646533843532709,0.6153611806269099,112.432,4.016143177674711,43.40606867441164,2999.1525912463767,0.0769726,5.924488701035173,1407.4648468643704,24.30044374579792,12238.196859116124,0.1983180909646488,0.0023216230337498,4.233457545366556,12987.50092534204,0.472617143387023,0.2595497948714244,11.764748598359075,0.7592858785446109,17.3286,0.0123304547006501,34.2480250537084,0.1224722118541185,40.64584880594912,30.1957,559490.0118382779,1110356771.6759226,120.64124571665866,0.0330320899568794,101.61772728592136,0.3433547792631073,0.5671999751111219,6.83919,0.0184559626895382,4.870316309209724,0.0952575908078994,498380.75874440593,0.804275163640028,0.868571,19.37003438132965,42.37848563171114,66.3413721462097,82.75312347566448,27.31755213936896,84.41213675964273,39839.15861349981,38.23293798139817,0.6086261578076277,8661.148185074606,0.4474347744977576,30007.812789297823
ID-555,Center-3,M,0.0,0.0,0.0,0.0,1,57,69,1,5.273772334878771,4.580945056124578,2761331.9802410994,5.584854414597617,4.042745222921118,1.9954363347678268,28639.92229340223,15.15539478846031,11.466498025132625,3.4569834313093484,6.882245177645371,3.0934719647340896,21.24835160333983,3.853194554143752,11.377554006755863,14.225994194487306,0.9044478115841342,2087.32,7337746.70100824,0.0603838451781822,7.830655155910333,2444.895440551913,312.508,4662.892036611409,1673.217907091908,40.22801666711238,0.9078687556127336,2.5510577315786223,3.326607044242248,7.536191809974351,0.3508623332248961,0.160254777150054,0.9960782041528606,0.9529503400242038,-0.3350671447297126,0.9785783903668266,0.4579035549464754,12.799680641747386,0.0149686483550591,8.540169590631635,0.9739330927027632,0.0214868099118535,26.44377949248993,5.624350889949061,453.4319367185595,690.6402045104929,0.0720697709881538,247.32139583962527,1106.4949505852112,2.4652913757304566,2927.701671820547,0.0263022222602929,0.0117244473792756,6.263338442015256,2982.5787277241016,0.8189449579574372,0.7461498542987219,0.169361869716458,0.9344848764385804,1431.2870871790255,0.0116799632390061,7.248268820787123,0.0672708782009054,69.80366519572101,2523.582595622572,63616.07739287706,6485.56,213.6178979709951,0.0454514634518589,2046.6158025827283,0.3905014255470618,0.7004987706034224,2.66496,0.0153131868493981,7.229238072796938,0.469547480033836,1.09326,0.8585344100997712,0.4853121675032198,24.094931175558514,43.11159659550078,46.120646422528985,53.22146250352508,44.77294471705669,87.16763279395967,2229.992902223376,17.636801234516984,0.7152632168127913,3544.9584557390867,0.5497339206658195,61272.09636001814,51.3066,127.71025605883082,526132000.0,2.289539516012106,14.380498731045709,170.55627491290753,245.69742568188224,51.868307145086106,60.254167835111616,43.56311693045334,-293.3742351872421,1346.8782157486166,12.64314792913327,1067.141018043109,-0.039679149304625,77006792222.79803,0.4390220516751473,67.1971,2850.0712642388908,1741994.8373543315,-1108.3602628574367,0.664828,0.212363,0.6642140004949009,1.1079529861434667,2.062930957936159,4.281789299353363,0.6463461689642682,0.7518179160039665,0.9964002675404846,0.9509629013388844,-0.2236100712064663,0.6347842243827703,0.3459434970842923,51.97334375326248,0.1688021915892672,5.317116512392725,0.7245303956931038,0.5579085420183282,57.99238901635427,3.731963341771838,1.87684773574373,327.71283670084705,0.2814055154245337,27.831621405095625,2269.1137916162734,5.279619531448384,8472.207352112095,0.2821344058732851,0.0169764294720921,4.75569272398032,106.226,0.3401541234982018,0.6852291560353132,6.445229809888276,0.7665604365166226,17.3286,0.003656837870447,81.2802444554074,0.1123501568717807,19.63925788215523,760.4316627667889,214.609,1389518922.7182443,2430.8765940171243,0.0068441212678075,5.90323,0.2829248208357323,0.5407799160960997,360.68135349929736,0.0286488216861538,6.91907496238796,0.0885341474009698,612730.4797627928,0.5738821730935603,0.4374535809978608,16.849800504471766,38.39202669956839,46.23231294889568,51.8003399747127,15.57511246179758,48.97263677197311,548.583,39.84518302361312,0.5980635298570962,7161.065677123216,0.3801841933708777,58255.77341957946
ID-559,Center-3,M,1.0,0.0,0.0,0.0,1,60,85,1,2.484059927452855,9.519760729956031,2618000.178847947,6.011936640819757,0.476152,3.484829856071321,47017.6731112783,17.184173587446352,4.7797495777828924,3.925383686737488,11.935572908686868,3.404557804717134,14.028232705902097,1.862454224205972,7.176094142935862,14.502369847148085,0.1745707232600172,266356.5136774407,7198445.520174306,0.0586522462701031,11.669308985910824,1114.53704550677,312.508,-24766.12261870482,2256.550100478419,33.48137090771611,0.9457795589540318,7.11636565110433,2.217636730513173,14.552229477572109,0.3526827865432216,0.097145,0.9947525553072284,0.966908665962648,-0.3131657001916353,0.9882472599710128,0.3233458000719366,34.972618616150434,0.000347025,9.018188153412598,0.9629197441745464,0.0357865582192675,56.44450639698635,7.78685,414.5210338869595,1043.4765102264005,0.1006605118184977,307.9592002329199,2340.912002182003,1.380048978985832,2257.574576225213,0.045123840423142,0.0085905232876014,4.8520780213077,12603.650707405826,0.882280017161792,0.9650075593592312,0.6150527399710674,0.9150164878237076,676.3434004459481,0.0156062524238193,200.9933075268576,0.0606292652831273,400.5979852067007,2075.33581997359,25838.854144095585,6485.56,97.57040224784504,0.0186651357880205,3486.9272701037794,0.4278526953797363,0.4792816440340102,1579.7732012806937,0.0282690728368782,8.49490658687024,0.1913868468208317,24073.702988838893,0.6598983077989787,0.703117496612025,15.725556736567452,77.86694870299468,48.09195634613991,54.29778549276227,56.460926287380005,60.96255088054441,49717.38560573584,25.6007971051572,0.736615058490414,6063.662655955178,0.4763779458029156,558.0,0.4185216660787834,83.03612538295111,57925645928.69248,1.628517583490104,42.85160835488611,34.70625807333095,66.3085,49.52243023286388,77.93803620274555,51.26394924288421,-355.60924380511017,1343.6302495718842,9.296234522341589,1043.7950946761575,-4.39322803152416,53716132639.8281,0.3953917205779645,67.1971,3175.76,5.8552,52.36438816684836,7.163776215163555,0.212363,0.5826333609143071,0.8160766132862323,2.5388163947390296,2.7393903516495133,0.7759147488658418,0.916126,0.9933740000227224,0.9706906295866514,-0.3414584492521672,0.4929606469942909,0.3377406669390898,30.398291559669428,0.3132080162066356,5.064307302235314,0.789846969827494,0.5678744238820889,66.95667426641758,3.243511933222287,0.224451,3158.466273802452,0.2513101450686725,22.91990240387951,28.9544,10.940681045438437,5993.556703074885,0.0832676933996448,0.0211058281878279,4.427488942213267,1026.2864190153805,0.4464638443871032,0.625768407328815,8.05225723915701,0.701381482357251,17.3286,0.0065376320628942,43.4656018761082,0.0739398961546254,16.758537294501483,1157.3161384349296,927001.0423036012,95929346.71582806,699.0514614467143,0.0248224612174649,5.90323,0.3493068296418242,0.5477205437897931,929.914202779084,0.0058508279077988,6.606434045752716,0.0132564247270828,190.726,0.7676704423695446,0.630454155678421,20.355002612226205,64.70548487118161,30.886871086146755,52.06077072252428,25.50507656339984,72.54803628397556,548.583,26.50084311385461,0.5290907522325693,10292.144363937052,0.327634799677988,1608.0844142785236
ID-569,Center-3,M,1.0,1.0,0.0,0.0,1,49,98,1,5.166781943859768,7.683215186712283,3914072.268744859,6.166490715996548,2.61498686716582,2.7850907626718246,4499.973949374364,29.43234272662281,15.60124021644982,4.748412760595458,8.64611796932903,2.327086035707313,21.96594571119104,2.528088515844911,7.717465035660653,8.171169586271578,0.6530852880983807,660371.6130755699,8110.21,0.0560354257118779,14.226534822061058,1538.7001400628037,312.508,17150.17354640619,11.2113,7.518643476760481,0.97466,0.682288,4.058460661768029,0.393348,0.472973415655924,0.1719681924847739,0.9934559307364044,0.9451407190835868,-0.2778731064768261,0.9668618763559144,0.138827584103714,14.719778857052052,0.0128538483329771,8.433375287184157,0.977199,0.0121549171882781,35.67833306232333,6.801885237316215,450.1882414401656,758.2327226088449,0.00917615,315.1094892231141,1522.458448892815,1.308711397370962,2302.170345185345,0.0015642899280257,0.0052553416650852,5.439654205835759,12935.550018075368,0.9309170118953976,0.8571863682564083,0.3922717883166218,0.8830378372911878,2115.22842506047,0.0218738988072742,202.1324938646912,0.0618164109561438,699.5021063318854,1891.4768447801096,8365.561484312813,4446527.787179453,153.742399339452,0.0332481022415651,3553.815035698983,0.3246518407497194,0.5209067211315256,1511.683058124965,0.0183965508301474,6.70721357873554,0.4979366325247882,8132.524817111978,0.5248462893031915,0.6481045614477093,14.22010233184815,65.25040905325434,50.20777849782904,38.84158644799656,34.40337420810705,89.45992487412741,18409.41153034158,34.32161969427416,0.6709297909929711,5207.505932529663,0.6063532113036803,19947.222964733,51.3066,42.7882674746987,53007258887.48643,4.28095,47.98193467724313,150.2774860808603,1200.932407374512,73.39541485901442,42.88465742662254,50.796824725639695,-319.02481732138455,144.178,10.506314678802203,1030.9599957763494,-7.9912925656469564,32402101461.805195,0.4462565490982531,67.1971,26.3153,768168.5488479484,-1088.047409463948,157.68247597927856,14.951058982380571,0.7827583045811528,0.174711,1.6913886238611002,0.181279,0.917477,0.8160845402547541,0.999872,0.9948166738160594,-0.1719544039238,0.8588271924873321,0.3267311227178892,56.2161,0.1596882405693055,3.4721123000338747,0.8748562156480112,0.1935825620161857,10.2048,3.982484362986357,1.657583596930528,49.2996,0.3626483485862168,0.610339,900.7930912348412,12.2890801252875,3952.269955127914,0.00100254,0.0177290706326411,3.5237637463716025,10203.507272445791,0.5614043294342979,0.5831743819554832,0.291681,0.8572267301155064,40.99518634853504,0.0113358998697048,39.8887420281653,0.0851347473784315,34.17453872662453,2501.418485908587,218090.23996155133,623159435.6679838,7637.707340716219,0.0112714894509566,5.90323,0.2013713884243357,0.4510704732740386,6.83919,0.0124571529497393,5.5274130557475285,0.0087409037784432,1213545.6446173063,0.7516202574630951,0.6193089061929891,15.91516923419836,60.99353132713701,73.93883164187424,57.89097872968452,38.89839015098081,56.46984733762815,50231.00041678619,17.246501531865448,0.6084645268633341,4370.440824091535,0.339548773006217,63813.33381875436
ID-572,Center-3,M,0.0,1.0,0.0,0.0,1,51,72,1,3.219356347522752,14.036972909388968,8110.21,5.1853787800606055,2.869245883719227,2.447678005439546,16000.227515029334,5.991264719732357,7.576527294527086,3.960513919384488,5.103297306453433,3.5423682793815714,18.175715805661053,2.2953872206593413,8.607479294333366,27.195071208256422,0.45342333763564,2087.32,8110.21,0.0306600049397589,8.66255369787034,1677.7406243582982,9120958.938582337,25590.503274203063,1606.6313381392995,0.897676,0.9674681569966056,3.522105130745556,3.072956945155882,0.393348,0.4054429556112224,0.3032799553122155,0.994256658125618,0.9485291333386296,-0.2987689435706484,0.9752215353554826,0.4689075181047831,27.171741873135343,0.0144183012396802,7.940667300183313,0.89968716425306,0.00134553,70.876205637558,5.825210337776742,3.02726,430.1424398532208,0.00917615,370.5596815915157,989.0604829461172,1.09603,3000.3084649173024,0.0207086614914803,0.0178793785619212,6.654176264546982,22464.179475269662,0.9049389060722092,0.9520786196289476,0.0608269335027643,0.9713755062205892,1261.8945363590644,0.0027020593963009,102.17628400079354,0.0164650228485811,564.9214886682211,62.40113525983074,18935.57819631357,3121110.425625543,82.58525460952072,0.0016765522548436,3488.8722821993547,0.0642722,0.7267565828458081,907.3407213366736,0.000418855,8.271079715570355,0.0132845253230831,15493.136623026832,0.853768343844683,0.6859047095363221,15.649955124510836,23.998823819694312,37.932014555999615,49.07536383792552,22.67036048948849,66.03237923383968,17860.915690943395,27.20302649196037,0.4760996462759904,9438.59235517726,0.1345218843914749,37238.41757487369,26.41342510920304,51.818044156654246,6805694645.161869,2.4115735520845374,21.1034280044588,3.83943,67.85216467715756,41.10722865367536,30.41374820973233,43.0792737537682,-73.9437286766052,1649.6279177149756,18.364349738582195,1036.327346737446,-1.9749122727117367,29744810061.705875,0.4414132019574959,13833.38731415614,26.3153,281297.81017648,17572.187256991398,85.8054271030013,0.212363,0.6624402265067337,1.240705623268925,1.3072062341978588,0.181279,0.7264661100508014,0.7198323115762563,0.999448989313386,0.995225,-0.1216787553323598,0.7534023439725368,0.4359695013922542,13.637844308867829,0.3934837747378283,5.209946482983171,0.8825704421199155,0.272922499230245,43.85889092337246,2.292807973784796,4.465264284174118,2292.9449257212905,0.2204509378139382,74.33330832510165,1679.6415797142497,3.445155471604003,9932.168714161668,0.2904956115505142,0.0054291239911018,3.579517201020141,1192.665403736598,0.5577281362419908,0.5657216009418177,3.549632669884133,0.7375789953561073,17.3286,0.0063837381377586,119.00530572661847,0.0612345528320418,178.85026452629307,30.1957,64680.9244932852,63095.6,4067.531109558556,0.042165974109762,5.90323,0.1832276361986992,0.4387218653075337,221.280331324,0.0143501580087805,5.881877795201575,0.0402278187592722,888717.1099885289,0.9453322221045232,0.4784059610710898,26.7369097761739,42.06130549606158,74.67655502479283,63.04172634728007,41.602845815098206,71.5264755798065,15284.315055774026,33.17492568589902,0.7167406507173146,5827.350329444625,0.3182476470665434,38402.8265181247
ID-574,Center-3,M,1.0,1.0,1.0,0.0,1,59,86,1,4.294267576231982,15.79485968506581,2490912.447067964,5.479620813527672,5.79253156657622,3.30667803638491,17539.054949945305,15.205364433953218,2.89068,2.9236521761524887,9.499083237313997,2.382619194638845,12.323993009807973,1.3970278296246157,7.911725554581899,5.328860419942835,0.1477791508754375,117666.97354513436,8110.21,0.0154216538335576,3.432808116903448,1709.2987591369206,3682155.952188807,13125.145078541933,262.5752569613504,26.352881206431743,0.9184567695199904,0.682288,2.278453210718957,11.78326806885944,0.3749746714095686,0.3903234635838854,0.9963404191525378,0.9576672916102053,-0.3019600776650621,0.9909481132421812,0.2790217907653266,20.355982240736186,0.0108256266121046,11.433390239219367,0.9640919956581318,0.00134553,135.0208249733844,6.443452645345431,3.02726,487.2462425685363,0.0482795305136129,3.51945,1671.2692066721572,1.6818789666013982,2828.561506070439,0.0397550673714004,0.0182752402278413,6.392467208967734,26286.484964164385,0.7772865036846633,0.971112,0.2686734767794458,0.9201511229645298,1038.9771783868837,0.000379169,123.98079983518105,0.0371322519244433,6.42722,931.6925252935712,3.34623,4532630.060254946,90.5360652509992,0.0426786409412422,1789.475429213092,0.4177100659146096,0.6545726549759747,1504.4261623867812,0.0072413470181872,8.21914784438918,0.1548855211281685,5407.576726254936,0.8540223611535103,0.8257936958635753,11.642395549344087,59.25462919334732,29.010225442641108,26.842697012490632,28.24396167704013,44.4640176523754,47289.723212025005,50.55919400997636,0.7887383639169024,6926.613659549877,0.3374750369858031,46477.15441701004,32.86610374011015,107.82070855272391,526132000.0,2.981695560273469,45.967047127834704,191.788487330337,974.4912441001674,9.111023654120933,38.070990739190194,58.91222275815499,-712.0264448068933,619.3713743914558,9.235616179061807,1073.478666025339,1.6422897409703103,45583353360.58402,0.5736154133953063,2973.085914812271,801.1425300583222,251877.427580538,8485.205680547104,130.37256099195375,16.11783477570564,0.7097035364883004,0.2191014767892432,1.5444346003865892,0.181279,0.7803090848992298,0.7695939037367918,0.999872,0.9818003435712376,-0.2174592990487825,0.6938584025904094,0.3585894995352962,27.43791764003399,0.2483647998676057,4.463926942371891,0.7918655610306243,0.2443898801670374,10.2048,4.230509714493973,14.621538903126591,510.0452428801989,0.2933633240896976,0.7468954600093136,28.9544,7.288131357578694,8211.889574185483,0.00100254,0.0098924868866624,4.289837859237106,21488.840350672115,0.2547512838592546,0.723536416592967,0.683660408958276,0.7145716149757283,1843.925698467916,0.0154373677775723,147.44183341418918,0.0152311,243.86446960988428,861.9730366431875,449231.8614053462,459724227.3426282,710.6503497258061,0.0248196697788389,139.618302653655,0.5027045893645149,0.5133285983235976,243.2216741225749,0.0054266868750278,4.488000926952963,0.0230086265739221,640393.5612256507,0.7985483404560384,0.6914043145779482,13.430885995578018,50.167636509536415,42.27306207910623,66.66965830386717,33.230745395594354,31.578625510153348,1142.7384613924437,39.291489500014926,0.7642991930940476,7928.946876623771,0.2036442304740039,15005.04347398944
ID-585,Center-3,M,0.0,0.0,2.0,1.0,1,56,90,1,4.654822687486928,24.110317509369928,8110.21,5.523328267908761,4.745896889793461,2.441957231535502,11523.916136357788,13.543763578308331,4.061220330253873,2.154065409504075,13.36015734991316,3.3986005966786146,10.726326695837251,1.527512476582506,9.704155648764138,4.213862400121977,0.0274191377792164,458460.6561285935,8110.21,0.1232364633723747,13.8133171184358,2222.5987040655536,15908002.316039007,2788.7804237484675,946.9200322226654,22.66590560143456,0.8927079821077801,3.4539806068302856,1.7342727295176514,15.53047290481952,0.3402480462672518,0.4101352089901793,0.9971094999306612,0.9649790525556594,-0.3443335956190823,0.9793255757629624,0.4313214057092994,21.579591750784964,0.0063215532480782,10.417377923549004,0.9485051517377582,0.0271894299143303,103.32342753029758,6.925007088720642,422.324747363862,973.0119527268646,0.00917615,425.6637153411011,1480.5344123104833,1.5723124982348011,709.1397808572358,0.000408215,0.0236583906423114,7.10604,13142.07098543924,0.8099779845418251,0.9391757233551652,0.2479512322296183,0.9115457063414172,2075.0912177969194,0.0091184631163659,182.7417095663828,0.0649372689535525,193.4138595268824,1715.968623925927,618.2208026642456,10781485.664897988,549.0921826595973,0.0076698620872876,270.8084965905241,0.557127,0.5598569754560171,397.80290077464826,0.0171775084032075,6.51777263678968,0.00671548,23354.83073492872,0.446572331985959,0.6409717473732435,26.266102666849097,34.470794134609974,60.48919528170375,58.674365464983424,32.43112019053888,43.487026431921976,44329.48405084524,38.31442823193273,0.5238324922158607,8154.065124882675,0.2196840609321665,558.0,51.3066,33.3375,9050132434.359703,3.111292911030271,49.23304605041504,43.45248991668736,66.3085,56.99960302072153,19.015480700302703,55.78473944528789,-509.6142820340584,642.019905810688,2.31624,1033.44141567312,0.9026321775218188,35954609312.368286,0.1286508822868728,8312.58837381618,1385.478519144776,1097534.29531961,-19395.34585857305,6.547482301451094,0.212363,0.4720463758365861,1.7869876898226251,2.145767905322196,0.181279,0.6446530260333936,0.739829233950546,0.9994129807818548,0.987856238097672,-0.1826769988666866,0.8849079480264741,0.2558838723059394,36.35307683257679,0.3304099897180313,3.3810955744604594,0.8365943727134114,0.0386862,49.26817201555977,2.832945939751449,35.78379963687581,5905.3471403131125,0.3717787009424028,95.43511401796434,1551.299464446684,15.224163662144516,5037.50100125816,0.2017260495716997,0.000499152,4.063904302125399,15209.614997395593,0.6084979050451791,0.4748338380632876,3.9044576922713343,0.6041922082403933,1133.050125115885,0.0020207361239666,47.61928459815053,0.0866285345964008,3.11374,1192.714306230868,214.609,838009874.1570032,2827.8635156579285,0.00104556,279.2204152931609,0.2364720222298476,0.6452873982871619,209.1960311964576,0.008576518496302,4.941123726964464,0.0244717605861677,363556.7113806316,0.5987853939737524,0.718864140726718,28.123954999766244,47.888777762039815,32.04187116491058,54.55014207930946,45.00762316427977,73.57980597131758,33464.40768184161,17.54174529327532,0.7794215412374765,2036.87981809044,0.4629798034018239,62956.452955158624
ID-588,Center-3,M,0.0,1.0,0.0,0.0,1,79,62,1,1.89383,17.597605710081115,3838563.249861269,6.8484,4.152368576210868,3.2754624621581074,558.0,30.70789405919208,16.579159510302233,0.8191072679461585,14.13836928074006,3.0542174889519207,10.459647328526906,1.7623721199368767,10.897406001441832,9.421816249122063,0.2996681299176048,520823.0650149132,4666643.209680914,0.0280737789330547,24.42785598613012,3866.3668046452935,4010785.0238807295,27718.18097593423,801.0734018900247,59.21942567197895,0.938210075572428,3.3464631005298666,3.574195460308474,4.456962513022321,0.180761,0.1603404748454083,0.998305,0.953975367961988,-0.3044974925902649,0.9690267764719792,0.3416167344341916,46.98261483055595,0.0112853860582494,11.07676890595991,0.9014056385932404,0.0217128233586978,22.552729772706936,5.706433377994376,3.02726,684.7097260317455,0.075332970074837,724.7292602189616,3983.0218594621306,2.092784662688759,1411.4844225410384,0.0186247238045289,0.000384061,6.787785459913343,12536.984463275774,0.8172132734023637,0.7916485995302717,0.1981427403715238,0.9559045200861164,1247.4885210880973,0.0100224339823677,12.763463382644195,0.0444002955334632,462.8603636270619,1578.1427122607097,3.34623,6485.56,0.00123903,0.000476227,2632.519057774635,0.2232022453922759,0.7126976705421922,1570.3638204515744,0.0240394461605884,8.57493724766507,0.4027608221810321,19632.328932067707,0.6174000868728108,0.864829,26.99376951185949,36.82975878322636,43.84632122554894,63.5442003829287,47.98595522757786,25.694339484886164,44778.51518189377,49.412040551060976,0.6993245956913905,3488.6492145719885,0.3001690773249199,40607.63483063596,34.70451011669314,79.4303630282561,675968419.822319,2.513974100573135,25.741626549113143,3.83943,169.68166909060318,79.79914608512303,4.12072,48.74254607064857,-32.3284,1066.0002991084425,26.30054494669753,1073.0350283625942,-1.3052171115186813,22737251656.47059,0.3946128305814476,16987.92272887897,1662.495847320322,833639.896241741,-13076.381414220255,71.45798004919891,0.212363,0.7450280476726725,2.128676581593836,1.876250536790516,11.48456060176606,0.6205892689498751,0.916126,0.9992365915740008,0.9869680855013944,-0.1213723337289946,0.6458599331872263,0.4431725225780325,56.2161,0.2441649059018921,4.668397658939863,0.7356504398630569,0.4361355122651312,33.23580954346944,2.073247443728666,0.224451,3205.4345046838507,0.2499559279544312,0.610339,1087.7169113033892,5.0495846521458585,172.295,0.207587307191447,0.000499152,3.518844651067365,6746.372735787045,0.5020054750988088,0.8331702625138743,2.2021880562693,0.6879564956031669,1293.3442211380382,0.0105610549086605,3.90476,0.0896614935022624,77.96127137443398,2409.6228091165767,275753.36519860866,235988763.06896275,4872.748485625316,0.0581513598650506,303.71191033417705,0.5391614805269942,0.7449846517968172,298.5517020977681,0.0337162358017613,5.88860561632923,0.0927520896019496,625397.1990861478,0.7150988963140111,0.5370755643442915,19.362785005904,46.31754426085659,18.340356525676988,59.190175108794925,30.98840568805703,48.43240385084111,548.583,31.2386945769847,0.8325539493251243,5558.726657736634,0.132051,45035.28025246568
ID-605,Center-3,M,0.0,1.0,1.0,0.0,1,64,90,1,8.946520098202432,6.872165917809854,3502650.832940448,5.2576496006934965,4.1405700802652285,3.8976347915276186,37630.2482430746,18.968157030904464,4.7293566540304806,1.900773349267565,9.413350526584518,3.329181748184571,26.38934487956309,1.0994633978360608,9.939021489991807,7.470995375616701,0.9780267231942312,686281.0736554033,6949865.855892091,0.0539666866968015,15.521030164353618,1167.4491626134736,9297372.01291662,-10687.054838618438,1170.3864651199349,56.88864345818487,0.9102815690088488,2.7248130661428385,3.607888610640376,8.023249506137347,0.4561727023740612,0.4694441449228179,0.9909379423665374,0.9549261062249296,-0.309427953920255,0.993989,0.1373366016171203,23.161112523151388,0.0080455450012444,10.843225183011349,0.977199,0.00134553,57.52367365254008,6.158907878906131,85.98766385722598,1379.059082998855,0.0966297753171924,3.51945,1783.083721838449,1.7087105242349871,5028.588846719347,0.000408215,0.0182329575650504,7.10604,9355.865082764662,0.8759019457363515,0.9362269881683196,0.6265025298752306,0.948993904915692,26.058,0.0079604771815559,66.39798455503701,0.0599706463041103,238.9060666175617,1183.379494650212,28324.371821688248,7253023.372340235,369.8952559886398,0.000476227,2.18182,0.427479207169535,0.3944070135011439,2.66496,0.000418855,8.602174614169929,0.5330776269569271,1.09326,0.5012512009808001,0.3456128555817834,32.67245697911113,32.84785470300373,40.611080245670834,49.38698402299037,38.85121220154045,56.86129282964508,19561.83664485587,35.35493019956359,0.6540338345063537,8940.406930814668,0.4956241766811375,3810.5057487233735,5.538638739812389,82.64380348126576,10029756699.437193,1.737678969015929,19.987856932487848,80.91209835584782,66.3085,59.11923479983799,84.19737578417633,47.410173784524645,-205.4162736196392,266.6809089630598,7.910621222638245,1049.062910911864,-3.8587997301516825,20460184712.67241,0.299781338051935,67.1971,1936.729414570049,978191.0138106372,1512.2480796457116,132.9100681690037,0.212363,0.7897787276235919,1.815137192157123,1.1646767646168577,0.181279,0.6709805329871676,0.4343928591685669,0.9960299491931572,0.9920482632420402,-0.0880782529071942,0.7054744750269668,0.401983532043711,15.879680454827165,0.2149347650152909,2.598090493170925,0.6614107014951002,0.1405455848386995,61.76974158985481,3.027684230639508,36.43637813123578,49.2996,0.1469701519837217,0.610339,1947.2151905484147,15.591410769500753,7153.175863314315,0.1441393119172236,0.0082472110363794,4.101330273633816,18955.04189613107,0.743155,0.622285352581507,8.322829962187747,0.6338279944381154,1778.6392186228284,0.0013375794700339,20.09651703761416,0.2353702695188664,86.35919959382903,1575.788362701773,801287.9130225744,2400609.908156336,0.225683,0.0430202836044595,21.13686889677321,0.3370869032853829,0.5087428390494952,903.4859517106402,0.0039726013466235,7.1754457730462855,0.0385465763555634,1382525.583096144,0.7687374234657354,0.8415941266462628,17.54703847446249,42.93507208938244,32.90664418559657,42.02216905222074,38.11271489914016,71.97206384870408,29352.73200280799,34.20330621666839,0.8063444323272838,3913.770141905848,0.5565401324688163,32785.44314053846
ID-606,Center-3,M,1.0,0.0,1.0,0.0,1,70,62,1,1.89383,12.302364410986849,8110.21,5.54863147422245,6.537968916128309,2.3859461975463025,28137.136044189447,19.757805760123333,14.878665521586075,0.7937447825111573,5.645553429314283,2.0299101889320426,12.2519345852484,1.6767846594339892,11.863665765150506,11.32428495467929,1.006400524351645,221125.9142228311,8110.21,0.0824884279591742,29.531624104963115,1666.1633326379006,7234700.098330094,1763.3219577221705,1861.6160047917767,48.50650769276698,0.9240800913265208,5.826797228739039,4.4432,22.197689104644443,0.5674639173436082,0.1853197121262478,0.998305,0.9427649664194976,-0.306291317877723,0.9932641368023228,0.1723755392101641,22.271163793202646,0.0099159519281238,7.884548503658128,0.9431619703735648,0.0030458621266318,39.54162353140725,7.78685,222.42939100254816,209.2212184914593,0.0474251357870894,7.611672158686403,1487.589407869411,2.039988797399444,2297.618359077447,0.0632474836327935,0.0277571205468472,6.825106551527018,1247.6976843493233,0.947064,0.8669874082287915,0.0697518824659338,0.8983381357702144,156.56410493101572,0.0266418670407838,205.50075318975496,0.097642000527398,6.42722,1915.7325721919265,29399.9736272534,12298725.58092649,58.93570846377036,0.0462193261278506,3421.103887567976,0.1099895972286077,0.317291251064649,1154.5631677203594,0.0068042858223834,7.860918572674238,0.5507700802768721,1.09326,0.8554537432235881,0.8234635535575142,17.703516789183713,33.97780145390368,51.41982170410146,43.44056934263149,32.97634330491678,33.84024797673227,7356.353046289161,31.277298454909925,0.8155357502431598,10583.844698541214,0.3040915542233933,558.0,2.682254748151196,165.30215653517743,86696395937.77493,2.400326957351232,14.750917212347346,61.73387727042097,694.3953767505938,7.2170934135442,5.510456932718111,42.523157724681774,-850.124216868752,1121.401220881009,7.325827586778038,1032.192475619447,-2.5284530500615867,12417645752.211712,0.2072695887124633,6271.940027791401,3169.37784330782,1870033.4429003173,-10300.59758766323,0.664828,0.212363,0.4246532438451762,1.2547739256081707,1.8133310341450248,18.054894450196976,0.7062238272901598,0.5987358165591561,0.9962699745298348,0.995225,-0.2290492362384437,0.63278756882225,0.4605475814470581,43.877990501161705,0.0876704960638139,5.578539457104298,0.8019208391987686,0.4492130309131564,63.226617758552855,4.074471401285624,58.22720176607287,443.5250295412528,0.2688473688581472,48.543574003279225,1938.933728126868,14.92852891688356,15622.205936667498,0.00100254,0.0140756474444842,4.436844933627027,13875.166096556515,0.3752248910534685,0.5107097978656235,4.376274431895724,0.6352405370177169,2555.06,0.011973485573667,28.74547018373479,0.1497247655880859,3.11374,344.06269081814344,458569.1266203194,381085442.5009201,5494.934752549252,0.0558603474699846,1132.9242708232352,0.4177061562256596,0.4978832517482169,1804.1732535487308,0.000562722,6.82133774867769,0.0339888145891892,266995.2051547894,0.6640144328627927,0.4460144579970877,18.261205058907056,53.23066550648752,59.943362696874296,59.437730015053525,37.15979855570348,54.592023957004926,18875.61427484973,42.00489342909948,0.845225463334312,1055.2270078121471,0.3476282371395374,19562.765415671085
ID-607,Center-3,M,1.0,1.0,0.0,0.0,0,67,113,1,8.904170397534088,15.219584501550536,2733590.529008944,6.092904836853236,2.7489442670985467,2.879652930709312,558.0,8.666809324263022,8.0378035015406,1.599007884817181,10.016636277310363,1.7721144878312922,6.482274196515614,2.3405012679713924,9.78402579908984,11.509026308593256,0.1868556030103509,233181.13324449383,5956778.015753915,0.0235779567630167,19.26923596376044,824.6493158501029,4583685.537173835,22025.49249854069,1168.4530363414078,41.30366484418692,0.8860133119298832,3.91354461760256,3.926647805405581,24.022749039847387,0.3080196004524875,0.097145,0.993786012122168,0.9543212485487286,-0.2967396430651932,0.9434236434893726,0.4286012786795226,35.91090652580848,0.000347025,9.53893972339712,0.9356938045944074,0.00134553,18.36371168402704,5.186262931996211,428.53347698527887,747.7210521866484,0.0426231718388516,3.51945,699.4705490736117,1.8072236692555368,2298.7411674426007,0.0220304923088748,0.0014663688102323,5.802529234166236,17884.317226291743,0.947064,0.9477110433349484,0.2314394696001731,0.9227031035659494,2634.6891989501005,0.0121008765039822,280.3388021651713,0.0597242964054938,260.09462661246306,1004.6238597171588,31459.142034343,7695790.420987186,228.85461857009145,0.000476227,2675.832591549081,0.3427947405526614,0.5907647799106264,332.7322990688426,0.0037089619806717,8.395833425950293,0.3765592895715898,22668.85409057203,0.6786314327733489,0.5849009612056161,19.84613212629129,21.198408680369,31.509724094789497,29.7692008285401,32.72824177366209,24.15130515672074,9982.402320751293,29.838006724422684,0.5970824564294376,11606.599864835896,0.7268886827095723,10734.691001556865,10.416394979757666,96.30131162075688,18283589758.08269,3.018448626581346,31.92899437114223,52.65583759370067,927.1657343943594,80.3451563182806,18.49712000490481,26.05225424484889,-610.274088187515,1610.454896692593,25.09856495460379,1045.6334358935671,5.233797728080503,526132000.0,0.2366788344691687,15647.507441791297,724.3427130797878,569595.0936849951,-9717.02233423945,27.05776419994343,24.713662312460546,0.898971,1.069781257887704,0.69169,21.483463075755186,0.8672767490508326,0.7747299828848722,0.9980696160678498,0.9800424872625234,-0.0698376651021603,0.6152215684487923,0.3478666197753004,56.2161,0.1734279827095385,2.7473639678789104,0.6009665353302277,0.2403191002382618,29.92741944076772,3.209338403861504,0.224451,6008.741524011998,0.3497282131958524,0.610339,1113.613320610984,24.54767151585981,7299.801119944751,0.1655784143498275,0.000499152,4.841362507308952,106.226,0.6197019470544449,0.4318417252494899,10.872442218521314,0.8307607671251013,855.4022315549264,0.000389061,30.34051726028894,0.0953011710086164,3.11374,417.1844209983794,214.609,110818160.35946816,2398.1724279572545,0.00104556,182.25487287325825,0.3365414079463168,0.7013377263049811,863.8335102906935,0.0300996563075558,6.41496529893418,0.0246813041539925,664692.6591336938,0.6984134044174831,0.457419303320883,37.70548644957205,60.0019393960384,46.92783642201339,58.32915679003722,68.57764359393882,13.9284,53086.819959926455,34.58099738039946,0.854322,11815.821277659596,0.1687870974163026,13080.948923302109
ID-660,Center-3,M,0.0,0.0,0.0,0.0,1,65,85,1,6.170360415588837,18.49207572144268,8110.21,5.155030180187078,5.385207012919221,2.1394437523208247,13615.698336810026,14.552840336111611,5.110701280433577,1.9572770234577648,13.418736524683965,2.8668555886560294,12.229833462336009,1.5607075611426982,12.216651269635632,17.36005703789747,0.3787293046808131,140177.51314299303,1996691.603657927,0.028097320028313,15.243681299036623,2205.257750945468,11019522.125289334,28413.083549160656,1140.5799950911835,6.0842360429967,0.9177391139048308,4.91937696006797,3.4277551060032296,14.572605352868722,0.3169472929827097,0.3694390121650183,0.9966743039107968,0.9509676454443172,-0.3089647927854009,0.9573686236231176,0.546289,7.244233079751126,0.0162180989837086,8.757862625727105,0.9668364650178728,0.0201617627854637,45.10018267954276,7.1383550154401485,304.39258332782055,36.2218,0.0443567698638311,158.46353140940045,1820.8015253851668,1.5761977203352724,1351.042096599836,0.0319382423167452,0.025934715225052,5.547543425548891,32914.24576841882,0.798324248303112,0.7616153009961474,0.0353675,0.9577953787473292,1824.7902574669004,0.0211920783390575,60.41326342954727,0.0198012232704137,258.69122571015345,774.2511709337693,3.34623,6485.56,332.77385720530134,0.0503769208278083,1226.2919692500805,0.4007977534880546,0.5598159259188048,2.66496,0.000418855,7.441713112366089,0.2814669823325958,10736.179504967968,0.8002428147485668,0.6005675070518105,26.51934722412189,57.29344027578052,31.807829391892525,25.13140986846684,41.18371772264653,53.32067987492161,545.25,34.37242742283267,0.6662376975718884,2251.865337235507,0.4677578016255085,22858.0397339936,29.239375659935888,119.19312025836552,26253594778.879986,2.053221880809483,29.17604849466447,75.02990893147154,325.39051184192294,37.5783078784012,50.64451839937215,65.1334,-32.3284,1336.024883631069,5.20636307879076,1101.3699539015445,1.6538547360947191,36276023118.71488,0.2799594127637663,2385.0410100905337,664.3476925399232,791773.6225350979,1375.817122474412,65.70580227604182,9.213171835678253,0.3829416696886082,1.2141999317465355,0.8479760617258525,0.181279,0.5899590270174442,0.7759947861102874,0.9977047396841952,0.9744802988810162,-0.2198256497923921,0.7237690542497396,0.3791381529577222,13.924441626535456,0.2424440033511661,3.684516267718773,0.8306945044709443,0.3673157315371423,39.42049984125775,3.3812005073610134,35.76211101856427,7840.165393083876,0.2604960526212239,61.76045925666715,3089.6145221635825,3.28585740696015,5893.942190536894,0.00100254,0.0119902308134922,5.236000804913514,11690.482699111371,0.6381851893260967,0.4611846859265593,7.740057672504453,0.8048007268372125,763.4668206720094,0.0123936365685113,90.84908956960868,0.1341183972821436,70.36327374502434,811.8738496177184,314301.6563307138,342398090.7486528,3493.723503112786,0.0370021431867597,501.8506086351178,0.2957434614585195,0.5844757032651322,61.990627302560746,0.0051516290704566,6.668169286169757,0.0691061035992517,183790.453361342,0.9271723788851688,0.3166831112855626,22.80784105900384,54.52109342689232,29.57166502548453,57.72695213188696,45.259814898001046,50.03463998431094,5575.486988846216,28.294672561401537,0.5308552207993229,458.685,0.3608473730843146,30681.39980499445
ID-692,Center-3,M,0.0,0.0,0.0,0.0,1,59,72,1,7.810051002814536,18.78212146672067,8110.21,6.525557199254664,2.4691052093327226,2.339154515507932,23934.965053757925,15.128302227624255,12.469847564931118,2.8177072145698645,10.420541740329128,2.347659545820131,6.7084322301626615,0.3434407185719155,5.306877653226636,13.255743086874634,0.3636314213206209,469456.599257663,2529852.7659549126,0.00914519,20.824154294627,1295.3398000119191,2420329.8700129464,-7002.453047704496,11.2113,7.795712982848524,0.9133109295471322,2.6940448380656226,3.712227316607144,0.393348,0.4247013940629519,0.4103463929929126,0.9965588204425204,0.9534591708860668,-0.2973977118502544,0.993989,0.1167043041106421,43.90990080384955,0.000347025,8.979891134840008,0.977199,0.0089097797493469,83.67826154219884,7.78685,334.53159127137104,145.2803646113476,0.0575372266743528,393.9088279430432,38.346,2.459572248072946,2060.7941947310064,0.0348570896131877,0.0288851095924457,6.510001767149467,54563.72942362091,0.7871857063213945,0.8681834750042647,0.3904131528281167,0.925351243018256,2271.5546310635764,0.0031808968529289,10.693268863334046,0.0492221474791992,439.2686632892261,578.271658257919,3.34623,8613545.561479017,251.77799502946985,0.000476227,2.18182,0.1638376108227773,0.6835237614304923,2.66496,0.000418855,8.83279,0.0947066905841996,6045.226247901912,0.7041396905504744,0.6447979081285032,18.93037004210016,45.70190878093066,64.991911027751,43.43565218712615,36.91239757771562,76.07970986356916,545.25,31.097788010496576,0.5335721239045531,753.598805980889,0.3190246402940974,28485.42427432172,-7.878296036509022,40.92300477020103,526132000.0,2.5214546507683577,31.16139249748276,60.59053866121868,802.7162645013204,88.45371231010114,31.37066253200382,33.837285686229045,-138.6110708687301,715.8086614123813,35.6502484656681,1068.208358020971,-1.1653809170945153,53363287361.42843,0.3129241598756316,67.1971,2155.6241699613406,602528.3210868926,6447.180825427518,77.47430474682164,17.311914977626145,0.7070966830061498,1.2439535977362843,2.5223482410015783,2.7165715223758053,0.917477,0.6380302227508502,0.995202711806621,0.995225,-0.2020368208630595,0.8173576213841677,0.3803511170986028,36.4748218687657,0.3899139972317355,5.684178804598771,0.5542250240951462,0.2187592011005451,25.229967006135045,2.316753899966865,35.7168397263325,716.6168560502331,0.30432938523166,5.190997458340146,842.9037812879111,20.560288928325555,7515.5757421983935,0.0903894315234236,0.003279678555779,5.018884603165021,10882.278402474947,0.5671778888515744,0.3997176239568449,8.99022765552597,0.5389729568535094,279.22393966236314,0.0027313491680955,69.48905406534622,0.1122607854524094,131.97351650277506,30.1957,214.609,588414578.4893463,3052.691673621343,0.0021484129051903,38.77708143235392,0.2663653210183065,0.527390756074841,260.1772406979213,0.000562722,5.020338985715659,0.07177586385237,13178.460725327765,0.5132473804088996,0.4815833719846312,7.6736267080375775,55.58144900861176,37.29571479505802,37.60190641684714,18.20340573166852,49.49385557426487,25741.947049950333,38.60959376944164,0.7315379477521085,6449.246584693618,0.3897884107318521,31202.386384583893
ID-725,Center-3,M,1.0,1.0,1.0,0.0,1,54,56,1,1.89383,14.51576544415028,3247246.0359842377,5.7929438733324,4.6318198113284765,2.766378747823904,49251.39944222987,21.40667011830653,11.96430031368187,2.751993204320141,12.50061586124872,3.051196023190284,3.8669465580554063,2.223291563699451,6.517778832019086,10.671024388521158,-0.3754793545544505,267424.98313209065,394349.7967599378,0.0442482900446711,20.651619354261243,3852.6047943542367,7188787.05029818,-22730.97800801974,1883.510707258368,45.7826124099437,0.9655803263716888,5.963827630924916,3.1460154755932983,0.393348,0.3820793494988702,0.4417181149709569,0.9891114123196894,0.956278555594022,-0.3561898057871192,0.9689861077228455,0.101875,41.44018565975547,0.0104633941170658,11.28594666511131,0.912183242212634,0.0086450412325252,40.82382848774007,6.487708853127631,296.6885488865625,766.0031097967086,0.03861942368151,323.3978404845308,2827.0132671265087,1.4247768080840228,116.083,0.000408215,0.000384061,5.583600234146783,6926.186600940446,0.7811620034362158,0.9203615573548612,0.4540211550521572,0.9230903187917316,1227.407211128781,0.0087493066169359,134.9137481076195,0.0707057701031322,530.8117590594704,1913.8847696803336,41223.86378971971,6485.56,139.86343655129457,0.0273397942973649,3704.9844893193817,0.3219994083242609,0.4635121264279211,2372.6291961760394,0.0128080363305639,7.129064749075835,0.2779552636280047,1.09326,0.8810259919318537,0.5219708587114761,12.846630059927358,48.35818322242262,55.185652151748094,44.32932189157208,29.8881756496698,59.35646681104741,17914.412513269774,38.97415186296287,0.4940302852351204,954.8082531111344,0.3401146792856885,558.0,22.753321530381,122.78995895904109,61906635358.50378,3.008374175764027,40.035890015020215,7.320416671760746,616.938818038817,56.29892414696594,61.63409097238173,27.387087396519515,-287.1973968257648,1327.3574683886347,15.384520649934204,1054.9749023819622,-4.913870186377997,54500359900.81288,0.3689629739846473,30470.93710022938,621.7937020333268,232601.07096715472,-50.94921246086756,84.39266936018339,1.705254572628462,0.5441706556078647,0.3642314132070207,1.8093729868129496,2.2175995176469487,0.6139588079061855,0.7597533521894023,0.9970864686861008,0.9867283281960694,-0.1525532712722117,0.7244762488976247,0.4904151541695777,40.05206645814242,0.3879583813032016,2.258047136663118,0.5197730976075465,0.2712730561269447,70.42139796582981,1.4834697998585826,0.224451,2860.581885099772,0.3615677863139491,29.62527226432627,1687.7508888894613,9.070544335220063,9861.84895291313,0.1113760717612577,0.0096197979619539,4.015166207614526,11881.802482284613,0.5143945769067393,0.5012894753417538,9.35203735851557,0.7059739345888555,372.913972241536,0.0045326335979483,80.20441701601143,0.1345788839295775,56.39775689618656,923.3104573462452,525501.5581752206,1198216972.2861247,0.225683,0.00104556,446.0231664313836,0.4226336625728726,0.6104033412064548,367.177612025061,0.0073839585251271,6.47402859180911,0.0504017891251063,559991.2315402138,0.6542770935977046,0.3020974086924889,33.22554144267133,58.24990627295905,24.408944766907155,60.69255014625018,17.824303009084055,51.350193545972125,548.583,29.87436091875976,0.6743247331545912,5294.054807725272,0.44041326472589,21131.7882269258
ID-733,Center-3,M,0.0,1.0,1.0,0.0,1,70,85,1,2.7183904296716017,4.860285941876662,8110.21,4.084064752053923,5.109858556685458,3.724068137092452,20130.01936807287,24.52449728488552,12.625387773647386,0.4810599072054741,10.27056019334201,1.2506314036374024,19.661941628330823,2.33110374677722,10.075016297418506,15.404450510636815,0.6338326794319488,709832.188034423,5765429.576001328,0.0502833380825775,13.234770239751397,43.7843,4231968.9795050025,7273.576731124309,1955.559455268356,43.01820388905109,0.9643737348859152,3.9423682380518894,3.228268490523356,13.204734486769937,0.694251,0.325223143169419,0.998305,0.9686536990665116,-0.2391708755458542,0.9687063838797272,0.2138295970425075,25.34682829191386,0.0161056999962078,7.770017916581724,0.953639098843109,0.0230755635533725,13.929930458215685,7.218022689622597,197.96601449135275,1217.0594581401122,0.0219824393763757,3.51945,2077.444982533864,1.6668106232547073,3187.0781594028667,0.0087341213384998,0.0166808437620662,5.60712734025214,5802.596115923459,0.9423229424900422,0.8961568733938525,0.0353675,0.9575459836029,4044.383104289985,0.0092085509548025,160.1408441632851,0.0463225679177508,164.28802452805195,2635.725279340149,3.34623,7459715.085724829,136.41940299707633,0.000476227,4025.513847200501,0.3018234378626947,0.5111049492702264,1231.8169889877654,0.000418855,7.788546699606724,0.205192325051621,1.09326,0.7162128787404529,0.5668799241474,25.237338160735927,40.279514242162186,50.63722741588229,33.09251918987428,45.25585560056544,30.79213225258992,545.25,15.19220367152283,0.7760412235060236,6513.731126202026,0.13282,39719.15026730811,51.3066,33.3375,31120256890.288246,3.304074419164297,28.182396288530363,99.66865988113352,600.7846197409573,15.436191463650136,4.12072,36.52922921580238,-377.7137143204909,1922.085110478054,11.206290574538212,1034.8347091976648,-2.3341652960345227,526132000.0,0.1557190576058347,6763.336928460996,1449.2419752425446,5.8552,-13942.884859464464,80.13886498857562,11.850331268112102,0.6579671379199029,2.324223638330096,2.102371355088805,2.5220764388028503,0.8732031687403194,0.8273578824546133,0.9971115514385848,0.9798801263243532,-0.2215063193614469,0.4673319262533397,0.3738622816517727,56.2161,0.0125889,5.046770147248823,0.7694777336069695,0.0980904936232652,45.13883268730618,2.9264970035831523,0.224451,4670.056301775345,0.3581363554884138,9.147328847812386,1910.3591628533288,16.31560349338623,4457.168113688385,0.0407367855444875,0.000499152,5.055163427968125,15521.705300832318,0.4054891768224523,0.84282,1.3631575973436465,0.7184685961016127,1239.6141302868778,0.003152471955896,72.67422971032798,0.0580248858813744,17.220360067358154,1772.8312369123075,164533.538919441,800217825.720437,2325.787024145716,0.036770344167147,297.78149562518433,0.2636465731773972,0.4624775244783048,456.42246341211217,0.000562722,5.7106364029345125,0.0839698846018936,498295.28496017854,0.9222784026298833,0.5135256556181079,28.07023805676856,45.86860522270947,62.26388193440493,45.70589271869266,22.151211792107368,82.95648810773262,11680.15949465464,36.51522401555322,0.7232070443158233,6843.040070944137,0.2554612922929654,46062.422598615136
ID-734,Center-3,M,1.0,0.0,1.0,0.0,1,66,95,1,5.885377664102457,11.204523723529624,5661600.914240445,5.800218169047726,4.793376847483674,2.9730195645914845,33456.28263097274,20.31816044768513,7.8237684370112515,2.271239957782522,7.775949532150334,3.151291519523633,16.086879261276263,2.1403219501608337,6.271262622439039,6.709914931829495,-0.427970823970177,770579.4279488927,3775864.5663639614,0.0339482958639781,0.4442260060179346,1304.881452949738,281334.0914766175,57881.73275370408,2272.9089039370706,65.44523462720565,0.9351366568130196,0.682288,4.11933854271736,16.47780771117463,0.5050179756753734,0.2091549527141276,0.9906112137485276,0.9492168720440328,-0.2932946955581132,0.993989,0.203795911460307,49.83626112651687,0.0190914000944223,7.811212733012347,0.9630312234104018,0.0333175973488461,12.838,7.081209780288058,3.02726,566.9437187498056,0.0453479586515588,291.11499172279764,1144.7157580993598,2.0598306445777106,1590.9590139906838,0.0219474030252412,0.0024192541303025,6.947754629082042,24287.867030599034,0.9069226197978068,0.9330469560712624,0.1624131576086372,0.9154474441072208,2164.741932700423,0.0300401684418285,150.64148049020295,0.0179164483955862,145.75301443775814,28.4667,49336.14403198908,3799471.55487075,484.3519908370661,0.0298529460922879,295.7836775661747,0.3082318029072447,0.4766212064681914,337.22341937297256,0.0269473813435125,8.068537420777705,0.4174502832333606,1.09326,0.6531619014183766,0.7007199872662804,23.548756983345168,31.19760543755701,83.0241,61.588952155475496,19.7151178974035,49.48821826853403,33574.67594081678,19.965139596492413,0.7908988708944243,11360.06477317717,0.44243765435101,15166.64790833472,2.687879985014054,33.3375,18996932517.311115,2.9296723799637734,54.86397301432733,155.01177567378025,387.1904771791481,62.53361346653673,18.533032517521725,44.41021837974434,-944.2876207640502,384.6092046295541,10.534282512857729,1078.296531014726,-7.626007542478662,48572942122.76507,0.4411850869646334,6433.1044774431175,610.1209881234021,5.8552,552.0597586874676,111.3087377957365,15.518060193092962,0.8087011983003412,1.4256144429687476,2.0053805814194225,12.309953520957327,0.5674718621306165,0.7585229863627716,0.999872,0.9821250514297596,-0.1250057153307241,0.7360571723761182,0.3524095851151237,32.88635991604971,0.191738715072071,4.966566868234089,0.7610040251863196,0.301716937907202,85.05679456093722,3.328720286629519,39.78648539011067,144.4362969970437,0.2936379111377774,56.87256517752808,183.84319742057647,7.339944647294203,6088.554190702179,0.0570306475048069,0.0007305081559072,4.682513553284092,212.0317590801588,0.6084177959591698,0.7191055105651961,0.291681,0.6500697669829806,1645.708851092916,0.000801718310783,107.71804004801491,0.0819542481596155,39.2518736268601,2081.6798361664555,839051.3896117586,1238954585.903098,2680.232589442656,0.0361798133143258,1093.9173104867884,0.4193817543379063,0.782106,452.20436577125867,0.0294210742129575,6.843833070940458,0.1619190536795401,679142.1609831809,0.7456219199520865,0.7186830772007943,25.246872686805045,39.48724921455015,49.06469482541265,50.24197004672413,29.31709034922276,46.19190184448407,548.583,15.256124668376913,0.6670082303670698,8289.19778380821,0.3874997097138798,29411.942117621824
ID-735,Center-3,M,0.0,0.0,3.0,0.0,1,54,89,1,6.047890661594772,7.861894111946686,8110.21,4.976597613552128,6.691928317890089,3.299706575494817,18333.768214909323,15.413072667053092,4.837458847278917,2.370737345884365,8.627444993434167,2.8084103603952086,13.341756352634576,0.919265486453022,10.758625693779782,21.05828695182004,0.4741175582263716,81097.255723997,8110.21,0.0467922562999043,1.3606541835586223,3413.203647056631,312.508,-26362.225974338075,1243.975390113591,60.28408343558217,0.954864862457982,2.707751553709238,2.537111259599552,4.922270818797321,0.498747038525374,0.2791929574655405,0.9958145726323872,0.9419415434777032,-0.3065838790700914,0.9565128745549528,0.2561856563391439,11.617263308117394,0.0079226125488377,7.779069250769447,0.9747848129771391,0.0357849604136575,56.88789497508946,6.310695989442889,158.906579158147,549.9758069960465,0.0475441871428671,262.64698356890995,1625.8010028965557,1.3931846604124476,673.9332233280843,0.0536505075703886,0.000384061,5.410962307111465,14686.540950633796,0.8354291037412246,0.8910614836251055,0.2118689043032553,0.888902010891592,2405.262558902287,0.0141855988268075,24.30547606966106,0.0505620824843817,495.9061058504274,28.4667,6036.591001199609,1874082.473550451,0.00123903,0.0673585082922434,283.09703980062045,0.5088506549504436,0.6200866435818477,1143.1710601550335,0.000418855,7.052857362578785,0.1095634683178683,55175.689343865946,0.8662778329575934,0.5659415931042363,42.145791357799126,50.155120672801,24.247066563953773,30.78707074937488,43.6084783822202,62.9060465711285,20193.209349280067,30.752740015053902,0.6972543547788808,497.1561142473441,0.4543729587109481,558.0,-0.0881302721263335,33.3375,37916032564.03764,1.367229064077384,34.6205987362469,3.83943,66.3085,69.7676919574566,15.574280926467734,35.02387565427539,-448.88104252954696,1537.323274748508,14.667663436373346,1008.5846008864324,1.2434914628224014,526132000.0,0.3603031608055985,26316.483000007687,1764.8084279402924,5.8552,17915.61450411888,55.60374435086319,3.696077246565677,0.8550180509715923,0.9219485215512648,1.7508847767852649,0.181279,0.684533117729136,0.8910789372692236,0.9972409906337184,0.9868093054291308,-0.1389841376493334,0.7929452363139161,0.444382209492798,56.2161,0.1373264457995519,6.290440590715066,0.7103753921470747,0.3515182919840649,29.93851477802545,3.320148090457582,0.224451,49.2996,0.0850508338119046,41.56044086724309,1689.493966344981,2.806896802520084,5927.798976006155,0.1612779472843333,0.010616430013571,4.4577191081598455,1888.4288480751336,0.490580242782536,0.3465761047993912,3.2493108143255336,0.4873975596761017,17.3286,0.0115120394746101,41.48667345510498,0.1379819234690377,97.35482035436866,2477.152685834638,214.609,592375930.4068682,0.225683,0.016993083955606,9.592665995627511,0.366731203056359,0.4644729083878108,169.6156538313086,0.0363286573966963,6.743480376776822,0.1350223145968009,230263.27811816623,0.9219296379591688,0.5881972823122729,15.396822859092367,58.54280739216894,58.004344628691335,67.03384397538146,36.62665363703143,60.52859402475509,49800.19638174766,17.02675749195219,0.6344379673772695,8009.831357947095,0.5781300274567717,1489.4230450802231
ID-743,Center-3,M,1.0,1.0,0.0,1.0,1,68,83,1,4.9950168270924085,11.531807142510472,1807136.5066070529,5.354864303948478,4.338083815984724,3.4633641072571018,23047.7748687679,23.876326047485872,11.620867483880636,1.8842007212044607,11.884241762955982,4.336957074376031,10.924441932974926,0.2755495056288199,10.35911676255246,15.77200926030228,0.8119659472681487,225467.51348329123,1388665.218696358,0.0395542524533685,9.530308659806632,3526.0721974211783,6967768.844960708,20324.940911823844,623.0700102518445,0.897676,0.9722032108342196,6.848689536291273,4.390425524342935,19.466572327475365,0.4595145690612964,0.4464818791706581,0.9971720664285196,0.9676843914801652,-0.235993,0.9782115490500298,0.2359337815840537,33.75612972788601,0.0230938215934612,10.385971281627228,0.9161410522992306,0.0429787617284398,41.10559708097009,7.582614197517493,58.82894578842766,256.4324899923153,0.0193925614026547,401.6126564649357,667.1850429215427,1.8508323548799552,116.083,0.0609800998982558,0.0043481507888332,6.031028559384928,20042.1216146495,0.7690800034848437,0.8628727903308875,0.0353675,0.9642510724993943,1634.4412175160412,0.0011945219257096,301.172969930218,0.0299699168805587,292.82457387529365,832.9751268104756,14358.393842766513,6485.56,444.5512345733199,0.000476227,2345.880448385091,0.4463338629805397,0.5109584764703627,574.3733291016904,0.0157448360196798,7.484915520926223,0.5237831120367056,1.09326,0.9581925032519996,0.5022688946741626,14.168561949077272,29.13617974286634,43.5162497040752,37.58830311288623,64.8724461757602,54.62303414014088,23145.47534367413,34.039573710767534,0.5890799384982647,7811.276947378871,0.3488973416771283,34695.25965155459,36.77360551475903,70.51291231952791,26054821947.749176,1.616023869202148,33.436365157091814,58.243608265285424,707.2933944437425,53.49995486235127,4.12072,27.5762215306872,-252.59561302946616,1950.4418873998584,9.636387061537215,1057.857671014536,0.9204399718067072,41401370593.85467,0.3744771721974297,23488.865773754584,886.0094808931192,141924.48480902053,4133.582586904004,127.21154430964376,13.609325498442812,0.6721473291484906,0.9150218812077636,1.644463864657734,11.301095463224843,0.6411246103134207,0.5857562444985126,0.99692470490498,0.9889503398785732,-0.1686473470040143,0.7025388531992702,0.3968419561759523,35.385065981526054,0.2025447887944041,3.229189650731865,0.8140146493634125,0.1894351892177027,112.432,3.361449439164576,16.95601796984164,3701.3821978091214,0.277267170454005,0.610339,663.1227590685714,3.707351256119445,4015.098661367535,0.0183708534594578,0.0068794714884262,4.0169221959751935,14102.714044067236,0.6163610209401652,0.6662298227659089,2.090798546580981,0.6036410146279853,1156.0438643860402,0.000389061,54.87486206117098,0.1189225878152471,21.92605070540483,1311.4913236961984,593175.6226273124,63095.6,6133.214334128152,0.0285739595806578,371.4590353592257,0.2649646695191358,0.6119384406416567,1237.73319707595,0.0134223572846291,7.480568110774163,0.0290911427125128,264091.7837551745,0.8212976090468226,0.6294006724217989,16.81831322958437,30.85534124381329,83.0241,49.53673695031557,27.5297605476164,55.77398365533074,12500.49640571199,16.346749352216356,0.6201296877819921,3041.276428299592,0.5292911040066217,5066.131739580126
ID-755,Center-3,M,1.0,1.0,0.0,0.0,1,61,80,1,6.750544007890575,18.47418731834225,8110.21,5.424883764915776,2.571574220107791,1.79041,915.5298101779172,17.59732518022787,13.253730320480136,1.883795337054835,6.377311704000753,3.066632560883727,13.764645997704267,0.7264553111191547,13.86517566719288,21.35572941139362,0.5959746552035113,492659.2026850657,8110.21,0.0164617161178242,22.87441078439196,3196.4421730077893,6037141.725533675,22189.01886852601,11.2113,26.58004375061795,0.8846940144641092,6.260276317694675,4.182327956995701,20.625633742137257,0.541700908811856,0.4932543051694422,0.9977440321414974,0.9667568486883896,-0.3708579061347217,0.9939790783354072,0.4408854178472212,41.16388501816057,0.0038453424106873,8.789283242507743,0.9683961811007824,0.0467194201283679,66.88837549111514,6.471533988155928,56.20128366201618,766.3152691301486,0.0675288553963695,411.0700943352284,2111.447288520347,1.69362557108342,116.083,0.0345516556111824,0.000384061,6.59274616824947,29507.011197675365,0.8281662871886875,0.8978347508037088,0.4724694032007562,0.9032946576824096,2302.704333417989,0.0040788334108305,153.6479169261887,0.0436020858441656,321.2288214161906,1620.7522800545496,76718.26373315856,6465722.783187424,130.7577928860321,0.0232025229516851,1970.285344391204,0.4045422849646404,0.5090472627655462,559.9650157297704,0.0103118096582765,8.227227906846174,0.0806018641341823,26428.78596888975,0.5307434865088859,0.7095093893873033,14.393658633439744,28.988166136029523,40.4422853887923,41.36087903698255,42.3795039565766,58.01720509611979,14584.0114125109,34.96778798513885,0.7041471591426871,9781.792753456248,0.3168714585683825,558.0,48.78648688776559,33.3375,31742256158.6863,1.4867346385661586,27.849567058151337,11.70214906718111,208.54099120448225,46.31552068879879,42.48393127732965,49.00695064798196,-32.3284,604.9097544959624,19.44336016389628,1042.942813836631,0.2687713883228339,51108438649.74731,0.4384765782015353,8892.56814956851,1332.1639744719484,624852.5549677804,1507.3506304866903,100.07508841357593,19.84182568040028,0.731106372192859,0.9638302311236128,1.9097735336023576,0.181279,0.8893078204756879,0.7029133590757457,0.999872,0.989201780294782,-0.2383660240992907,0.7081504766588219,0.4216264532644063,47.4592641214246,0.045480863372965,2.28836073502244,0.7996384753559521,0.6265963413987146,57.91120832138535,2.070499732034338,14.995715468125365,5492.63658831701,0.2780644927548011,0.610339,2341.616260491629,15.132243365304165,10932.368075209775,0.0748760427844983,0.000499152,4.441947236797248,11689.735244414702,0.5851024925077325,0.5115465052165854,7.517094000929927,0.7927162516385201,1687.9740546184669,0.0023796869266195,72.51176908738519,0.2080445064740106,52.84929622534597,63.87243895200599,214.609,56086712.58028278,1964.950663407374,0.0262315257970801,534.7303686813084,0.4036990985442039,0.6814706548273478,2121.792446277402,0.0318637137370361,5.539529116121076,0.1074706684109414,190.726,0.6638600810231461,0.6261095498640932,22.50547775970801,38.98142486605686,13.4164,43.33908722026149,41.10160336472497,26.56532263374253,55698.0938837548,29.787335186533408,0.8268290424058539,6286.230643552765,0.4359395279929594,7975.073097049167
ID-806,Center-3,M,1.0,0.0,0.0,1.0,1,72,86,1,5.771100633597788,8.669141276319111,1637913.1710568052,5.4103202844346825,0.476152,4.331424362579989,33363.75758847903,22.04885215983986,10.401147521543477,2.7762967889705283,8.208319814349222,2.7208083446916107,17.022416678929222,2.167792501105837,7.005941001794978,8.642924146894993,0.4044571032592589,220990.49531789383,7441771.7794844275,0.0324918029638733,15.428097332036664,1688.2813166491069,312.508,34195.29842911059,381.47170684563446,57.14003831650117,0.93626755502929,5.872052381585471,3.1933752232904067,15.49630822362187,0.5309767839427848,0.3832900024931381,0.9901877236686394,0.945084453806001,-0.2947265857108719,0.9791151460808772,0.3305278510476702,9.63207077387263,0.0029865823485833,10.897773688873722,0.8828383947263472,0.00134553,99.84645961887024,6.2234915212197786,3.02726,925.9139012898164,0.0115627631708264,637.6154503231003,3869.2881345233386,1.4356098675688045,1700.8020768821225,0.0317323896965447,0.000384061,6.463905415051256,19955.63753564196,0.8444079842683876,0.8886136655908071,0.4439194638354284,0.940488573093404,2066.3526029663453,0.0130312653202973,8.1342364168377,0.0580887822190774,349.8537041374415,1896.616508130692,15679.424120181966,7996761.506714542,148.65152813755049,0.000476227,1000.9850523602352,0.3018024531603712,0.6383251499479098,692.7881841909868,0.0159154146781998,6.941921158135092,0.5578176637372694,25214.66800314512,0.6874412698209021,0.4635535568452101,12.653295500522168,44.22528405332026,43.802278672085485,72.85620710664269,50.04315013309595,65.64489561769786,40915.8633083863,33.54166428420935,0.679877269780866,6275.078432351758,0.5791891651234992,8218.234300732283,51.3066,33.3375,25525038226.796047,2.869371675892756,38.59322521204619,145.19401538135608,527.5791828045986,56.06437493154216,6.767889238170949,45.902113345485326,-32.3284,959.680908228173,12.29156709659884,1074.2899458822696,1.1792493153744972,526132000.0,0.3669371024676876,7708.31444509195,1044.5268275763522,556686.7436567177,9085.070096521433,0.664828,13.344290465368571,0.8163877093841159,0.174711,1.920404352426713,5.68372968333953,0.6780651306195817,0.835804766568034,0.9970353958319544,0.9671208909467458,-0.2055097651217127,0.5949518387871896,0.494728,5.1024,0.2389256250166229,2.409082734749892,0.7620392331388165,0.0410542782361616,62.12055154882903,3.218807487376237,45.14191513022504,3444.8493762920248,0.4227261720097343,3.92724304389984,450.3401551638168,13.737087131642316,5534.306598468734,0.00100254,0.0056260813208071,4.520516086008558,106.226,0.3001976648557554,0.6912992665426276,0.291681,0.7199801983110455,926.2883351419684,0.0042106812641106,105.54933146988198,0.069333568296163,22.06875327203971,221.20869106870208,681803.3441577544,269184178.737627,0.225683,0.0504459965304743,5.90323,0.4040875235096455,0.732874394751833,1160.9769737375805,0.0264054198010522,7.234630815262699,0.0810951850556004,190.726,0.981698,0.5451293135824294,25.188296690479607,17.794976277099906,47.44369288200539,68.60847731266146,18.51608129854287,42.490282175815885,75448.12340673618,12.617015991418404,0.7298093975921811,9097.914798052909,0.3522319214167163,30203.62254583905
ID-814,Center-3,M,1.0,1.0,1.0,0.0,1,47,98,1,1.89383,18.12587857221108,2480986.2656703526,5.401732786139547,4.175650093614382,2.0824994471362834,23440.886357507818,23.045706361418425,13.025427258123177,0.7850786734606842,8.587531866925534,2.913191889465607,19.0346297038503,1.692844878888,6.685043792400721,10.343961102337587,0.0062215914975019,186132.55512191265,6503070.994415655,0.0336137161121489,2.6561888901064843,2061.25880164281,2163882.2911134474,8850.078706288292,1414.7498586118809,17.29789093555153,0.9517482643318468,1.2324880846298767,3.419271753333529,10.760883481001857,0.399941810196686,0.2611777526793543,0.9954028838665184,0.9253573454500394,-0.288787681419118,0.9921963637129868,0.2220473373907343,36.35926725175073,0.0168662629454314,8.745715298099801,0.9262644044633872,0.0223372769593611,26.08344646841473,6.15435096500869,254.1824679662448,296.9535118369912,0.0524690881866225,700.5303245246107,1019.2873393994032,1.5050167181822185,4806.377019621772,0.000408215,0.0126286917738339,6.452824450200721,33214.74956569834,0.8768553317688373,0.8724301223016218,0.1375239509473566,0.8740751610086184,1667.0154629210324,0.0061744099971079,48.63849266722228,0.0122694534284885,192.88289846171017,3717.553634184979,17022.167216048125,113604.95021224696,344.17873130739787,0.0293369488799533,1846.3484783142,0.4606084830586169,0.5140415653269449,937.8587407572372,0.0177915313920381,8.754386052746078,0.4237138242059367,18680.034141397875,0.7707016639301275,0.7370963629763504,21.61775187105245,31.383830206004472,69.16644113112474,38.798078655018685,59.12497130552444,59.17193123317864,6801.836800136369,35.421075194599766,0.6823112928286236,7812.049643267111,0.5335088161520287,65680.21135868292,-23.87898187103381,208.86862343751284,54761474526.47933,3.173733237937492,5.4360659568419845,50.11477103809887,627.1755736251046,86.15405626726049,10.243063345157667,38.14039461297441,-409.2575511657703,1145.364322255644,12.936083495198128,1062.2274448596688,-2.130893804634744,42051464126.15655,0.3265178397467173,14584.814580545384,1359.3092508408597,5.8552,-659.3745212718472,91.9853912834875,10.79686962094998,0.793808857590845,0.6394839573884923,2.7749357467092155,0.181279,0.840527762048979,0.6894204780287736,0.9980892920680018,0.9902091387428114,-0.1810103564182945,0.7156150494946198,0.4274149791651233,50.19445851619206,0.1390978006296021,2.2406079838378625,0.7701959749045811,0.129104177718518,97.104832720307,2.6352115664002,14.421558706269815,49.2996,0.2160373631224867,0.610339,1638.9816965408668,6.083741438009749,2776.680683518413,0.2798037993815576,0.0081754928738954,4.56724806187771,4782.7108488136655,0.2599986214936288,0.84282,5.878658148365582,0.8063239039792852,1770.5251689860029,0.000389061,82.56330055229711,0.1056193229795786,138.904513436902,1071.9490288567538,656080.2509116023,63095.6,488.5728435049905,0.00104556,11.633679655796996,0.2848536178773647,0.5625691851347191,375.1304144982253,0.0276916781559008,5.199396769433754,0.0435515620673319,674230.1521483168,0.6929841400641744,0.396622985511379,29.982836624988312,50.7992901458588,69.0818039894281,41.83800380896104,36.13886302415344,39.22660013705675,31879.91546272106,14.354549479036937,0.6750673032062392,12334.16203258541,0.5963056560028133,22277.53747973562
ID-823,Center-3,M,0.0,1.0,1.0,0.0,0,45,78,0,7.373532382674323,11.226971251520542,3358929.9481189027,6.698332977426586,3.622146487275709,2.013391639291578,57654.65012761377,24.90698605689566,8.831675472941768,1.83244325057483,7.091701589039719,3.8429774661079614,26.533971477219623,2.604891732557532,11.544169317806316,9.651928542545072,0.0737838559200411,187387.92009627656,3499057.3577475613,0.0361436614976603,13.402029989547804,1405.436181384007,416847.5217936102,-2587.618008270082,11.2113,17.12310254323897,0.951224842271365,3.740934226044271,3.810490227757864,14.917498257247647,0.3747055939332284,0.1339828286032147,0.9966991320055776,0.9526448837080632,-0.3033694299195234,0.9704657598247488,0.3994949161478018,71.91078292197851,0.000347025,8.393530540147971,0.9405611180825288,0.00134553,31.345472491162266,6.503641049059989,560.6213090830142,793.993904339583,0.00917615,412.1852387095032,38.346,1.86086719049516,1089.4779667287576,0.0127745064683828,0.0229791039446732,5.578958225476934,11973.078052078956,0.8577168860315014,0.949826245818804,0.3288055031888778,0.9119160896387136,669.0425992290116,0.000379169,215.5285557651392,0.0202205698209721,405.5464967535733,843.1181600970729,20916.58318168432,8774194.538566034,178.95003741495384,0.014285559646673,2431.7269290706868,0.317203720690057,0.5471331898901722,227.64143005214083,0.0087593352160109,7.804547426719898,0.3465988575608611,7592.966081537306,0.8494208574393672,0.7160235415388477,7.288555908120889,55.245330605708,58.773708526911776,31.26353120733563,48.132399689908965,52.87507943601875,30774.536542790243,30.01922632116717,0.7025335751952398,463.203,0.4431514164312971,558.0,-13.926446391521056,103.55142982435169,61583990670.40592,3.307529927623897,42.76222098650588,145.0942697285537,874.7696747878763,39.153340975107305,29.22825380077825,35.435529449358384,-475.4619799703249,223.0291087555468,20.976008961088,1055.9429019692557,0.664266474985114,29425462866.9084,0.3491021017177689,93.42072974204076,26.3153,5.8552,13971.868244078736,0.664828,0.495818469421831,0.4712597663886125,1.5525145572375278,1.241181386988237,5.841256625612554,0.7029819313611256,0.6875982260060952,0.9985532059250974,0.9889232202040892,-0.1926956628570548,0.5530122912837987,0.4198685390129099,5.653223253349129,0.3016414864871957,3.0151338656415105,0.862969485884571,0.287810951744291,26.439622446310707,2.3147651024418656,30.982164184596247,2738.5855360036007,0.2798323253684031,40.264834675997925,2733.177779560719,3.548472536124535,7778.634972672346,0.00100254,0.0119809907182597,4.344591629453087,19054.85505492765,0.2777070401050384,0.3672787948823585,7.615244845864448,0.543232166395975,560.2818408500628,0.0026739557079331,84.68596804015654,0.1618677512803798,258.1352412612728,993.471464077096,733581.6090802979,12721793.37192741,0.225683,0.0229119710332575,5.90323,0.3251080380856584,0.319475697593567,1272.7354061916724,0.0030574636739144,6.567651086564388,0.0067235750481953,190.726,0.981698,0.5747626046192278,20.269840720705574,59.66653460459772,43.77658012455666,51.377847492841504,19.527942011269253,37.36319297136559,14887.93438477082,37.67157656534871,0.7243999590192188,5072.22421364886,0.5564636415556264,4912.28636053512
ID-825,Center-3,M,1.0,1.0,1.0,0.0,0,67,63,0,6.114044350196028,14.503104935779495,4038768.9755127374,6.53613427963556,3.696383385673204,2.3335063714630486,6079.571035858227,16.28581385117001,8.841182739001107,3.840404567873153,10.526166889594508,1.0971479462878266,7.630375852955903,2.117959999263149,8.284225084924223,9.242357555326985,0.3764341128519977,2087.32,8110.21,0.0231339871742381,1.9984436609390768,1962.3719376489355,7019150.402426158,14689.921090620524,1101.728138383574,0.897676,0.9733538634585884,3.535359493680624,3.899671766825669,18.181798922464065,0.4945287855891463,0.3525101711180688,0.9958395642664916,0.9535360086047132,-0.3768891552957664,0.9461667296706028,0.3540471458875612,40.67125129910642,0.0089457531625805,8.24784715647691,0.9426297842894956,0.0037487885746203,47.35015473227626,5.734123330795565,454.1702686387954,79.336018834639,0.00917615,134.99691983381769,2772.159368842954,1.7857256819938483,699.9819563608639,0.000408215,0.0258434548067299,7.02559210144447,22842.35256762192,0.8224632554916634,0.8654692230917658,0.0353675,0.979283,1241.2146574079386,0.0157394999020553,94.46465420744543,0.00977157,203.12834871981727,320.80348212050905,35523.46249370899,8627056.815952178,175.10729756766398,0.0157470647202597,5039.27157168661,0.2898853102798004,0.4366753571795626,602.9410203373764,0.0333514388962877,8.83279,0.00671548,1.09326,0.548133254322918,0.3040747284650751,22.34283971396249,29.168603106424204,60.6070533973082,53.14880104869996,49.330838823859295,76.44100245349242,66582.50607661667,35.81467202928236,0.7879815081109103,3021.387630253502,0.2564004054888446,27729.04856735964,51.3066,63.76806056418663,38779647071.32967,1.1254796996231784,24.362342011427486,3.83943,680.3328394937456,36.55602790424712,10.43072518133742,57.02590174026479,-278.5020514595176,1090.347639500776,7.613125687453284,1043.7409691935227,-3.852576060144133,526132000.0,0.2580092504063936,2536.653496263597,1326.4416824085524,150621.80344798396,4945.292886452675,0.664828,4.602437504080877,0.456594023918454,2.127885273091757,1.915492009690272,0.181279,0.615896937742008,0.8896320407959548,0.99668639305879,0.9597244151869796,-0.1871252196821511,0.7539171074663633,0.3495514442730694,16.051501815158858,0.0915659534735679,4.475148481278176,0.7445112042913009,0.2470408799304837,22.54688265284092,4.0152971105106205,36.31769148194902,6346.226479289441,0.0769726,16.265589226392997,1892.569426137989,4.601804689174331,6319.176267156611,0.3622471724482496,0.004475706649273,3.46934,20104.17884555272,0.7195921111757494,0.6534034209086036,10.670947243236606,0.6725791905800805,1927.7947976840208,0.0091616198345856,42.94714967215212,0.0685252232906996,163.62858300932166,47.0591962336072,1055255.3286522424,181118474.33755487,7094.28943962226,0.0178290498534234,156.0632502517418,0.5110127769161202,0.4845263842825447,727.3697881102631,0.0293498275415502,6.094941750528554,0.0774702537161364,281356.87007442105,0.9658135849550537,0.5450092127606552,23.38965964022228,33.37512519418868,33.994730764349946,44.52577442579501,22.743967804191104,52.79131503736655,61747.27886847654,36.18686063795511,0.6866053286599776,12124.095298745193,0.5742436081248915,35178.29396081112
ID-828,Center-3,M,1.0,1.0,1.0,0.0,1,75,97,0,5.227123957114025,21.234553764485444,8110.21,6.471302017351789,5.018237129783947,2.1619074400226785,558.0,21.240287548304767,6.186985592515562,1.5017753091353236,8.704412290823702,3.7132979194487983,19.508896583953035,1.975111610177973,9.24594390936622,7.761267627301792,0.6642629040269468,52164.81433682298,2109622.333171879,0.0391446183971498,14.70356508543296,2147.722488004792,9547566.316920908,31082.92299268561,936.8343800278012,38.02980720385684,0.9170107661004224,3.749045241845221,4.079138538112101,26.84444701065452,0.180761,0.2728094328772939,0.998305,0.9685958760574828,-0.3030743688297432,0.979928112529577,0.2225572695289827,7.787455466249023,0.0192796607149364,9.989881938558218,0.928653421459872,0.0329966401112593,81.47430370777184,5.727606248473886,192.49157516739524,640.7968764955901,0.0139970958913103,464.58407449035246,83.5925159655844,2.3960765327802847,1844.941429047793,0.048110138548722,0.000384061,6.099199155283255,14348.893599328989,0.7284587571476984,0.903747073883518,0.3818475827841643,0.944236428684933,241.01798270030687,0.0132830431379174,1.93333,0.0676932829879484,230.24253975202453,3479.9060372517247,15174.200205893225,628988.0583183365,12.122459498416973,0.063055382180329,2.18182,0.104579093627984,0.3489294362482694,545.8388951115251,0.0254397791281682,6.943542415141565,0.1011383085937546,1.09326,0.6701301051518787,0.5097753193699158,25.966649018804244,16.34959188453009,45.01421287238416,46.71664875341551,40.09684385788893,85.80036440745587,545.25,25.988789963536007,0.6631718369919769,4001.5833492013257,0.4832035452777743,3516.6260880631853,51.3066,33.3375,11811951524.1771,3.12508116435262,28.791803342031216,23.63750211160877,130.80021332851263,56.94159870032069,13.21562624267012,42.38343815688714,-32.908823636392,1042.8307731581394,15.583592409237204,1084.0992650318967,-8.74599,22099026511.64224,0.2551438602735867,14084.789336058277,621.6959673478482,1094152.5884082012,-9842.261108119845,0.664828,8.137746606581526,0.4848310396717777,1.2065255713409866,1.4660702463216146,9.219613510653168,0.7797397708400311,0.5871009041428856,0.9940918870041052,0.9778872048675722,-0.1804072798551874,0.8464340966756518,0.4035393242336186,30.54723409958089,0.0125889,3.69776276482746,0.4108352300616299,0.0386862,16.564189702428376,3.4691963741115863,29.42399523943218,5120.524848678759,0.1594816605476729,68.00302257863746,374.9612539567305,23.21565383949048,5858.355451800725,0.2406666689457018,0.000499152,4.939615272688246,106.226,0.4765325199290368,0.227654,4.700765362558971,0.6793592985622239,1089.6723279074645,0.00779165695449,74.74643499367207,0.1063952451917538,3.11374,727.0614118935407,131920.62601518416,63095.6,130.67314934544152,0.0799392314709457,281.09622869241434,0.4102190108846033,0.698463340054899,6.83919,0.0117852400967733,7.254225165957713,0.1005767391479102,541462.8841691451,0.6836439805135817,0.746527100690464,25.042217893122945,23.047744494280856,13.4164,79.6366217724212,37.70469603055472,35.84751048858391,43900.61366715116,20.44406794186837,0.6844924066286182,11092.15251867996,0.2440450931367045,19418.515650389905
ID-836,Center-3,M,1.0,0.0,1.0,0.0,1,67,74,0,6.533174147862764,12.381839039650416,1678439.9612346357,5.156706500612658,0.476152,2.835429268022768,19132.11235964583,19.56113816987247,11.82262927696283,3.003034398297284,7.683338479420432,4.750420584702757,15.504189614733672,2.318219046848456,6.002042199757175,10.66047818021458,0.6941275195637497,357193.64414776,2337178.3662617616,0.0385378486067563,16.906796407009146,4147.143245092546,1769624.7295774345,10793.005458762158,674.337490384242,55.58172930449797,0.931221417681422,4.456738474551255,3.8459773189333686,19.02516435531209,0.514152942906355,0.3836935655157642,0.9942728303643042,0.9570710774512944,-0.3117662324532766,0.9632523652022478,0.458577778741588,48.482063482400086,0.0104710707289781,8.939556056941731,0.9631604198801206,0.0414774989761055,111.18995265512883,4.64772918470981,3.02726,296.4291695159451,0.0506465289146717,3.51945,38.346,1.09603,1393.5966904141774,0.000408215,0.000384061,6.405164834434119,19800.069792627684,0.8723056147868321,0.8385936070473434,0.3595499788395602,0.9084759441893,1773.7719130293926,0.0020589745665868,178.50685672112004,0.0215660007496541,265.207985999332,2192.761568157022,30373.91938776457,1821370.1518197863,482.7039325109225,0.0119318408341702,1212.0338976335802,0.4249363103416858,0.6792542485173967,783.7014119626342,0.0197534470388256,6.908590860269492,0.1562380361430309,1.09326,0.6091519059224757,0.4849580581712778,13.202499859656069,63.35384095293903,47.76278265162031,28.123001579007152,60.38289448316681,55.385837987509404,545.25,14.657397835511404,0.7560114825832822,6052.8833797033385,0.3382993014391005,10375.465900881714,51.3066,70.46110081579664,4619487352.43338,2.106866831943938,51.857659374300496,43.420691548007376,66.3085,24.89485868174896,65.79177017323221,40.968822112685125,-448.02719815234286,917.43094887561,18.35014909621585,1043.0570477172337,-2.303653859163117,16143528643.176208,0.5507155451992283,8837.795492107576,26.3153,1399680.4277487374,6508.609458271872,3.821123300287248,0.212363,0.7740962955141943,0.6364200163754169,1.06245751828945,3.9678364586074952,0.4809534850558665,0.7429273435400917,0.9995657482836402,0.9851358115483828,-0.1591669626046222,0.7771490363372147,0.2058458487082344,56.2161,0.0669303651077331,3.6061173127352095,0.9139003046996056,0.3799693327165019,23.19248289082599,4.847157616232025,0.224451,4573.909459365714,0.2647954904224007,40.598423433190746,565.0763694173223,12.751007720048303,5015.952728556037,0.0184613242014319,0.0094185796691625,4.103368481008074,7084.658277303233,0.4965487632650786,0.6096052743186767,7.390820730043216,0.6904680093740989,856.6759983454806,0.0086692264583647,71.28049095681789,0.0888540480766661,3.11374,703.1164823754835,969662.716051967,853694557.0774167,7064.94312719584,0.0148997978570791,296.22508865456086,0.2605880614868268,0.4417002026509683,447.2893404501857,0.0177171450518485,6.53036452424942,0.0559866565238523,788541.1841601408,0.6792726175749485,0.7178730872808897,12.888183506333831,22.78675978329532,39.32979433382232,50.89677870211826,40.1848036545513,64.91087741634513,548.583,32.63204904949631,0.7018135927839285,7287.8851024271635,0.4506645845965852,25106.51231017637
ID-845,Center-3,M,1.0,1.0,1.0,0.0,1,57,87,0,2.7064806974579967,10.926100010884989,51893.107175379526,5.848334823399405,1.939456992052592,3.409962144587361,14534.042714680108,18.52391704083132,5.158223830379438,2.3930817237589235,7.30952141810288,2.8937669495134104,14.379698874179518,2.3144713998475552,8.677779796464838,13.7798577310958,0.6245928116154374,2087.32,2539225.793881746,0.0338124020484587,14.617764652077884,586.1643877202926,312.508,-21996.039024674308,224.2586698742401,19.65699975543461,0.9385815182157804,0.682288,4.179620165489472,4.054297949249272,0.6067974079504959,0.2629056646878896,0.9972298563327442,0.9555572741403136,-0.2669027967966063,0.9728672813791372,0.3765293666093082,33.655744543876494,0.000347025,10.144712436282845,0.9438240920591362,0.00134553,75.19617599814484,5.390713050510058,91.38174357711966,236.3574378748313,0.0201026781054563,132.68625756499915,604.8557718240314,2.1988047019755723,3604.119234392073,0.000408215,0.0098261364921446,5.686071095529081,277.587,0.8242901045806781,0.971112,0.041078793383799,0.9495093542816696,2193.508469084883,0.0113012961340661,173.3209734750206,0.0285173185621742,218.52542276779323,1227.445803555739,3.34623,2571027.0784204174,0.00123903,0.000476227,5345.470471101608,0.4457144945905895,0.5930754330034296,789.3183830218686,0.0291209160692593,7.567612691827025,0.2039878974596018,1.09326,0.6939058304613259,0.5495020184177551,18.853236114918065,22.30264467615401,48.22594746124922,44.33208387976664,13.60746021452757,58.63952470375114,37291.0388743557,27.990867576428148,0.7349723737274163,3349.63663489758,0.6525215336590928,54913.1024240134,51.3066,39.70561181145566,22617816008.574253,1.2227337319656617,30.79561855237445,98.70642247368238,797.6516680944759,17.96854035530199,34.870513224348834,28.581755840652274,-755.9855766798166,1126.2298252874969,3.671633027345124,1049.935535741026,-0.3398920695171742,18847343876.078285,0.1173787422182807,17390.76263938471,2185.833228397196,5.8552,220.5173759831382,0.664828,5.340659950901197,0.4848288303844369,0.2475893559519098,1.5463655280326185,10.790651099611464,0.7096620660906927,0.6639768548208258,0.998003303514851,0.9785937309749538,-0.1740916276593739,0.6490659461924112,0.4352116055532414,13.789354398337682,0.4139927130432415,3.0286500657294555,0.6207222145270663,0.1394989873655815,84.89654394158165,3.3155558870631423,0.224451,49.2996,0.2520108933931574,0.610339,2407.121143283311,20.12763313510421,1909.4493949812293,0.0467123665438204,0.000499152,4.0715528902766165,106.226,0.3897312144368698,0.480940823499697,6.453971514866862,0.7452615044771632,54.76443265669826,0.000389061,108.86256023804282,0.1807722161424403,92.40125980766206,883.6160480606081,510901.1311867839,63095.6,6991.509515146741,0.00104556,5.90323,0.3592093710569107,0.5803600677647407,6.83919,0.0033876619677515,7.67214,0.1091171363068696,610464.6299364847,0.5613706954072483,0.868571,20.48176813610426,47.82706179716217,35.401179246102394,37.20749626523527,34.322897769315006,88.59835818752263,26012.56396656043,21.643844619301987,0.6856405365285165,3047.839046936469,0.582599443630717,8788.723481076378
ID-850,Center-3,M,1.0,1.0,1.0,0.0,1,55,81,0,6.932612146992014,10.491032752785951,2708895.54227845,4.490163475457967,0.476152,2.207082790576207,558.0,14.056205655546902,4.987764029725627,5.00570157109458,10.148609730462482,3.695785298626996,10.478072758581993,2.246546142292808,14.242843567577475,2.99426,0.2862075014567102,2087.32,8110.21,0.0222787437826317,14.357026686858864,1104.272028822722,4524978.56448285,25112.45494934556,1926.594631883369,40.62548998528555,0.9277407871693968,1.14003198229908,3.868808035815755,14.2664525441668,0.4131628716683594,0.1647727993687128,0.9948147136242022,0.9369906659153812,-0.3323481297947026,0.9726269599299012,0.2565464734175622,31.3790507045266,0.0019259266778168,7.358225102023305,0.951695470289382,0.00134553,58.91110560627975,6.927898104629719,571.3846449053148,378.5210977225421,0.0606424148020453,286.0886326383254,2943.210356038518,1.6333782285101537,3893.297186374298,0.0093357495316124,0.000384061,5.783919716030104,33880.74916683512,0.8489103915424956,0.8306878056670735,0.4042251821659949,0.9207029117271724,26.058,0.0179397169429672,219.3188390955957,0.0598533991834824,404.02852141247257,166.23328340921086,10616.914451948443,8380048.827983897,0.00123903,0.0600744125796391,2283.5028812870364,0.423393420498996,0.3366743108635401,803.6778469321387,0.0135437509135264,8.170679880717245,0.00671548,20783.1876911292,0.6203578788967201,0.6256769742948756,23.278230758768046,13.327958623808009,76.79858715373821,71.55298430573781,56.86019542832092,48.49354020373318,5770.5381124319765,18.58019934944457,0.5061931697892688,13377.32706496316,0.3858037414755614,558.0,-17.20479698791393,35.085903748366455,17714153042.13615,1.312940160400085,9.772572653029773,83.58753947430232,66.3085,42.05912205633191,22.006252037074823,38.483751484769606,-933.3395640824552,144.18460052135347,11.044432403877355,1049.362848793458,-2.793449669396091,9108937073.161812,0.4720551316743746,67.1971,260.53208171702545,1092093.5524646295,6367.584721609201,21.247546088397847,8.320808202815247,0.7616919358028977,1.5617498038247335,2.427144108126269,12.449265901609166,0.8218596535003038,0.7207310227192647,0.9951807329012256,0.9791236295243227,-0.2922019668151208,0.7560875370271697,0.3525187924081176,29.19727178586766,0.2919273204820832,2.3351906033587744,0.6714445628556907,0.416760451968784,95.2761811678809,2.094513435981517,38.2306543419064,5945.325666669859,0.3227081035636368,25.433237529225657,1253.8255355910935,23.39046296236604,5105.82729696556,0.00100254,0.0019667548341684,4.855493583072728,106.226,0.4242834704578196,0.8128378572043977,1.2601399947633467,0.6870386153198006,1110.2766643857274,0.006616873062187,83.01183195912186,0.1204781816210707,135.41212636468623,1478.5144613775533,301619.0642657426,1076556595.3662214,2443.832654904784,0.0228912802584108,271.5674527958339,0.4021485262211279,0.5823124468929913,668.7565407041759,0.000562722,6.632540197741835,0.0754835144408529,24749.475036069925,0.981698,0.2388603211227237,16.94359895289311,51.83054462178888,38.47347498589065,31.99290183271789,25.0791920514228,53.95647926105649,19693.448540231144,49.89754596154776,0.75203273892873,6469.675879696806,0.3509385037740036,562.0
ID-853,Center-3,F,1.0,1.0,0.0,0.0,1,67,68,0,4.341690499526028,11.554950115926449,8110.21,4.550464071062296,5.572647168237752,3.0641785845167564,558.0,11.231268350426802,2.925386767828269,4.021033292041346,4.350538088469477,4.212890000175705,8.399390893320593,3.0839552714394274,8.129743482697462,16.7112500934996,0.8581047693857775,2087.32,8110.21,0.0455724943861951,13.11274707511014,43.7843,8836602.41537553,65273.968270869744,2866.624967425942,22.59635520386807,0.948007125164076,4.8516947247339495,1.7100088768838375,1.7190041663207918,0.4960043260523947,0.3167562872340914,0.998305,0.9302034013166276,-0.3518783342089996,0.9888983916827448,0.4595051836054917,15.503052936321277,0.0059801624859273,9.43985388231346,0.923202725444308,0.0025332676341315,112.15186672533348,6.256042878948354,308.0667808590447,184.85631778047787,0.0785340272849405,155.18044695223938,942.1716488345378,1.153557097019246,3445.7826126196537,0.0007446960402187,0.0133843263981337,6.653601682669246,8538.620587668951,0.947064,0.9462637677018124,0.3325261246891637,0.9172559318675924,26.058,0.0089091944627375,3.450428104652179,0.068840506885951,67.26292775641696,3764.963546477444,25112.344151452344,18749230.294688087,359.4285967476743,0.0256658629654683,1316.6075576083042,0.2184297444808547,0.453527511500814,848.6822135365719,0.0004245477261922,8.404658399653037,0.3080311709087817,9751.305127590193,0.5913778473659366,0.4403127124698547,28.387025405937152,20.72487182070576,45.743287285270696,40.89587084394096,56.71074439990251,73.48173951331694,545.25,23.86819769232819,0.4836643842015438,9613.357967214297,0.3685398537782532,23111.05051826157,51.3066,56.83670771707581,1119257143.943821,2.627346013916845,31.8575890475684,53.59163366583736,79.12463146398018,47.149310433510415,10.01607967687801,38.16489509004608,-829.3420282762391,425.49218897223705,12.483093825766751,1032.8087022716277,0.931253223055776,37505346557.00229,0.3933720192985465,20942.63879747792,792.175658635972,1038198.0931064732,9428.521692983626,83.1815988426188,21.44822660595284,0.8230873174595825,1.5645207536941634,1.5530398651495674,0.181279,0.8030420125956366,0.8917652910757597,0.9981322678538757,0.9841711775045854,-0.1811105290136684,0.6733258417035294,0.3534161243872752,21.97058550172765,0.1853802849609415,6.06688305650124,0.920413,0.758445,63.84432444460102,2.358760259164548,15.179307154642151,3855.9675824567767,0.3658897156406963,65.45791881020381,2264.288307042672,9.639666504482635,172.295,0.1327277535409294,0.000499152,3.9980601272770455,11952.707335738842,0.161937,0.6354915876686945,0.291681,0.882034,1569.2123620978064,0.0010504207310785,121.20100635664345,0.124070707717539,3.11374,1783.7869763135773,458382.3645936081,535895933.0707282,2997.7460935433587,0.0265110960323152,5.90323,0.3709602361691588,0.4049210073795898,1010.176651206946,0.0267431610449558,6.312902257556075,0.0095367740376734,232114.4523158626,0.9476968207269209,0.4442741439878283,37.06178541748119,31.10124973931425,42.34308535649318,29.555103712300262,38.19077197008905,55.77243647890667,37619.1997454614,40.06993427224974,0.7904915228065209,1284.7893659541307,0.132051,23617.5332528195
ID-860,Center-3,M,1.0,0.0,1.0,0.0,1,60,54,0,9.29198123131153,9.940226338045376,500212.272233556,5.122066495812701,0.8553419230946486,2.565913481092524,23007.6660615464,15.465429051443248,12.520844832586468,3.168978037861299,6.05678269276203,3.889082239470576,11.282363874480062,2.0803073216687435,16.138759643687223,3.698721743430837,1.3793218051178688,28287.90459399167,5143425.543224564,0.035110773111475,0.134882,1931.8104219518184,6269876.784081365,-10899.496623924975,1486.350569193341,44.3253243274291,0.9200075298488992,2.650929526422176,4.102677567413761,3.4494059193325874,0.2945465698921927,0.3125833210151947,0.9933831840424956,0.959345190339446,-0.2893439191495272,0.9719752114226414,0.2204294279927664,33.23635199464961,0.000347025,7.944899286880584,0.8942001935552064,0.0092832229921311,77.04879367308496,6.637758525697341,514.9462063546092,36.2218,0.0664482768539311,173.42643184957407,473.0012854913604,1.09603,116.083,0.0354028960042254,0.0135649481178116,5.140038278767912,12885.205828787875,0.7498917839517436,0.8107557812740738,0.3268692404901075,0.9562916899045716,243.1938116347744,0.0063697646412553,138.7225158532729,0.0392826844307746,144.6532132432639,28.4667,41694.766262949495,866369.1512198325,0.00123903,0.000476227,2383.771502484762,0.4229042297021072,0.564990014442211,1493.3083352242325,0.0188213695160102,7.165921525981477,0.4397269913593664,1.09326,0.9512509819503958,0.7469458008022382,10.139555095830314,56.39126782993825,38.27964329235458,40.650658446727945,36.0379398011457,20.532807132784747,3775.036937024333,35.68579032513383,0.6271048983021171,7337.5651963238115,0.5807138836464999,65314.32028344706,51.3066,98.3760846474452,59931554948.43119,3.953834881163591,29.706943605664744,132.4746106123414,482.4217235998639,65.31634617396007,18.448331941309704,44.41337493728808,-222.43181384145453,990.8778403864956,21.31308988816416,1027.525472698564,-1.0754291796447282,526132000.0,0.3817414532766205,3845.177594673838,1277.505582666803,706499.1806712102,16595.824607694023,97.70863271529456,3.663533713649828,0.6034888831714039,0.710892431817232,2.263152451666812,0.320721688842128,0.7483924334687613,0.7326197811867671,0.999872,0.9665249878178456,-0.1643852652673624,0.8345193985064396,0.3324232706496828,18.52118981195884,0.2066183473200296,5.19266991392315,0.6319048245407531,0.4817588817100838,14.365734256700758,4.045430591527898,0.224451,3831.716737787877,0.2797657487513471,11.506207105556824,1957.58724225291,15.39304618306022,6205.015994409109,0.00100254,0.000499152,4.469876820796122,2671.249283483763,0.4257592413625682,0.3704577193735479,5.332766243124275,0.7983064571451227,873.5630595615075,0.0143130059038102,40.672465355128814,0.1358378116680992,194.5401191197581,68.74873805620715,610754.1224540006,63095.6,3460.482822343279,0.00104556,1198.3454496137565,0.3596525355402647,0.5535309318939408,668.8797420514717,0.0060822871460799,6.0930440184096,0.0757170231323946,701074.2138313192,0.7433506374657272,0.3862186466985404,16.69832506425092,50.16199898516153,40.49339336051255,34.70427368057285,47.369423638571625,72.18521044003423,24955.19665312161,39.167858612057856,0.7782112377110963,6502.930934658774,0.2448216018657165,30582.72821039401
ID-864,Center-3,M,1.0,1.0,1.0,0.0,1,72,53,0,5.173473054768182,12.42510048589297,2078530.327820964,5.962285085817412,4.950840263040639,4.134355307962288,558.0,12.802515957434888,7.225375332369945,1.4617361978946073,12.50582373969468,3.3072262740964744,11.324443311029428,1.5997032970600222,2.92476,12.014711484140475,-0.2466359619781752,497696.52808341966,595757.4105776763,0.00914519,17.06524466106757,2570.8103974900705,5912678.133527092,-10170.46838127706,2555.401638418534,66.96481760544046,0.932786063055892,5.221188630059352,3.10699792127326,7.999762485184696,0.3806387874573724,0.2786789915019084,0.9935004281325394,0.9604186680639816,-0.248722048573163,0.9866186454866562,0.1976748651968504,49.55922134515662,0.0192156942652613,9.095611921067716,0.977199,0.00134553,59.27828277399079,6.010383841938781,142.42800266638744,229.5372524172817,0.0881709425684642,143.4294341988596,4061.332363942828,1.09603,3527.7302063121065,0.0365797196786397,0.0117330511645789,6.197903987576883,277.587,0.8029946174680029,0.9279885994490112,0.6923807701513791,0.9321943394628917,2861.022384194093,0.0040825076127966,79.68475468629643,0.0281042051546168,6.42722,793.5001291377284,3.34623,6181844.744132978,123.58021272836956,0.0294280164178184,779.2089025680787,0.3388644873216587,0.5679512203447323,1406.9959208245186,0.0065755998083771,7.056550338481903,0.2202160147849155,19091.43082786553,0.7324121758606467,0.6858051077335582,35.77433572453756,54.301108810566674,39.43268410620022,29.94036293799106,47.40628719422703,57.50886282824382,18090.68177555433,27.49836809269488,0.6228364921876882,8079.700683366237,0.4297029752732513,558.0,43.45126799171955,94.98572821658748,46474334844.119225,2.859557647005081,30.99879950691473,123.96443553718407,250.9122604115365,25.98438974746393,18.19445606107468,53.34090176428334,-1055.39,999.0092714287453,18.18153770148852,1040.2518468931603,2.5534109782761627,17913325612.891495,0.3895068193477638,67.1971,1258.8859717616708,5.8552,12662.662555404817,111.4973774458758,9.770721352875542,0.7895780949014974,2.337028328256613,0.9314686585389004,22.50224695126824,0.5942469429182109,0.7955784619878785,0.9990260614948936,0.9792661862911568,-0.2018587066104175,0.6144713475330946,0.3358676573725621,25.604833137363475,0.1030713758377302,5.276231082774927,0.6462599171183093,0.6583935946133169,47.66564142589657,1.9519541636234,10.489772458477065,2242.586592126474,0.300984219828285,77.16689356184963,2226.3469832191354,4.240102319698741,172.295,0.1487018187427707,0.0164353806800646,4.1460595472750414,7445.794346734279,0.3393363789369907,0.4052388267992532,8.128475874320248,0.7023553992836851,1358.9714595208573,0.0088741347247395,82.15434317232933,0.0951012275792662,139.95426851605058,30.1957,778272.9238894439,943281842.8163404,1865.4948105110625,0.0334525363859858,5.90323,0.4915076317346966,0.5715853911022691,621.6733111982869,0.0130401042440728,5.573288789749767,0.0982208756217267,318081.5996235351,0.7400720456134092,0.5162897737866162,26.06833613697216,61.62134957084972,46.77257961797424,52.033365525280296,33.209545577028145,36.22237756353486,8186.555384939641,16.22033413010712,0.5948688253211736,3409.236966434264,0.3574896640552285,12639.703839632
ID-868,Center-3,M,1.0,0.0,1.0,0.0,1,47,56,0,5.641830990167766,24.29066523488797,1493358.788271843,4.103200029066541,1.598351076028934,2.663969812681506,25050.295632567235,13.092166925521465,5.569801421878736,1.402044833297465,8.837896291092449,2.2988433037224114,22.889370500047505,3.0158148362724804,9.88292671584509,11.104952640122804,0.7657942664142108,2087.32,3512944.0849090703,0.0654946874543904,17.33280251277124,1803.0871531406376,7443288.015306714,47031.91619728689,1103.7113873704538,10.141231726051473,0.8959166853948541,4.537593129935978,2.4107344301848594,19.244475952815225,0.3765008879370327,0.4051443843380935,0.9934949609857004,0.9581190739502012,-0.324075539648366,0.9679379839217142,0.198450185582144,33.68624146012139,0.0168141567074462,9.529078600109704,0.951207289053684,0.0277418050594977,71.15069291149467,7.031456596838936,224.84288602999987,403.401486887478,0.00917615,577.3549783800189,2437.698097427073,1.2995131422039896,3547.071518691457,0.0188597741058248,0.0124016566514358,5.53722296493553,4341.325524921767,0.8784753001893418,0.8597465324708959,0.1652918720588533,0.9166230802568334,2619.01800053989,0.0202804746373292,130.01625019430594,0.00977157,6.42722,1286.865276536887,3.34623,5747259.4880567,0.00123903,0.0366903336610183,2883.917330545293,0.2479531069545633,0.4401639348888572,866.5691490975576,0.0171926010814658,8.83279,0.4799414811996983,9005.47775474382,0.6895090503771235,0.4618857324460502,34.60661176571448,39.81889532670889,61.21215275514531,13.6015,49.24285186541125,71.67998438721858,27678.460881999312,28.61550906054632,0.6182292614241252,463.203,0.524726931580732,558.0,-44.95977738559584,187.74086635455413,44188606057.68885,1.7639702169792768,53.63724741722783,156.53687550166805,464.8163353416942,42.58441293699117,12.19609747341986,65.1334,-259.4529432718979,1106.6438231988127,15.337145984593205,1038.9596489950304,-1.921489468629317,15240201793.183817,0.1858865810426732,12355.674721489264,2051.40863405132,1316555.5424864916,15912.079499846684,178.62758624203374,0.212363,0.6751623132093216,1.6633415818309292,1.5235493907274031,0.181279,0.6136032010620911,0.5985081070169539,0.9997785440286888,0.9787041235708877,-0.2257382115108745,0.6993543687930277,0.494728,42.29406242055097,0.2129909896724646,4.206873871248594,0.5436488796452813,0.2707811166542085,83.56947686543664,2.9898339337144777,0.224451,4685.388705655439,0.3818015268590045,16.133201163686675,2160.9403063118843,5.4675699687939705,2697.252451244524,0.0462419025956723,0.0139970355020226,4.5468884514969,11871.300613939691,0.4240105968847846,0.7543254644373611,1.824006065018804,0.6988109009002743,528.8676021356393,0.0141075364044416,95.37041540919338,0.0498102131125501,3.11374,657.6675002956716,694486.8408527358,257424223.87022185,5146.691680485137,0.0714613136696565,327.2188480841071,0.3908417790367247,0.7177667375596896,466.7881229775496,0.0214091923690609,6.448212368082992,0.0442041755671473,311098.4752716898,0.7314042034325395,0.6163613401686873,26.508327532310016,67.13256662620532,45.16042455598118,35.35509393620182,12.1655,40.41812685937876,41589.23570529948,20.780573250575053,0.7880780577131423,5729.940697255278,0.2826562482547499,25932.83988007957
ID-881,Center-3,M,1.0,1.0,1.0,0.0,1,47,48,0,1.89383,14.85973847652578,2254826.2018467365,5.807640577838047,5.624388787228203,3.782216126006115,33908.319348790224,19.64320102215032,7.860272611681863,2.262717083523775,10.196374439339746,3.776399283253341,20.653443711848634,1.6552122669660092,7.583929594791495,6.006806086300752,0.3933075937573882,583862.3985121003,3163494.9020727547,0.0645071503933169,1.8706555646776488,821.2362993286067,7325738.368695631,-30050.265319236827,1973.2984566683144,55.97620318990456,0.9070193279695784,6.422275291429157,3.2122838332677013,8.105982447485943,0.4305627236165826,0.5187867118260643,0.997827749133218,0.945070262399881,-0.3788509592261897,0.973293348900746,0.4664004413205507,26.79355591879177,0.0057508351522197,11.40953006401582,0.9726670199194782,0.0357073021621772,100.84851783140488,6.812201456634902,74.48725247765213,701.6710130382908,0.00917615,195.1775002987047,1742.6683455765092,1.09603,116.083,0.0290637915219713,0.0078357625475239,6.429782028804611,23584.677548595628,0.7833975811023788,0.9087716880167755,0.3887137109284412,0.979283,1017.5014362488852,0.0064818242647369,267.9688877647,0.0365067642195462,94.74957920358572,512.8208304863338,4337.8213791678045,6485.56,167.0012398513211,0.000476227,78.84764370784342,0.2650081811924385,0.4334873067804144,572.3481250214979,0.0233903549546323,8.512101866831447,0.00671548,1.09326,0.6298491527811481,0.5946780332538243,29.285352498062,35.73587796253898,50.60756252597286,32.982016170701414,53.15070516894544,69.0389478751857,42541.53343103197,41.933397262650416,0.7529165268622015,7048.195432471296,0.2578854847029748,50539.67662425336,10.900700420019232,91.80598082769512,26939810110.03808,3.0349304588410515,8.496211877814755,52.84404795376212,489.7876010538821,47.42005276286452,11.44474016070084,41.916931057929226,-85.25180093579506,1155.392520518915,12.277564948897204,1049.0932691456082,-3.52637519788854,20536397973.48883,0.6735483268851692,2552.170378106228,1670.5079974313735,5.8552,5137.060280793587,0.664828,23.38206744036805,0.3360203608757743,1.8309041757414035,1.6077324764071124,0.181279,0.8308501240907238,0.6709300975650854,0.9988318520791108,0.9836753380561208,-0.1407585469575268,0.5520236637716526,0.4162117337595697,44.923717208367634,0.3453211434253795,4.225187302107511,0.8148626513725166,0.3340937705500267,46.55427238395303,3.866483100307254,0.224451,535.6261583449403,0.299785689292421,0.610339,1391.1946861302258,22.168082846711886,13283.239337161216,0.044628757784694,0.000499152,3.775235419327123,4150.572117777782,0.6318817827944965,0.4331032997342569,0.291681,0.5357842019751297,1165.6227900652514,0.0022523138871812,77.19688608654803,0.0976832399165247,3.11374,1657.054863088396,95871.4080028542,63095.6,0.225683,0.0568083987183373,207.51572432064336,0.3119883858420845,0.4791619493504472,466.94974620854407,0.0041879791492553,5.992765262860138,0.00580198,190.726,0.9158409997486108,0.3220611879315734,25.500393879294887,18.30335711066304,46.697948885485374,32.9345006013869,37.92504742163438,45.93993566026587,38972.21328501598,29.37554730055545,0.5716026601438898,8967.742892757566,0.598959656614066,48207.85479454726
ID-885,Center-3,F,1.0,1.0,1.0,0.0,1,54,80,0,5.039136378777459,12.022541820737704,1521781.3691418075,4.595012733599721,0.476152,2.991991850693762,62665.18262466442,9.751632643259104,8.833312906017094,1.037551828083631,15.453610507827712,2.8256935330359525,16.584970647461176,2.930412072534473,7.561077880185992,9.18534553022368,0.7219600509025375,2087.32,4472553.955712697,0.0517491240872082,12.984401794767605,1735.3753695014684,2747973.489018769,8758.218292389725,11.2113,74.5417949424357,0.97466,3.0089881303306547,3.4088657020277786,0.393348,0.4849836333132725,0.1952962238372267,0.9950737028653698,0.9384452814809414,-0.2595286552821926,0.9498095337332122,0.3541863313826637,11.516356989522151,0.000347025,4.647452535204562,0.9438169531492584,0.0234912758972908,93.81286282363912,5.706553191397251,278.31066022655875,36.2218,0.0217589447160489,312.7048084674715,1749.910547123243,1.1411104502435985,135.3025082631322,0.0628589169528113,0.0208045571285201,5.875915300399089,9223.370188393465,0.8704047391319504,0.8837748511382575,0.1619916564238497,0.9259446237974444,776.8935516578165,0.0092108311611594,265.03776620675774,0.0112337249847514,66.55144223195367,571.6784264804953,13505.420715075015,6485.56,0.00123903,0.0224335797431939,1189.0733996132544,0.2028279503236841,0.7160334274069474,345.5194561825805,0.00232713270598,8.815656114468798,0.5063469150602025,13651.031784063687,0.6131255978493295,0.5461859049833748,33.33130787393492,36.07110323376191,76.9377626582205,33.41982101765327,22.93260365981864,53.16389045091975,545.25,12.768871719488654,0.5901895053846282,2500.6446168980688,0.3729088056785228,57419.36732519651,-71.17101289885932,141.72369862855382,6722740098.606651,3.1213502881299915,30.31341199971664,57.65925494725393,66.3085,52.35921988593456,58.596083004702,47.85309952136647,-1055.39,923.7383348213158,12.663508770633465,1005.8773211631116,-0.3082717702712946,526132000.0,0.3395004517598002,14801.877295275764,1440.6116121948114,416950.646290188,-135.85529459102486,55.97856559678164,26.284560971913947,0.6523954353427671,0.174711,1.0748178151524623,19.50761767740321,0.7576697139481721,0.6633606602927157,0.999872,0.9606683993365676,-0.0999483308767672,0.7144632534252087,0.494728,5.1024,0.1816238269577685,3.150081644345778,0.7738951748317214,0.4065464837455989,10.2048,2.575800695036578,0.224451,4708.344234706127,0.2409312144288418,1.6009726833047295,28.9544,13.108678209322507,5344.617701961241,0.1896005888399501,0.0142346979095549,4.807741671334696,9309.557215332114,0.161937,0.57147652092435,4.885455839640472,0.6044348298918117,611.1607108391693,0.0008086401378335,48.79896619604066,0.1376318564133551,5.300790776892718,83.03354427817672,417767.0768983456,63095.6,823.7688023727098,0.0314539471775438,184.3972986312261,0.2686836325466121,0.6182629766584719,1377.0341675172724,0.0251109480763369,6.723772456756967,0.0270929925730479,852284.0099186717,0.6268775470883124,0.6530414443011097,22.5027861031486,21.61041019397235,72.62587985280129,37.49657711508771,12.1655,37.489670411792645,37783.50757626176,17.41358838185023,0.643851614785815,5357.33994837188,0.2568802744512178,17935.196016111862
ID-892,Center-3,M,1.0,1.0,0.0,0.0,1,49,49,0,4.4530838795687,11.37382996081132,6613694.525924762,4.768262626688935,0.476152,2.6486628617037846,52851.5824118836,22.121445899462604,7.839520097067243,3.025347977021576,10.743316485690393,3.2035573240959563,15.89800697101963,1.810716320017952,13.96724924320162,16.10263061749937,0.8190558846987944,2087.32,1374351.108291409,0.1125519549009092,13.512477445651252,43.7843,6072809.372542035,-24424.400955559093,1003.291262971992,28.5897284764425,0.944425040016524,6.563435268380767,2.927402332781603,14.163093831770194,0.4648230660662905,0.3107311675401101,0.994335417829963,0.9573269335796104,-0.2653504696822183,0.9827657800949872,0.398055742539545,56.82231891201927,0.009445430827104,11.8075,0.953983435814559,0.0306807151647178,109.46521067008948,5.569275236546618,292.84831521969505,714.1452616341476,0.00917615,219.58673137804607,4196.296441324446,2.1541391805715,2304.842363355521,0.0113223927465764,0.0137500259880165,6.309879372949082,25100.82849833233,0.7423551435480894,0.927669558785909,0.2494078993858457,0.9237105877329784,26.058,0.007050123090762,1.93333,0.0305808603887888,115.57560192181104,1575.76828521272,37756.17747041842,408660.6407013212,33.19703914058698,0.0066505584675973,3816.280535649911,0.2634941611670693,0.621229079683369,1143.1720396534115,0.0014338562408925,7.235009357580032,0.4124058511906902,1.09326,0.6848745799272706,0.8035019987676351,20.51561535858723,33.36687620886396,45.04807920918364,38.41293415543993,55.435409939105625,72.94721486525745,19471.72055516705,30.83481031626604,0.8192885384008162,5542.986481644364,0.13282,22520.845734868035,17.793760758813818,130.82227467157912,65902224159.67594,2.519484895244473,5.42996,105.08433560088012,85.25091670363834,42.50475378493935,46.7201414943094,42.75563049212699,-214.87000787369035,1131.7861034690618,18.407961448661663,1069.213410130018,-5.9622526099693545,31284239994.70476,0.402406461848815,67.1971,1763.0700533380684,1015571.2614189386,-8407.106750706598,150.75612979269198,0.212363,0.6439178834943585,0.2030838221631505,1.2900263403819598,9.873510341217177,0.5796337158282785,0.7067357284762226,0.9995595546451082,0.9895655950828096,-0.3553264946231718,0.4484760820195315,0.494728,49.54297621579767,0.3783535967625521,2.089690263195784,0.8388980495540034,0.1370346942997111,112.432,3.869878673665508,23.437135372716405,49.2996,0.3778914671347467,49.74030636891835,2636.9670969095687,3.589144774689077,172.295,0.1405993888284881,0.0199263653932488,4.053122308448797,15408.68653365542,0.5609771164391074,0.3378481159850789,0.5957399312458194,0.7007605536022639,1742.5341816454777,0.0201427445511701,3.90476,0.1415648021896118,170.8341362814157,1851.485109651007,165818.2245474388,329814420.0326631,7197.396961226274,0.00104556,400.9400156336518,0.3226564078161362,0.4808474585944519,6.83919,0.0216908681263282,7.396253633480591,0.0199356249567612,449263.4866793917,0.8602385564083181,0.4664034711068984,27.799030147351623,62.40768102639143,41.05486776084646,32.26357036495487,21.797201594610463,40.11727864972472,16720.58052417497,35.43037108909319,0.7518807336767936,5349.5405757213575,0.4053757179550675,23693.15971206891
ID-895,Center-3,M,1.0,1.0,1.0,0.0,1,57,88,0,4.396529976346922,20.831831159385448,6923746.427574436,6.03359654043687,7.669329002064178,2.958569579579867,558.0,17.614405789316095,15.982908814430582,1.995951969702282,7.110192463846384,2.970879388639515,8.509078779073143,0.9113854742713124,5.716825780928438,12.509839366629054,0.3798730151714901,152020.44142287635,1437007.8401128512,0.0325593009615707,8.303936909713382,1609.5673886851728,9495143.779322283,47594.93109731375,1168.6503258344062,11.988338273179725,0.9640684794126564,2.52153378974065,2.210470198773832,7.957622931682829,0.5595491566788998,0.1081044881167167,0.9914803166431878,0.9535559138229552,-0.2754037566602182,0.993989,0.2130521550458025,35.71541717709822,0.0121760683678925,8.565588648044036,0.9717397175779636,0.00134553,65.35488647333315,7.311433719121355,380.3319716558076,36.2218,0.00917615,279.44480929986406,1106.2080133664278,1.396417870924442,2472.1921744573474,0.000408215,0.0119063109818729,6.6208555082598055,13325.68259538137,0.7839392467660783,0.9411688509179827,0.3196731815219829,0.9315132983370832,2615.523023566629,0.0067880080143935,137.71910895451603,0.0790118098887703,305.4408462134673,1151.585916012045,41606.81128938281,2530876.8777695065,240.16323714294865,0.0189031414069899,2835.529015413878,0.409348256687387,0.4403141433626267,373.21885611551625,0.0082191715875646,7.858987009265336,0.2092458588648106,1.09326,0.7620670507504691,0.7345099159025823,21.53941467982652,53.9855374519312,49.001743040645344,43.81625615239704,49.54892283451299,42.14992369512965,2991.88591327395,18.70208178419616,0.6384228366176078,11577.267565219676,0.4385041594313529,36214.21272485301,-33.62879482914721,86.00326904449201,66365244619.03536,2.3058697733007465,30.89015026271668,96.10921074384216,66.3085,49.76459690349439,4.12072,40.48072437271915,-96.23120198796106,1254.7566727323572,3.813365976735913,1061.330950058867,-1.0671660820210978,15248040086.46403,0.4219313544297235,23025.550331380768,872.0992010291131,451931.78506407904,958.9728621478592,255.8694548274617,26.04627669749065,0.6902935663257868,0.174711,1.3754264614088525,1.0565776465453682,0.917477,0.7176200582239745,0.9976932391235006,0.9876958151718948,-0.3418263181776363,0.6658067550841128,0.4895362375365535,26.642877184960035,0.259746490082759,6.18272183104836,0.7350311959203135,0.3372244497005408,63.29095461221724,4.936610366255645,0.224451,49.2996,0.2340673523319024,0.610339,957.7753919141724,9.89920878697797,5460.027307146356,0.00100254,0.000499152,5.31023,106.226,0.5551446081392388,0.3008312838545053,3.68927981631417,0.5979310228139318,1328.3781737632191,0.012306430213453,3.90476,0.156189426007989,61.41650606798287,1774.789991368813,641330.4534796444,332042974.1709697,2747.160419164123,0.0391888867008209,231.9376871733872,0.3392916648117897,0.5103840346293917,1552.0674702455417,0.0167767348348573,5.462776615316665,0.08072193603265,167120.4348525027,0.9426048613920108,0.6726440412180466,6.983148340825203,47.26392287731158,32.81245212668899,66.44640347052776,23.144256710479382,63.26040593918811,37070.72480651494,25.94650389302759,0.6769192968776188,3092.801334371279,0.4355317063239715,562.0
ID-897,Center-3,M,1.0,0.0,1.0,0.0,1,70,87,0,4.46166603092438,10.513529904255453,8110.21,5.233037787314022,5.084213870782037,2.9675439808399013,18768.748851951623,13.522557526119703,14.714271685261156,0.7140721491178621,9.29118208880163,2.214579384836905,14.75146537934566,0.788582738013099,3.028061403572127,16.14057945624378,-0.1299149575304588,587272.8937857845,2906147.982806678,0.0438846849701077,6.56362448494036,4385.159537307927,385409.1802897102,75498.63741939527,1551.3380673740269,23.625291406018817,0.9489912395041694,4.544115626807496,3.3733303557331804,8.289031830591611,0.3083509325592773,0.2417046971831251,0.994783583147312,0.9318936070208548,-0.3486571498352435,0.993989,0.2309838411054501,40.99063672211456,0.000347025,6.886657864692246,0.9084715449636817,0.0040523501624715,108.031561594204,6.449435254478271,55.98426648473461,703.3662618060948,0.034354144187547,223.5611570434293,820.2795580082329,1.9362172779344984,2423.3228938988445,0.0318245646769249,0.0043469130122678,6.724138761944418,6699.822708949134,0.81619844891383,0.9096045359963262,0.3291072998561404,0.9350172601389586,3357.178120576448,0.0137844961998949,129.1218846375313,0.0528711465089134,325.0487140812551,28.4667,15840.6266210307,4013109.801735864,140.56449837941193,0.0254779719932632,4204.883500794967,0.3241089239194968,0.3369645847396265,1034.544527761215,0.0047181925960968,7.935631323693893,0.3036940170292188,7334.768387762011,0.5836484681061249,0.4753551847966147,27.910513326830017,41.280688872794485,76.6379118371794,52.79015431861321,52.28758092096753,38.38202799020028,8705.397441817157,55.55789641036832,0.6842010100298961,8655.401182154415,0.5031278360847345,21210.094780835985,35.19925852469803,138.76415606597348,70647286150.6106,2.1977648215360115,42.84616527402992,7.669568135265628,66.3085,37.959267889164025,39.6035466215588,29.68543766548952,-262.9691877426445,170.54991492208117,9.109878618595566,1031.417950229708,-1.9497685649452885,45014805891.33892,0.5308345357063753,67.1971,1360.8811336182869,1440324.412687568,-4572.930187730644,0.664828,0.212363,0.5764399414665632,0.935073755720226,1.6421457825248675,2.215234909436876,0.8109928948017451,0.785591810024529,0.9935724214719228,0.9920696044722876,-0.300142722102045,0.6450869302189006,0.3843597589498657,51.33414166098268,0.0948621615458517,5.421177748086424,0.719248796144588,0.4073013896770999,48.3417243258034,2.8551886302386245,9.22886984112613,3019.747366367878,0.2520532003570178,27.7117095372544,28.9544,7.961457009420917,172.295,0.1986372163765396,0.0097369670622082,4.242053418278562,15969.044913145955,0.5680081683702513,0.716753463528472,0.291681,0.6411566909128815,17.3286,0.000389061,130.0317458577957,0.1569356654473768,7.145888337460214,1414.7454924868766,169865.59503714717,360291531.5660017,1525.664696622766,0.00104556,643.2559442537095,0.2799090149725041,0.6537078136074407,6.83919,0.0238566035148536,6.62302023243462,0.0261758503950341,190.726,0.5072240484864665,0.7424444127368451,13.567387339705904,37.019092781144586,50.77107000900821,46.620264790838895,37.43247647750526,69.02569915608667,6104.829002246687,28.80550492219237,0.7526233420148407,8042.768744589438,0.5759676041956837,42010.88459130444
ID-912,Center-3,M,1.0,1.0,1.0,0.0,1,46,37,0,6.942321334078272,12.468209036124708,7515105.263991015,6.110968573537801,5.260400085156299,2.752982895522059,43062.5057871663,16.466617474878827,5.556490007832389,2.738102203727994,2.913830863871237,6.133312498895522,17.981767621472855,1.4674737051960245,4.603456529371475,24.500797601776046,-0.1459059736492024,2087.32,1726267.7555931483,0.00914519,20.089779840997096,3832.827579923179,312.508,24467.38413415055,1549.6945653959142,30.10479829150228,0.97466,4.800133056496785,2.423285865162548,12.596789110754958,0.3727207734456341,0.5507486930869806,0.9933925124947816,0.9538637144596176,-0.2692294892354517,0.9607139856545694,0.5011096059787311,34.58231373894876,0.000347025,7.065412688533986,0.9658038031172678,0.0214632036623662,102.17690296720846,7.173095750359343,301.5096019252084,1194.056498363293,0.0545978366376723,49.45653716704157,1123.8757039604088,1.6373496544589885,632.9185253176395,0.0667761883352792,0.0061788812130478,6.407550727089188,10710.61046426157,0.8310546955940548,0.8191777998478965,0.2737416018966906,0.9542418769424744,2438.728789409028,0.0161406290009858,220.5352446123024,0.0572474629834678,6.42722,173.92545765006963,13272.840115519508,4199522.619541865,511.9868748712997,0.03106428398311,2.18182,0.3683650619967556,0.3371868820958059,564.8741611829703,0.0103973817201525,6.174465107241615,0.5635137121961599,1.09326,0.6089499698762418,0.864829,16.60998451529446,42.72753629622355,50.133869093068384,62.27321090174737,34.60194127602101,55.759403816534565,42404.67581715142,20.452216632306527,0.6905966011092795,5979.292492394444,0.1950434564363532,17997.78411154331,-9.358870037421562,33.3375,526132000.0,1.7454927248829273,5.42996,80.46437293031767,66.3085,44.03663675898365,51.32702559619992,42.01624053620412,-318.1413045554577,874.6409112914024,7.752498581331604,1013.5920109632892,-0.7505723772939225,26063593587.605,0.5187897370006478,14899.754219766104,1845.186147599713,1244512.3381424283,-1551.5074130978396,0.664828,3.382996845965078,0.6764934161189141,0.2568282338623726,1.9928769948102487,5.429248664654756,0.6643433978771103,0.7965471704437666,0.999872,0.95515294768521,-0.2086324033526734,0.7925569066251499,0.4131835070391269,33.76521313817948,0.3300512638411167,4.230641841800162,0.5238801975300885,0.3859928047869719,99.425601470689,2.4861536866705616,0.224451,3921.591776560585,0.2495111368235383,10.203964125343678,886.2863793847376,3.380310416369873,10744.866287419003,0.00100254,0.0171194124882778,3.730576936450225,713.0177158857232,0.5156500623070921,0.6568274129675419,6.3598486297148735,0.6255853888055855,1350.049517110792,0.0011856387353303,51.922754853984245,0.087802996989316,3.11374,2298.6210100866083,890171.5228675198,63095.6,494.88708943749134,0.069274280388622,686.5425637959997,0.3899809763956929,0.3937190278491921,92.00078518964492,0.0060706086950371,5.774310254363542,0.0465732065650057,546948.2135661396,0.6521922146504228,0.5622705620759778,11.43289138433383,51.81167005479817,53.049286578571,43.65621265063554,47.087013987209055,39.28357083568228,15344.110380877652,33.44751077137591,0.71350385877437,458.685,0.5948118417887165,47421.87719394855
ID-926,Center-3,M,1.0,1.0,1.0,0.0,1,77,86,0,7.359238106875788,16.942531138105018,6918899.141426627,5.460014842195778,4.56552953141395,2.720749008802699,10705.833949921198,20.257637619861697,2.89068,4.088473644624394,2.71105,3.213588781771919,1.8071,2.044808971557518,7.26724095067019,10.506678357672635,0.2467682076497993,35275.15724122003,8110.21,0.00914519,11.359724112824615,305.4652055251228,13533608.344006551,64951.1468948238,2069.82002907932,21.56413053230925,0.9593418727360212,5.687652130161714,3.245747251623038,18.443664216008205,0.2348955700779864,0.2809937327307705,0.9969462050285643,0.9441997035442244,-0.272939566782343,0.987497842935892,0.3335143202469123,12.417880222685628,0.000347025,11.8075,0.931321680756228,0.00134553,78.8854656672581,5.561512557743684,173.14664590979848,535.4956506095363,0.0463196883546312,202.7717964994665,724.8015959045177,1.818386907811461,394.494486365937,0.0024603951809719,0.0180843317654413,7.10604,14269.696352086468,0.7826297712935577,0.9101697652422922,0.0353675,0.9781904616697782,1418.8565474341358,0.0094495591849284,82.02395905896094,0.0836783743509503,301.4449195222604,28.4667,24746.306429017823,11288240.884655235,0.00123903,0.0307294778410606,1170.7814853150005,0.3139702807131126,0.494713199094586,686.1787214665208,0.020201385747145,7.702388194918416,0.00671548,1.09326,0.4283666308138898,0.5340010772520234,20.42164220315865,38.15065019473378,45.67060861855649,39.02687291975045,28.32023734107994,44.81838259362783,49549.72255236696,27.624727948154785,0.7141129853651041,8957.516128004485,0.4066108076514877,6352.3877002852005,-97.16950578760616,95.61017282882034,6141183884.162788,1.7461538056675248,19.38545136645678,122.97887878859576,1236.1998842597668,62.5962929146411,4.12072,53.02104528179,-636.5849733869926,551.4245978743018,17.383912447687756,1052.9154108775233,-2.182163284353409,21154210330.072395,0.4063327845276833,5051.104464842804,1613.7997586023596,510446.6723477678,10606.117706961257,0.664828,11.95940684677207,0.6047235780405011,0.8866446752794155,1.460652039951459,13.290350001881771,0.8186785578176825,0.5352043015860374,0.9971431949517964,0.9861672321014884,-0.0717032345278617,0.7418192991317107,0.2726011596895145,34.45833569356541,0.2521519275167263,5.411164661266009,0.8527414960771046,0.551386213569117,10.2048,3.1216189451150145,57.05135543594667,3289.491449103313,0.2631748047278386,0.610339,617.8580113476244,8.05954091967207,172.295,0.1012496330339632,0.000499152,4.360301335317894,106.226,0.289753225957186,0.6316706075319075,2.051496948447384,0.7636320376836734,17.3286,0.0055185057623245,112.71872836262682,0.122536255574694,76.54183532817686,989.3851595055908,603669.2404989357,516258600.7521503,1699.1301807849068,0.0286015696066028,171.48779706988608,0.3238004730618086,0.782106,1060.485865284842,0.020606431659738,4.06787,0.0624747011207338,628497.1258373896,0.9138462676443846,0.6430527427444265,18.5459125225839,41.28581583437511,33.19774934913684,41.49105782523645,26.63604197944487,35.1642347446208,7077.572704776344,22.23251827495264,0.6917379744542053,3552.0945540897683,0.5140243199728236,43419.736880846416
ID-941,Center-3,M,1.0,1.0,0.0,0.0,0,74,86,0,3.1728379382719893,9.17371281509168,12110641.641098794,5.952898504900584,5.57309670400215,3.1849094467347245,20066.53214240598,19.258147620570146,9.736158266888626,2.723414797771608,5.802950809309185,1.3657818452488062,9.3485829743001,1.836516955757326,10.407715204983411,2.99426,-0.2982870969927836,2087.32,2570771.73323044,0.0442784764480148,17.035025672670585,1790.4969735139707,6967596.734893676,-23708.94040458427,1488.082739000799,21.97411698534177,0.926727523856482,4.703202327794795,2.4292034765024746,19.39215650228557,0.3474329245509185,0.4060465953479669,0.997415565862657,0.9552183041348872,-0.2904799166639238,0.993989,0.2999387306204981,28.38357235454585,0.0013519696058122,8.256950379697894,0.864192062667517,0.0369749948413729,81.28959484970324,6.844539531006061,159.197000258092,177.5718698398237,0.0302143313223305,214.5648520932332,38.346,1.09603,3606.8705871096704,0.000408215,0.0131825890088754,5.998302134534877,29950.045264683788,0.8528332433166753,0.9310821825527008,0.1248446267983144,0.8927234523384407,621.0766118261146,0.0199909346132272,352.6344362819902,0.0374957583802816,131.33600532956962,652.3193457260322,3.34623,3921026.9113029568,524.4501334563378,0.0439931751808148,2.18182,0.2548338390792111,0.6774732448193851,1425.29297790202,0.0169544833009128,8.041537552435766,0.5840725652658153,1.09326,0.6799151199382704,0.4081143914067632,18.213268827999137,44.63005517012865,42.82255665353498,59.3940006183247,44.91485877511936,31.214396736978795,64268.75805334834,38.64834901959792,0.7141420094966942,10158.180523006926,0.37671249944655,39295.01711543308,15.242215435914323,54.35757972560006,52432905778.74839,3.748559179547531,18.82016694723585,83.01599189328836,139.63524533849494,74.19908604528452,7.867116449725577,54.82245974536219,-32.3284,532.9554238261318,24.902881216405817,1047.4626007110974,-2.6419756199109683,32427246975.6472,0.2698785457103673,13895.35601003015,1593.3604903211435,222975.6391756076,11368.75910814422,0.664828,14.57382534146268,0.7929236157496334,0.7895701683668492,1.6689848956743678,5.62954431277019,0.6678301225215797,0.8776790387140428,0.9979368076223132,0.9708039440478552,-0.1640125713345438,0.8301764971379461,0.3457782026492183,21.165225804522503,0.0125889,1.41363,0.5205061909252119,0.4314675676476439,18.376873836695243,3.465519850316425,12.342037885948551,4500.188254777607,0.4512308131336101,0.610339,886.7131029627509,7.931460894753155,6610.877250182345,0.00100254,0.012045295034051,5.307209558269962,3334.996864225171,0.4181593491097374,0.7811409590427665,0.649888152115371,0.7086855698784301,17.3286,0.0066358638733146,34.74815750818015,0.1694689453507573,98.96690669736526,548.4861948329477,23011.499240349585,205233887.94200265,5465.22300973215,0.0245274739290479,5.90323,0.4064034832413044,0.6109740421908821,1122.3802568345354,0.0192115914037486,6.6848660188757885,0.0695899156059724,184501.97619949075,0.6369984175557355,0.6152778304654444,20.54557031136932,21.010445842619703,47.135820437701724,13.0384,56.56858154044277,51.67271892349157,32069.620994711608,34.72473045115253,0.7205198471910013,458.685,0.507821498668665,5220.321829414652
ID-949,Center-3,M,1.0,0.0,1.0,0.0,1,67,60,0,7.949544028963607,15.312296070016227,8110.21,6.8484,1.7467200317827902,3.0449691204758254,3327.1161676144075,15.913552059364651,15.483638224785508,2.3831118311857864,8.139508438489496,2.002199486698548,1.9007161849764536,1.8754765396555644,9.042667475867242,19.320854868574383,0.52358635052501,146813.98331529644,12236079.458804524,0.0423478042154795,7.636452393385249,43.7843,339877.1228367917,34184.27843190877,3209.737464229442,16.388547038510396,0.930466532878457,7.243215573992927,3.1770693226270312,0.393348,0.3223213285787026,0.2626629544377061,0.9978709882274568,0.9344944532632528,-0.2909018524204494,0.972811652109291,0.1496131792156269,29.22543054517664,0.0104772210613931,7.765923222187001,0.95999642905774,0.00134553,117.29687549597456,7.78685,442.9300024833184,1025.567654882466,0.00917615,110.2582257606133,806.1859764964897,2.107678369574993,116.083,0.0328599702416926,0.0229807764436172,5.2967199511936585,6845.356561150724,0.9124169982943646,0.957901306576347,0.0402317034887131,0.9609273075597738,1757.8939022107731,0.0010443564842575,87.83474595520384,0.0514218839850068,78.05441414833601,317.22059699222285,7889.474336909673,6485.56,0.00123903,0.0434880000522081,5907.694945316645,0.3057513880556506,0.5649936764440053,2540.8142582322816,0.0212047332755953,7.741215560526409,0.00671548,32655.39020545393,0.7501139653958374,0.864829,23.61327271205736,63.71151904173155,34.3432813066172,52.35887658564049,43.83312422655868,40.829800438187135,16692.79230062459,33.48914883137468,0.7623795608115761,10321.287145844466,0.5879470502596587,33498.43625525921,51.3066,107.81382624463218,1618142437.089901,0.829978,45.6940044183818,89.29662100907943,236.9328295570432,69.8177930008761,4.12072,31.960775675496645,-565.0952741447549,144.178,2.31624,1064.1152819262204,-1.333509651941044,72915504752.43613,0.3275312188479027,67.1971,1688.7291083411396,2101594.1167160524,-5897.836970333094,160.46749428193442,1.988900438020256,0.4947594047517182,0.8238157698726656,1.8760504974946843,19.870085755621822,0.672214044618352,0.7125332948154867,0.999872,0.9878289078126684,-0.1892344361868443,0.6527108992948695,0.2299423402258766,34.47562088644818,0.0125889,4.255808540832866,0.7078203584107191,0.5880734975297275,92.56412605417184,3.085939982251632,10.66128390374173,1697.424526039713,0.1926569030046728,101.41088726122172,875.0805133316248,14.549039894095106,9458.551384537772,0.0711288394869366,0.0139213921589237,4.84392208481048,519.6187171711663,0.3586757655039653,0.7410252836115637,8.194043143087614,0.7723791909819565,565.6420322103136,0.000389061,97.57996022900431,0.1592934949513794,116.75165467809708,1781.0164074910208,460301.5561729599,252952082.81959608,1431.8981108768537,0.036249071680061,5.90323,0.1859959970339847,0.76664888868903,6.83919,0.0270597652025028,6.052188054985642,0.0845432982818701,153391.57443551044,0.8821419523404975,0.6309411813596728,11.90002922795824,42.12293010891755,46.408069321454015,13.0384,44.12038632717966,37.02711951723457,19400.37389392764,27.494896108383426,0.7257930931515187,458.685,0.3948014319154702,571.8810408834761
ID-955,Center-3,M,1.0,1.0,1.0,0.0,1,51,54,0,1.89383,15.165467499489528,5342391.689658352,3.607418866853398,4.450735753837321,2.2104994793251307,558.0,9.616312917868708,9.648070331974742,1.621534245261847,8.862657023303667,3.559917900754272,14.652131243699564,2.329379203334507,15.890219507741556,18.43098962279637,0.4757021713253034,109122.49713770152,8110.21,0.0348551745641409,16.26658873598923,369.25583087968846,2285202.2849955736,-2257.891759573541,3159.5082017970167,83.84606960607817,0.9346971137982836,6.947178341821431,4.0357351740043175,2.398643777553368,0.4057929562415602,0.1638490949031525,0.9977852263703224,0.9542653999324776,-0.2715493905570132,0.9718108496589032,0.2649978870877895,20.551126461091304,0.001454870772218,11.095296926114054,0.9519808500993784,0.0257716874140958,35.413956534497444,5.560917837581578,514.082823469931,265.0741407170157,0.0359737288193392,452.9168024904601,3086.6086304075566,1.346853795136209,3283.961712392194,0.0362605435314326,0.0206784248267729,6.002185588639183,23541.27766869245,0.7861842760728487,0.9655550145427978,0.357465610287494,0.954313327323137,1339.1378739803858,0.0050744887023041,10.75635523592739,0.0458185809677446,466.6800464771813,28.4667,15424.606496190465,6485.56,0.00123903,0.0557207886308681,3856.191005712573,0.1362269815387524,0.4266569382877176,712.8281900329075,0.000418855,5.910594731859415,0.5867416625238983,8015.395578825664,0.3457148732591101,0.538686768580885,23.20259736042653,50.26240255842144,40.67578894172058,51.1220615987891,24.95106388068959,43.00552852723338,34392.372498181285,30.11723510457374,0.733923432224058,6414.670487100091,0.5010957958698108,40014.33829296233,13.435985812414051,33.3375,37102144194.718506,2.1498655205405264,23.52330083850074,97.78324552789152,1056.4307854586682,99.02926244703607,81.9729646792173,42.206577913945154,-61.22969101523897,1605.6197333163166,6.719370664049119,1023.6774642870638,-1.0431317795334532,39860127367.6878,0.4112648581121039,9608.756404627044,777.6905629646137,234947.63334817087,-12109.596377787142,85.00741825010999,0.212363,0.3092897571887698,1.8332729761952489,1.467543251416705,16.076482409260276,0.6667892223643326,0.6405897412027438,0.9949089125144908,0.995225,-0.1886716899898594,0.9175869969238084,0.494728,34.791573506280486,0.2087967287697609,4.383881769606155,0.5511920129521435,0.5445399201431388,37.866042023184654,2.8009062235425533,0.224451,2722.5205557409176,0.2558819622006733,20.144563575033228,522.3169655890221,1.74669,6153.088808020921,0.4003107470949072,0.0035533796943147,4.719455458349141,11429.598375484871,0.3459661969415974,0.6386612650597547,5.584226217205015,0.6643626251370293,17.3286,0.0008031813822208,3.90476,0.1646220553015673,3.11374,1485.7977546561042,214.609,63095.6,3350.4267759628,0.0168333211556197,5.90323,0.317393231803568,0.5978231719275774,331.5715264272917,0.000562722,7.597840955346103,0.0438930267818193,299083.8494715943,0.9577344547132606,0.6967448069448376,28.70214649605081,57.98083880048368,58.66386300410346,47.153477965104585,40.39952285119009,61.73138347555571,24283.61426125657,34.231718259372265,0.6859018924608927,465.3775262571765,0.6634710944511516,34937.09235242923
ID-956,Center-3,M,1.0,1.0,0.0,0.0,1,55,66,0,6.331514766165531,22.03333234143386,6391039.528198681,4.648566699070318,5.265897885128895,2.154823017593921,27060.260196774005,15.07751419524144,7.289050313612821,2.787945091457556,6.32000312088897,1.02709,7.810824623842401,1.5169035395547428,8.2119504445402,12.602534916465766,-0.0005082029192817,510316.1618812955,3279879.2855374645,0.0241014101968311,12.98416498884366,1799.0493508006225,312.508,75690.10231326375,1064.608383750834,39.07456939388975,0.9246670770274774,5.740002798079447,2.990895327884173,5.914576455300378,0.4494139283733533,0.3641709343339062,0.9936332764436214,0.9385436930893196,-0.3231193165029916,0.9795131986325898,0.3600454063175267,16.086896548058164,0.0121438390784534,8.248567852935658,0.9304425934034593,0.0402286332986421,91.34026313899687,6.879758386047918,275.0280924213332,921.6171113319842,0.00917615,205.25258153266,1764.1087978695043,1.09603,3693.536592310794,0.0505844325537743,0.000384061,6.68687930807179,277.587,0.7545537247997711,0.960991656869682,0.2855447043233735,0.979283,26.058,0.0008055785437183,208.0602252982702,0.0380529511722263,134.69029558086106,951.524860322268,38736.98364572791,2095085.58646134,380.8190052963423,0.0367679349229235,2025.2202110565363,0.2547324196614502,0.4549516468216291,1113.4079944496589,0.000418855,7.165685389609997,0.1694955365338566,15474.739593872067,0.7816150462622202,0.4623983271880959,13.680434292318756,38.02299578702901,51.4373232256411,28.81929579107603,32.32658274557747,27.506854426146216,545.25,21.82856062790183,0.843337,463.203,0.6116467810230751,42619.98950028593,21.61515959026088,68.22743253883449,14574920797.010551,2.3416992501611915,53.63750102006247,14.673888558882425,855.7448881022564,46.99058956982717,69.39548799186927,45.08504215972426,-487.121151433771,869.229651138868,9.440827178360044,1064.304538587248,-1.8926311483634024,16597531873.356174,0.2413838058536512,1062.799563700607,26.3153,5.8552,-7269.345884694958,0.664828,0.212363,0.6671535843787808,0.6583574552059064,2.580642386430245,7.162472518858132,0.7545722286548053,0.6549475323177716,0.9986262046970006,0.9890991583853688,-0.1643736081695626,0.8203105089900355,0.3849004493972652,13.59339524909302,0.0854504894225592,2.74861887912676,0.6733138564700724,0.4931372246426151,48.70022512589348,3.868176516591759,0.224451,1307.9166856961049,0.3343322057777787,0.610339,968.8845263254052,15.2358313069067,2331.9516133310176,0.0578804574809323,0.0104942666506072,4.252446086350012,16653.529979965188,0.3659685768176421,0.8347019044286843,2.418338747887831,0.6422630511334356,953.6559879920196,0.0021171382653014,17.75171484150563,0.1349050195449995,3.11374,1647.863278532538,364306.9716449208,931400144.3710043,2679.092955150475,0.0051802869237093,581.085008543757,0.3822559067623901,0.5953814622217006,566.3865789897951,0.0199163989644353,6.850629836366607,0.0769195061050442,587294.059139023,0.87620245142138,0.214725,23.800576921785403,49.81502217401908,49.39243669446566,61.31401149338511,30.6349687339881,82.68159527994568,25532.16392024092,34.47022760185828,0.7897312641386242,5033.757519524744,0.5410684761930367,562.0
ID-967,Center-3,M,0.0,1.0,1.0,0.0,1,68,46,0,6.7186328259807295,9.95174995341832,7354695.861800378,4.933125556028427,4.606404392137677,2.7204185897075406,40470.76114155234,20.84420154158641,12.345281159157452,1.8264198003228584,7.371224935409864,4.3685789134803805,13.4548616699712,2.015495004024248,14.132299865669523,18.12463885574237,0.658546883732029,264870.76651171804,3206591.644401832,0.061572818059847,5.229558241067673,2454.60188376344,7695725.769585091,-13298.949138416636,1397.2076644966232,43.09430951746906,0.9567610198114964,7.40301434946562,2.114761587303952,12.81477067364041,0.4487387318254741,0.2712304762955024,0.9948825167431588,0.9486185933964884,-0.3705648334365745,0.9795676461509704,0.345922081281584,29.215693456396487,0.000347025,10.42791786312057,0.9548020211640532,0.0178047286289473,42.2179217988503,5.396859255748367,63.92941263369244,226.9829351989291,0.0326228660004273,399.8491634189129,1001.5013069934188,1.09603,2144.0513726397267,0.0614834124812795,0.020742330576479,5.983655058361842,32346.04050376892,0.9247718816961892,0.9168245584083302,0.0353675,0.9268161893581268,1402.3352271537574,0.0169315601687111,47.5205241283081,0.0525589782220938,178.20266405504915,2241.0557843208035,28278.86090343229,6485.56,255.1517760522123,0.0337455234158028,2567.590648113991,0.3395797031497931,0.4994753566834163,430.78536529393097,0.000418855,7.369230977879082,0.3519769253238325,36754.42077872288,0.76720841074473,0.5804531694664943,15.33166711917056,37.55904910403055,52.3723285238717,46.99798348416051,33.977091473797145,40.09559527859923,4583.936128505847,44.09451264549703,0.8033621957915836,463.203,0.1946715863176304,558.0,-20.463057772656228,63.2456339731008,2202075224.45438,1.2663409171924018,36.42251396252151,152.77115729304907,795.9598461643793,30.18738900412186,45.63117363753443,38.10490103099843,-214.8276888736155,984.8765017325882,15.451085534132584,1073.9514688845145,-6.23036642182602,34049811515.77688,0.4132716335571059,4587.04274289714,930.275862391615,5.8552,9919.785012135157,173.85005862839662,0.212363,0.457922412874775,0.174711,1.5525327827730078,5.083934804141569,0.917477,0.5032320629821353,0.9967629165418764,0.9764808952806324,-0.1796028175365068,0.7200026408355742,0.4216917751048627,16.01369800452929,0.3520081063095617,5.202718297458542,0.7131389985165532,0.2374908849594912,55.89007390064356,3.6994739445126017,72.83636999555814,6377.552892332229,0.2308980597547052,19.31802678348506,1134.2175682066204,14.310318204093765,9278.880800830317,0.00100254,0.0028706303142871,4.512445350968519,6195.378258101692,0.2828839405820297,0.5290496575335047,3.838410091853784,0.7899422360993786,1521.0946451030863,0.006145513450181,3.90476,0.2207303323201859,82.24336550228142,30.1957,371046.323368939,63095.6,3615.2781213621097,0.0410911724966021,440.0961280614303,0.2761518300726256,0.595055023987311,863.8557042488511,0.0217475504457147,7.060795195037235,0.0201919611744917,190.726,0.981698,0.7359680683691948,27.587761222919987,34.71142019578043,18.740601344411267,18.15455881153853,59.70111210835255,60.14062771368702,24635.723162141137,27.650624693633453,0.644212629138371,1636.2382328171957,0.2490348926985637,41366.76547388543
ID-968,Center-3,M,1.0,1.0,1.0,0.0,1,67,73,0,3.4200339300002325,5.944638449526023,1084710.8796185742,4.6449542682380365,1.6622103592501618,2.588082569889751,33771.145764405104,17.394141399962454,6.238598351370095,3.5077878174100663,9.56923353246724,4.162173596667085,17.743093320374257,0.7143101172805792,9.181057258029147,21.307152157002164,0.1558194424288788,122411.06375377392,5822716.221745796,0.0521727542046178,8.768429906556634,43.7843,725854.5977076369,33412.371233144215,761.8484210402748,25.915979466665725,0.946956985836802,5.356285170746419,2.8946472038005604,20.267630990440285,0.3053142761907193,0.4314343461706541,0.9931987269667728,0.9657873645337176,-0.235993,0.986193155126146,0.4636758558399985,6.41898,0.000347025,9.795612256234032,0.8880995081059654,0.0369423044969381,33.602298277298814,7.716068729703465,261.11374690479266,36.2218,0.0720005419752019,505.7985073764697,714.395256585407,1.9199890726394029,133.22293973540098,0.0778391824449648,0.0100698110491544,7.10604,21112.87918041801,0.8606800788372108,0.8441563177635868,0.0353675,0.9682163411718568,578.4717895566445,0.0150186131812422,224.5056367194183,0.0757215399296251,230.1272734919248,32.07603767597044,27096.873405022943,392476.35261836206,95.20561165403356,0.000476227,1941.5665518254737,0.5184170322412665,0.4495677898003423,600.2320468497533,0.000418855,8.83279,0.154900636700028,8330.401746361305,0.901999561456443,0.8060147708070255,31.67633589293029,45.0638472655185,52.67950945234203,45.26753083680837,28.76554194431996,50.10727201316595,50958.6047794508,33.84265326052897,0.7061877121267325,463.203,0.2283598382936122,48594.12278309766,-62.28381275945532,58.43597635213868,526132000.0,1.6727850961718702,56.795031584322686,102.80662910266172,975.372543018882,67.31659899632713,17.984431246738495,59.02546552260137,-163.8327760450058,523.6581028795695,11.809755496846636,1020.3356638317508,-3.572107412028632,19928000979.862274,0.3611200493372102,6410.339141338324,26.3153,2032534.080074944,-12837.72797196267,0.664828,27.785287493674232,0.8458051990311902,0.174711,3.32606,0.181279,0.8294129607074285,0.8693320115177101,0.9965050642855152,0.994778150624436,-0.1073459570204027,0.6586753968873231,0.2719675065247384,23.16308077014446,0.1860454668439627,4.56784425898695,0.8532152728968126,0.0913839301359157,25.7495465288486,2.6310868726085936,0.224451,2919.880995746371,0.4388054113767748,80.19002255641381,28.9544,12.616197846464525,8869.86216478919,0.0895887347007371,0.002941968979407,4.985022988476417,4450.951275297703,0.4388392807021777,0.4553541021198801,6.875257936969303,0.6767220272434344,1540.0643293067465,0.0121329328595791,143.16310644966936,0.1628676871733978,3.11374,1255.4381747976256,377431.6612387064,63095.6,0.225683,0.0520835470708082,449.942635464356,0.2756735393507984,0.4856288467876032,721.4321366024384,0.0380045916717489,4.06787,0.0654649440040603,607274.5231752859,0.8292219518079548,0.3913740321379778,39.68554043890205,55.73457205148467,30.51290355225541,27.80337518746792,42.658904205232645,13.9284,26700.10925442272,21.146982893125177,0.5913328800876039,5500.488194968712,0.132051,562.0
ID-976,Center-3,M,1.0,1.0,0.0,0.0,1,76,88,0,5.936675253532091,10.210302855195222,2108011.2994834115,6.081659196835115,3.176276673345825,2.602368604519705,558.0,25.369091512753755,11.739371318683729,2.917335371188196,3.9959829067428,2.5439245643289774,13.67187947299564,1.0170343312056371,10.643469972408992,14.291072272368345,0.8226016980394467,206207.1537215998,8339729.51286224,0.033757280290542,10.946693184653764,355.1761674845328,3753717.326747543,23776.63352280266,1710.451592990743,58.781587950350655,0.9266811112236808,2.824009228388502,2.614964996961042,24.007133489889267,0.334589645648098,0.5513967005645283,0.998305,0.926400792413358,-0.2701550823986437,0.993989,0.2982525582130721,28.43492114675979,0.0030356910349195,11.2078427910867,0.9461851975374874,0.00134553,75.73735550789405,6.126520001824316,172.4629019422948,458.8827302256797,0.0239713790445052,62.53487195363948,1233.3359263403115,1.121764266794146,3503.2820578034075,0.0292468874083533,0.000384061,6.280361176899725,32558.8402055936,0.8221755746695094,0.9283461395288148,0.0512394326255139,0.9407612280153054,1459.7132088466788,0.0129556490519426,107.20746972425036,0.0522100429836969,139.23651984212597,1881.6151286406543,27950.51268126176,6485.56,0.00123903,0.0253091663766487,1412.486379225174,0.2382646298634117,0.4751668792524391,2.66496,0.0277422825931677,7.322650508803879,0.666228,1.09326,0.5918074295731071,0.7787249295096734,14.257647217594164,22.02839864061195,58.5532324962581,42.82180895440769,28.50570983581172,59.00849090714351,27799.958325880863,11.476961161020071,0.7861558760140362,6711.57066211706,0.4344319970966858,34318.980538291136,-29.34750551641745,92.34237615603314,27659105883.11812,2.8934958979069605,33.93348273708978,18.464045587717905,526.6566217092799,0.928825565187835,12.331714095197205,65.1334,-558.6763094663453,1039.4037605170206,8.964095206858552,1016.9776802192316,-8.67652201659271,23385582371.61153,0.433115721856647,9897.253981090143,1830.8536053081325,671062.136835156,-11264.62939461446,45.27858064236124,0.5575987666941664,0.7217487119704179,0.4804157608126734,2.1141928066482496,12.600711858957377,0.917477,0.6441895935754184,0.997426085690428,0.9713692904931468,-0.2696982654788206,0.815276869296961,0.3892666328850299,37.58646311497266,0.1688953079436018,4.996222060260212,0.7555511754901318,0.2193882761503564,70.94716837443862,3.438049846688062,86.43670301976434,10292.060742577396,0.1894698437697081,0.610339,1472.993798096014,6.507029895384548,6242.947347732668,0.00100254,0.0134379559472494,3.81137126532296,15630.914544111329,0.3708801411044412,0.4515759169931683,9.01647954690088,0.822307846206186,1663.3022675246882,0.0161228727705668,115.42910320966035,0.2339400075758175,120.02437416967432,2168.693986634915,214.609,101712437.10464662,2558.3305666262504,0.00104556,796.1797385218922,0.3326241957921555,0.4682772445562232,944.2987346954486,0.005922519546854,6.808507733577987,0.0954460154020871,190.726,0.6860565299445781,0.7177610393660919,28.65439474418608,20.85536594191237,63.96346195856841,33.642913705021705,37.92023452070855,69.08881823240256,17980.219769869953,31.607925770188103,0.6543941134483865,4449.892561974155,0.4114798015680847,39964.341933329306
ID-986,Center-3,M,0.0,1.0,2.0,0.0,1,46,67,0,10.37890390480596,13.49478634032333,932215.1605114788,5.492100922376888,8.378199090174265,3.16730574988646,740.33232220235,24.54248271564626,3.8753078969542254,0.703109420672986,9.604794285430938,5.16696545129774,16.176592600535056,1.237944634211714,5.498814943921103,9.871316147498764,-0.2959370494146034,2087.32,6122344.331223979,0.0212680276656717,26.56094299649748,1129.5480696543418,2050584.3152115268,60074.35868461424,587.5446443963007,35.556363903543065,0.892211960528334,2.454775615890738,4.12440385325483,6.57530197599456,0.4027350252853648,0.2408679932845484,0.998305,0.9674363792516568,-0.2806452617355757,0.993989,0.2369823934947663,20.08081788608044,0.0030872560122232,9.83350523272948,0.970319571814724,0.0125718711836069,64.74554805909523,5.886146554677832,457.4354015542552,36.2218,0.0127743657995244,150.54081664470152,1103.8515308489507,1.09603,1726.449536567981,0.0137010629171919,0.0108871103952604,5.93210379784479,277.587,0.947064,0.971112,0.0872487235591937,0.946099427945708,1793.5062544476527,0.0120088196731267,248.6147637907084,0.070896866250822,113.34822751335392,2196.28183149302,3.34623,11020429.155105792,188.3269276692349,0.0356418597449205,2054.616588196096,0.2975814554436168,0.4305749976365131,772.9822072539446,0.0019372896506977,7.702264314540543,0.4452031093731831,19203.94890303899,0.525925844340147,0.5997033717536865,19.21837815136409,27.50982460043588,44.65304614323339,57.26664784095214,23.632735298641936,70.64376507514362,545.25,31.35496631232976,0.5681992199214069,5993.165676087646,0.4226581538632871,5759.376909585295,24.172699917452324,33.3375,526132000.0,1.9509189652933296,39.021176216420976,134.6533555198328,819.2946044794943,16.079523845003546,13.948050622383418,41.953425213128725,-449.5381890110919,1389.136116580207,12.984307772493317,1094.5289301150035,-0.3863330192864967,52339545888.58225,0.3133737981584066,6444.091319876918,2522.5875838128604,5.8552,-342.30414806223075,0.664828,12.009492909432977,0.5462913536228123,2.121688617589723,1.2158050735646897,2.2890306317133224,0.917477,0.6484520794945648,0.998071070482746,0.980630804333396,-0.2114119569716663,0.7044433255930032,0.4162525023881777,43.821372475668966,0.0834598371871998,5.077715835914155,0.920413,0.344749067959692,75.53512227069392,3.587912604119289,63.34176948523323,3158.4547533080186,0.2392805141422439,0.610339,3204.636991435837,6.351223352452665,3596.984774666557,0.2825304430459406,0.000499152,3.8309194641474296,14606.2067546362,0.5051327558554585,0.3032825481974706,0.291681,0.7388261480524035,17.3286,0.0016608100986041,162.66332944159524,0.0718589807725436,3.11374,1211.1097540095775,125849.76071637924,63095.6,0.225683,0.0514940049230889,642.3446714198777,0.1754356740635551,0.6808602224148447,1008.1090892885192,0.0077735998484865,5.02030188788048,0.1224403339285978,344234.5076446602,0.5549220608920976,0.5594143055409722,24.801373536274628,45.76489538856278,46.87547909569279,44.7273504938887,43.89619218546179,47.28427806233044,548.583,35.57162067673661,0.7527431471460192,11446.164101753611,0.4703594911003084,40549.44096153282
ID-990,Center-3,M,1.0,1.0,0.0,0.0,1,62,65,0,4.016292370113462,9.976015412525104,4512830.276602609,5.003555361053248,7.186815891870885,2.3315663247035907,558.0,26.34053269655938,8.293777181132828,4.504684657977038,2.71105,3.4327731663018928,20.2356147235502,0.7409461846517835,2.92476,11.81820693544214,0.1259351628409578,309613.25257523847,5351988.52784801,0.0588686016239269,3.639719742332981,2635.482613953563,5422442.227248496,39894.13704842509,11.2113,18.003465766075344,0.9511563210719975,7.0587311652313165,3.0302555449281154,19.723917647377995,0.3526202084367779,0.1482676027924008,0.9958102920533466,0.9476033753605124,-0.3293069517957636,0.9856980723927532,0.4295278462919174,26.92729783614552,0.0155281237133983,10.702452549417332,0.9415113418404312,0.00134553,53.50473624145167,6.068993993453048,342.7790196379654,36.2218,0.0098767712598233,551.9648944418648,38.346,1.4692116805473712,116.083,0.0040678048332928,0.0057091865056641,6.884730242995337,582.468380471782,0.8697835875081225,0.8641880318944756,0.4018141200116769,0.979283,713.0518069081077,0.0128446678687712,212.5862856014263,0.0590644300193459,139.67960618832575,2306.314206900887,8045.491362496785,6485.56,0.00123903,0.0662287603780496,3899.386397950503,0.3836736540317112,0.774879,1718.5190415835827,0.0135827375662664,6.520153337585606,0.5874472511144546,8506.557771915443,0.8066613996766103,0.6717841637028172,21.428570901486168,39.123719280419145,69.59816439671079,34.1741975309405,53.7852931617948,46.56140570121972,35679.85569096806,26.612713448678583,0.8068613610981274,9255.580185370633,0.4025748315893274,1206.4097559784022,-17.11222520684492,91.10762186358454,21720414308.65001,1.5306427807617589,19.937144223549502,44.355238167456974,642.979379400325,28.262846658334404,73.1714684409007,52.69344453297728,-32.3284,2458.415903417627,3.332265457366532,1017.6476781149196,-1.3087934418321758,43212295874.71864,0.3050974648788873,67.1971,26.3153,1140764.1701123705,3576.1251683392425,74.4819711147439,0.212363,0.6981593451448368,2.0281500918703648,0.8139349255646495,12.123786438149695,0.6998490594233466,0.737377611964331,0.9986941229350234,0.995225,-0.1700784108657177,0.7707428533352456,0.4912660169939509,32.72654509934897,0.3916788904852135,6.0989518916592,0.7845373209244684,0.4823684184320238,12.373479345164288,3.6806624936823296,0.224451,4628.7335932885,0.1417293477143316,82.21891523106744,1585.1480748508675,16.7670684209514,9895.18584779816,0.2028340682369205,0.005703676978837,4.337201157515814,4833.141796835172,0.262631302414487,0.84282,4.879018560003377,0.4349092309587352,2103.5952222574206,0.000389061,79.13386491242863,0.0716830364283978,149.31679455198,1215.4080590843655,601182.9229100033,223414781.8077348,0.225683,0.0214688463572162,5.90323,0.3505429878979373,0.734562374839716,1278.5946959544194,0.0234630020587711,6.212767099430861,0.0323438632308418,144810.75121092566,0.981698,0.264493295802053,25.61261828984885,40.36719074762645,23.23660713672092,62.43389833223296,56.98895001777733,41.93221893263941,31879.11673454519,19.41425955698424,0.8005415402049526,2145.1946921398994,0.6008562246780113,9047.676530325709
ID-997,Center-3,M,1.0,1.0,1.0,0.0,0,57,76,0,5.527488268358027,9.149093165798211,8110.21,5.870275862342201,4.32242804041528,2.306152260052316,24383.34705213744,16.46124091557112,7.987354719911352,3.2865170071395458,11.123112178745137,4.118867050726386,11.403373155828394,0.5101443128289525,10.05984691670929,18.35783141762189,0.4983893941961672,179902.56726060173,5847208.833043435,0.0179939797848409,3.582075489387762,2991.7505277862783,4427115.948467046,-3303.2742812916704,11.2113,46.39449197995183,0.97466,5.22318666752024,3.3690406676813147,21.09993872706682,0.5085722213357917,0.365262901152847,0.9900532384569976,0.950273189244393,-0.2953086362995389,0.954278158577454,0.1896913857574323,6.41898,0.0228653333473233,8.961130471075036,0.977199,0.0037653082870457,61.21318224288055,6.896162361735577,290.2454178695017,51.48309069730466,0.00917615,358.3256156471581,472.024706653612,1.731524723005721,3697.195681088853,0.0432349994507404,0.0123435806124822,5.347133771357067,658.6328587338808,0.881046531798914,0.8508844178195341,0.5695450269251514,0.937974874367706,2235.4544655387585,0.0125119891909767,244.7813429259553,0.0940781035594436,431.293431911665,1097.3933717404202,30678.762682290377,10024000.793788932,278.62122100390263,0.0348370828227374,1736.9874791966083,0.4412473361861284,0.5155301223589639,1704.7200566676634,0.0124174690798231,7.824517933955,0.4955501051362189,1.09326,0.5921111938700315,0.6886200761404077,18.31106911432764,50.02805484583914,35.005837839060646,51.89536984518306,25.47006672881156,62.60234557941715,21365.02984911766,25.42535940490664,0.843337,5557.131854188457,0.476613452854931,2143.078691993949,2.510680238868554,128.28015500211632,27945972236.556007,2.2698497696575406,30.424925761942745,13.580932263798111,789.5858856790118,58.2020632026845,4.12072,34.76912682577606,-1044.231466139283,144.178,16.57687699859096,1029.731540700078,-0.788195145907454,46176979033.10713,0.1525473651990586,5630.561268734899,780.5302970857424,28993.47387516455,-5270.983529895037,105.848236516918,29.28515465010881,0.522000507906257,0.9717352536499484,1.7274650392445918,0.181279,0.83822370312682,0.7761245605363638,0.9968714407914948,0.9783729679314852,-0.1535416063764077,0.720862114611886,0.494728,46.66230341452172,0.052858608384567,6.348679757211195,0.7506388738435772,0.5672716077617848,10.2048,3.173279261634522,0.224451,49.2996,0.3450358965570078,0.610339,1516.1719263227897,8.688651852354026,172.295,0.00100254,0.0012425289972766,4.40508038181897,1780.580314100006,0.4878388508878566,0.4892203235727771,4.613349513650874,0.7254233353490034,960.2995295430504,0.0041534785439009,3.90476,0.1028807166994245,152.6375359468306,30.1957,782187.7577370243,461361564.2643649,350.884237670095,0.0123769555944629,481.6346822765275,0.421040224063153,0.6710775385148521,881.7204751195474,0.019655992383804,6.505635304680581,0.0424404784167473,661324.9475202123,0.981698,0.6816865982199597,24.67367307222137,32.72502055042741,76.86187074114095,38.085653024923865,29.957012236320544,52.483158567415,24153.114582750943,19.17599238231847,0.6628477129547308,2581.352936410346,0.4638165459868357,3933.272491615615
